date,close,high,low,open,volume
2015-01-02,24.21489906311035,24.682231459955254,23.776359040886113,24.671156559828262,212818400
2015-01-05,23.532726287841797,24.064289384302135,23.346680133466553,23.98455483534346,257142000
2015-01-06,23.534934997558594,23.794071364016485,23.173914310644687,23.59695036493737,263188400
2015-01-07,23.86494255065918,23.964609848271913,23.63238326984046,23.743125462650944,160423600
2015-01-08,24.781892776489258,24.83947920152161,24.07535690294467,24.19274507045464,237458000
2015-01-09,24.808467864990234,25.083108045057088,24.409795273125567,24.954646688812712,214798000
2015-01-12,24.197175979614258,24.945792806630894,24.09750865378446,24.939148543547873,198603200
2015-01-13,24.41201400756836,24.983444239302276,24.121869946634853,24.680009963584943,268367600
2015-01-14,24.318986892700195,24.471809973965815,24.03105650747729,24.150658281810262,195826400
2015-01-15,23.65896987915039,24.376579054271453,23.623533244347932,24.363290527444573,240056000
2015-01-16,23.47513198852539,23.827293076803485,23.300159102999938,23.705475976187053,314053200
2015-01-20,24.07978630065918,24.13515740540139,23.588090620181628,23.88487893049971,199599600
2015-01-21,24.263620376586914,24.598060654669688,23.98011888215598,24.13072836459436,194303600
2015-01-22,24.894847869873047,24.910351710886655,24.301269587107605,24.42087137055198,215185600
2015-01-23,25.0233154296875,25.193857723073517,24.702161943737746,24.872705926916115,185859200
2015-01-26,25.049888610839844,25.32895946484357,24.983444295938444,25.191638510380002,222460000
2015-01-27,24.17281150817871,24.912570412240157,24.148448084734664,24.89928019685748,382274800
2015-01-28,25.539369583129883,26.161741992686807,25.539369583129883,26.05321340320937,585908400
2015-01-29,26.334497451782227,26.39872813532269,25.59473862220585,25.763067251836308,337745600
2015-01-30,25.949111938476562,26.57812679485473,25.880450628531435,26.22375210888169,334982000
2015-02-02,26.274703979492188,26.394305804769367,25.709919553774558,26.14624426178783,250956400
2015-02-03,26.27912712097168,26.376579118011072,26.04878311832867,26.245904119570774,207662800
2015-02-04,26.480674743652344,26.691085940867783,26.20381923925721,26.245901816658677,280598800
2015-02-05,26.669677734375,26.734161899810683,26.51624983397766,26.68746512419882,168984800
2015-02-06,26.445106506347656,26.738619769850555,26.338373639409618,26.68747654900368,174826400
2015-02-09,26.62076759338379,26.647449535368576,26.33392484181884,26.36060848026484,155559200
2015-02-10,27.132186889648438,27.16109458407621,26.71860158755748,26.72082395138966,248034000
2015-02-11,27.76813507080078,27.77702961636251,27.238922333336244,27.29895839530153,294247200
2015-02-12,28.11946678161621,28.346273490964776,27.921567774388155,28.030523007292487,297898000
2015-02-13,28.2573184967041,28.30178951797747,27.939345774863444,28.30178951797747,217088800
2015-02-17,28.42409324645996,28.657570397556903,28.221746155981133,28.3484904589152,252609600
2015-02-18,28.621986389160156,28.635327356291665,28.339590144164582,28.379614742019832,179566800
2015-02-19,28.561954498291016,28.690922861865086,28.535272558559186,28.568624983223973,149449600
2015-02-20,28.795425415039062,28.795425415039062,28.473006272373873,28.599748851580394,195793600
2015-02-23,29.573678970336914,29.573678970336914,28.831002433052117,28.911051624628524,283896400
2015-02-24,29.389131546020508,29.707106062803202,29.16677297786456,29.56034859351888,276912400
2015-02-25,28.637556076049805,29.262386449737566,28.495246740191888,29.253490207727708,298846800
2015-02-26,28.999996185302734,29.100056835246285,28.15281081330094,28.637550731789126,365150000
2015-02-27,28.56418228149414,29.033358981619905,28.51526312656748,28.906612973058365,248059200
2015-03-02,28.70426368713379,28.968870897881935,28.528601929913908,28.739841868545096,192386800
2015-03-03,28.76430320739746,28.799881390989704,28.481906888632807,28.67536114133918,151265200
2015-03-04,28.581968307495117,28.80877499266501,28.533052544931437,28.706491953319468,126665200
2015-03-05,28.10834312438965,28.628661280150922,27.963809737857854,28.590860736485048,226068400
2015-03-06,28.150592803955078,28.76652525661798,28.074991709340917,28.550837186219347,291368400
2015-03-09,28.27066421508789,28.81099722348831,27.808158051686863,28.452998147289698,354114000
2015-03-10,27.685863494873047,28.288454960913256,27.5279891281801,28.108345078545167,275426400
2015-03-11,27.181106567382812,27.74367338378652,27.15220056885229,27.739226959574506,275756000
2015-03-12,27.67252540588379,27.772587787665888,27.04547425993589,27.19667816658453,193450800
2015-03-13,27.48128890991211,27.883758988182482,27.256708024223766,27.661400466261505,207309200
2015-03-16,27.783700942993164,27.783700942993164,27.321196435001667,27.54577735550877,143497200
2015-03-17,28.248430252075195,28.31069037432514,27.93935200486218,27.994941642079787,204092400
2015-03-18,28.5664005279541,28.71982845602437,28.09944795575962,28.23953321847968,261083600
2015-03-19,28.350719451904297,28.739846973793178,28.328483932802918,28.628667681824925,183238000
2015-03-20,27.994937896728516,28.55083249807218,27.830393067587416,28.517480077372603,274780400
2015-03-23,28.28622817993164,28.428537502319035,28.13280025254547,28.266216726686977,150838800
2015-03-24,28.170604705810547,28.470786706839743,28.141697009126034,28.29067852409887,131369200
2015-03-25,27.434600830078125,28.199514883696004,27.434600830078125,28.137254753092005,206620800
2015-03-26,27.625822067260742,27.768131384433865,27.261154229947007,27.296732407470724,190291600
2015-03-27,27.405689239501953,27.728108434323467,27.330088152452873,27.69920243570958,158184800
2015-03-30,28.099454879760742,28.10612536584905,27.57246442478671,27.5835830325748,188398800
2015-03-31,27.668075561523438,28.12613365015108,27.652510530253405,28.03718988726754,168362400
2015-04-01,27.62804412841797,27.82149663766878,27.372331509466417,27.75478840786898,162485600
2015-04-02,27.865976333618164,27.919341916192426,27.614711756555614,27.801492143796175,128880400
2015-04-06,28.31735610961914,28.352934285772125,27.645834151109312,27.676964207012766,148776000
2015-04-07,28.01939582824707,28.488570715367082,28.012725344497895,28.381839582458724,140049200
2015-04-08,27.92823028564453,28.106117783496007,27.788145026197608,27.983819916665507,149316800
2015-04-09,28.141695022583008,28.146143143202508,27.7192151726219,27.98382066980979,129936000
2015-04-10,28.26177406311035,28.28623364166175,27.85263510636203,28.006061366912018,160752000
2015-04-13,28.2061767578125,28.588635364311845,28.152811190225506,28.544160947811203,145460400
2015-04-14,28.08388900756836,28.30402352421156,27.997169298088878,28.239539333182478,102098400
2015-04-15,28.19061851501465,28.268443673239815,28.019403166919286,28.10834693194571,115881600
2015-04-16,28.054977416992188,28.261770933185833,28.04163644706391,28.07943699283474,113476000
2015-04-17,27.739229202270508,28.04830745205387,27.674745018986492,27.917116721430638,207828000
2015-04-20,28.37295150756836,28.48857721065811,27.83262014670152,27.92156390871118,188217200
2015-04-21,28.21952247619629,28.506363493308605,28.166155206372657,28.484129675573577,129740400
2015-04-22,28.599760055541992,28.655349701672606,28.088336329017185,28.237316173496495,150618000
2015-04-23,28.83323097229004,28.999999874384436,28.493022683451226,28.528600863532645,183083600
2015-04-24,28.968870162963867,29.04669700871143,28.73539301864322,29.015566948996813,178103600
2015-04-27,29.4958553314209,29.602589860344253,29.162317562609108,29.420254251458086,387816800
2015-04-28,29.031129837036133,29.916115857851434,28.810997058474765,29.89833016079196,475696000
2015-04-29,28.604202270507812,29.26015928080993,28.528601181683193,28.942188199206498,253544400
2015-04-30,27.828170776367188,28.60420158242397,27.701426480269312,28.60420158242397,332781600
2015-05-01,28.67314338684082,28.93552832291123,27.8615357805452,28.03942165877012,234050400
2015-05-04,28.61754608154297,29.033358897210668,28.5197077719741,28.795433608675246,203953200
2015-05-05,27.97270393371582,28.561952684862618,27.968255813068883,28.49524444684628,197085600
2015-05-06,27.79704475402832,28.1839481830708,27.430152781583676,28.141699512749295,288564000
2015-05-07,27.96897315979004,28.152068713553735,27.69209562693978,27.85956113478025,175763600
2015-05-08,28.49593162536621,28.49593162536621,28.158767256911965,28.286040975612977,222201600
2015-05-11,28.205659866333008,28.482535721818746,28.05159103941516,28.44457727863671,168143200
2015-05-12,28.105178833007812,28.330697825742963,27.870726438466505,28.04489029564702,192640000
2015-05-13,28.136436462402344,28.39991557556274,28.10517637300595,28.167696551798738,138776800
2015-05-14,28.792909622192383,28.792909622192383,28.393226674292507,28.44904852443522,180814000
2015-05-15,28.752717971801758,28.913485164093117,28.62767757937407,28.819704869772348,152832000
2015-05-18,29.069786071777344,29.18812811681569,28.661169736097783,28.66563643791863,203531600
2015-05-19,29.042987823486328,29.223850035423112,28.946972489400906,29.181424892950112,178532800
2015-05-20,29.040752410888672,29.246176365558323,28.87998524513075,29.02735571492461,145819600
2015-05-21,29.337718963623047,29.391309143552125,28.98939131181877,29.04298149174785,158921600
2015-05-22,29.594501495361328,29.690516819846707,29.339954073068743,29.384614265161087,182384000
2015-05-26,28.942502975463867,29.677120208049125,28.830859309109393,29.607901680044442,282790400
2015-05-27,29.482866287231445,29.53198978694991,29.038526549453405,29.103278395212143,183332800
2015-05-28,29.424808502197266,29.46276694515732,29.272974730357046,29.442671900136368,122933200
2015-05-29,29.089876174926758,29.351121969971384,29.005025890228723,29.301998479577218,203538000
2015-06-01,29.147933959960938,29.337729601489205,29.038525321021584,29.08988046597465,128451200
2015-06-02,29.018423080444336,29.174723530965508,28.875519324668655,28.99609298447233,134670400
2015-06-03,29.054141998291016,29.237239217254434,29.005018520378577,29.17471904665565,123934000
2015-06-04,28.884450912475586,29.156861744311495,28.783972289246318,28.93357440064891,153800400
2015-06-05,28.72591781616211,28.95813858108162,28.661165980173738,28.915713437081244,142507200
2015-06-08,28.536121368408203,28.85095732045085,28.31953238640107,28.78173538640273,210699200
2015-06-09,28.451278686523438,28.598649180909273,28.04936240860745,28.29051149393801,224301600
2015-06-10,28.777273178100586,28.87998344548777,28.54728578924955,28.562915834749408,156349200
2015-06-11,28.712520599365234,29.0675466815236,28.687958853657094,28.844259323120394,141563600
2015-06-12,28.395456314086914,28.654470498138785,28.38205961613511,28.62321040055288,147544800
2015-06-15,28.339628219604492,28.41108009883974,28.069450748010365,28.156532672592473,175955600
2015-06-16,28.491466522216797,28.547288361681776,28.216824026035603,28.364192796378532,125976400
2015-06-17,28.424484252929688,28.553989639077844,28.299442161288418,28.518264543999997,131672400
2015-06-18,28.553987503051758,28.65000113774058,28.40661872861507,28.408852079248966,141628800
2015-06-19,28.26818084716797,28.540591712541328,28.223524054356492,28.516029965430786,218867600
2015-06-22,28.493696212768555,28.594174829480085,28.37535420087142,28.46690111999015,136157200
2015-06-23,28.364192962646484,28.49370003981576,28.330699518061692,28.464673296400864,121075600
2015-06-24,28.605342864990234,28.982699035849468,28.384288863009008,28.404383907031253,221123600
2015-06-25,28.46914291381836,28.84873080458355,28.46914291381836,28.772813907849564,127752400
2015-06-26,28.301671981811523,28.578547822431265,28.248083494105483,28.507095937640774,176267200
2015-06-29,27.80596923828125,28.239147177225394,27.794805894589647,28.01362651067182,196645600
2015-06-30,28.006938934326172,28.16100778702475,27.87966518317664,28.03819903435955,177482800
2015-07-01,28.26818084716797,28.344099439204413,28.131975414481285,28.33516773993263,120955200
2015-07-02,28.232454299926758,28.288276139840534,28.082850474261843,28.230220949336946,108844000
2015-07-06,28.134204864501953,28.185561702307453,27.877424082568883,27.897520829030935,112241600
2015-07-07,28.06498146057129,28.167693414798702,27.636268547149896,28.109638239436453,187787200
2015-07-08,27.36833381652832,27.830538620225102,27.361635467764923,27.794813525637824,243046400
2015-07-09,26.810110092163086,27.701026076730777,26.620316199206663,27.654135941074284,314380000
2015-07-10,27.52686309814453,27.654136814244254,27.064658370882672,27.22765887920902,245418000
2015-07-13,28.05828857421875,28.08061696799642,27.75908264624676,27.91761645667965,165762000
2015-07-14,28.04712677001953,28.216825648745473,27.919853036861934,28.1431404075628,127072400
2015-07-15,28.317302703857422,28.390987940927992,28.040426856633054,28.07168695050287,134596800
2015-07-16,28.694660186767578,28.70806029162525,28.43564770992104,28.52272965247309,144889600
2015-07-17,28.942502975463867,28.942502975463867,28.649997114750235,28.82192931492253,184658800
2015-07-20,29.489559173583984,29.690516406826855,29.183653216059472,29.243941748870032,235600800
2015-07-21,29.1948184967041,29.679351595599233,29.0988065798831,29.66372325413515,307025600
2015-07-22,27.960041046142578,28.02256122890645,27.238822186865725,27.238822186865725,461802400
2015-07-23,27.946643829345703,28.377586753004575,27.92431373287769,28.17886115997897,203998000
2015-07-24,27.799274444580078,28.076150275307967,27.665302378327695,27.982369999286025,168649200
2015-07-27,27.412988662719727,27.60055093250438,27.267853240365948,27.484440550364504,177822000
2015-07-28,27.5492000579834,27.667543816372877,27.36387280220841,27.5492000579834,134472400
2015-07-29,27.462112426757812,27.57598945941344,27.30134525207867,27.497839222707576,148046800
2015-07-30,27.323671340942383,27.36832812577778,27.176300884600714,27.31250629295996,134513200
2015-07-31,27.084753036499023,27.383957232446935,26.997671116571073,27.375025535076492,171540000
2015-08-03,26.446147918701172,27.368323839136117,26.240722311411144,27.129406500238854,279904000
2015-08-04,25.597658157348633,26.28091680951395,25.287288919695296,26.218396632655303,496554400
2015-08-05,25.767358779907227,26.22286514738283,25.030509893554626,25.220303787449335,397250400
2015-08-06,25.823429107666016,26.13071799542475,25.596889351141915,26.011840324697488,211612000
2015-08-07,25.91090965270996,26.07464798007613,25.68212639758036,25.700070652053586,154681600
2015-08-10,26.852964401245117,26.913524125357984,26.137453032004053,26.137453032004053,219806400
2015-08-11,25.455583572387695,26.507541906594625,25.419696776558233,26.42455101739805,388331200
2015-08-12,25.84810447692871,25.88847819074605,24.589792392756152,25.240257021476328,404870000
2015-08-13,25.82792091369629,26.108293477433204,25.691098965692007,26.027546042176308,194143200
2015-08-14,26.00960350036621,26.08810748113109,25.57222295663443,25.641754809417833,171718000
2015-08-17,26.27875328063965,26.388658816381827,25.906417796532466,26.02753891625681,163538800
2015-08-18,26.13072967529297,26.34157044516852,26.020824081133032,26.115028876127262,138242800
2015-08-19,25.796520233154297,26.135209069986114,25.722501463015533,26.041004295950447,193146000
2015-08-20,25.26717758178711,25.648483611062783,25.038392595214948,25.58792388594571,274006400
2015-08-21,23.721755981445312,25.098945507782958,23.69708306556159,24.769227187571232,513102000
2015-08-24,23.129610061645508,24.403622752777807,20.63541571949694,21.279151586799312,648825200
2015-08-25,23.268680572509766,24.921757912591616,23.21484951655128,24.921757912591616,414406400
2015-08-26,24.60325050354004,24.648109423295963,23.562507821628127,24.020074279164454,387098400
2015-08-27,25.32773780822754,25.399513122615115,24.67727305900723,25.17297330263905,338464400
2015-08-28,25.410728454589844,25.415213663018278,25.018206833650943,25.1595140011359,212657600
2015-08-31,25.291847229003906,25.688854003074386,25.121380241072895,25.128108908407583,224917200
2015-09-01,24.16138458251953,25.09446351743567,24.080637153090667,24.706428875535263,307383600
2015-09-02,25.197641372680664,25.197641372680664,24.4776448587597,24.724374075491905,247555200
2015-09-03,24.75577735900879,25.296334790713942,24.68175858892311,25.231288148328805,212935600
2015-09-04,24.509048461914062,24.7737202433098,24.33858316703833,24.441760070123664,199985200
2015-09-08,25.1909122467041,25.246986756530266,24.744559627640125,25.065305892296124,219374400
2015-09-09,24.70642852783203,25.574460815088862,24.6211941806021,25.516144558967323,340043200
2015-09-10,25.249235153198242,25.408486586892877,24.650359681855335,24.733348877420127,251571200
2015-09-11,25.617082595825195,25.617082595825195,25.06755300397029,25.074281672328418,199662000
2015-09-14,25.863807678222656,26.218199009025287,25.762874239912513,26.148667160912005,233453600
2015-09-15,26.081378936767578,26.137453453474166,25.664184395569876,26.00287495563004,173364800
2015-09-16,26.110536575317383,26.139694705489024,25.892967195070767,26.074648066252323,148694000
2015-09-17,25.55203628540039,26.128482269521882,25.50717735491766,25.94231616788589,256450400
2015-09-18,25.446613311767578,25.6372680249508,25.09222369020749,25.168484206474112,297141200
2015-09-21,25.841381072998047,25.877269586482125,25.493720082728235,25.495961831377105,200888000
2015-09-22,25.43539810180664,25.61035029936734,25.238014731218577,25.430911182697873,201384800
2015-09-23,25.64175033569336,25.731469888596294,25.412967101486103,25.486984149717248,143026800
2015-09-24,25.794269561767578,25.906418559862217,25.20436644784261,25.401748068436333,200878000
2015-09-25,25.729225158691406,26.173335982439163,25.574458980357516,26.117261478551004,224607600
2015-09-28,25.220067977905273,25.69782210773061,25.220067977905273,25.536327271942337,208436000
2015-09-29,24.46194839477539,25.46007589130481,24.192791379564408,25.307553126349635,293461600
2015-09-30,24.74007225036621,25.018201315562724,24.38792442798784,24.710912412608344,265892000
2015-10-01,24.578580856323242,24.58755298372046,24.069423321895563,24.464188371081597,255716400
2015-10-02,24.758018493652344,24.89932736235935,24.123256303717053,24.22643320282759,232079200
2015-10-05,24.84774398803711,24.980080760853248,24.464194430906268,24.64587534974226,208258800
2015-10-06,24.966617584228516,25.06306582262484,24.621198351629094,24.814094828421737,192787200
2015-10-07,24.84774398803711,25.06979863453207,24.540456677043768,25.063069965132033,187062400
2015-10-08,24.56063461303711,24.715400803406812,24.27128994512158,24.715400803406812,247918400
2015-10-09,25.148296356201172,25.184183152026744,24.55839142763354,24.67278390489033,211064400
2015-10-12,25.031658172607422,25.28960123253007,24.99577138000303,25.285116025176293,121868800
2015-10-13,25.074275970458984,25.222311774450123,24.825305030272983,24.856706616309225,132197200
2015-10-14,24.71988868713379,25.01371859456382,24.574094607652142,24.96213099969483,177849600
2015-10-15,25.089977264404297,25.14380831136145,24.782688353476704,24.881380032279928,150694000
2015-10-16,24.906049728393555,25.121375599610698,24.79165727106454,25.07202976659591,156930400
2015-10-19,25.06081771850586,25.065302925807504,24.697454321783546,24.85222049818976,119036800
2015-10-20,25.51838493347168,25.60810448355111,24.856706460244805,24.973340677467405,195871200
2015-10-21,25.51614761352539,25.924370011535668,25.502688566360003,25.569978668411807,167180800
2015-10-22,25.906423568725586,25.906423568725586,25.592405971095445,25.643995273146963,166616400
2015-10-23,26.709415435791016,26.743060489612784,26.092595723673156,26.175584917007193,237467600
2015-10-26,25.857074737548828,26.49632373414479,25.776327315741124,26.485109860218078,265335200
2015-10-27,25.693334579467773,26.13968708548346,25.567726545614473,25.883987522338167,279537600
2015-10-28,26.752023696899414,26.758754074856693,26.032027268696027,26.22716715926366,342205600
2015-10-29,27.034635543823242,27.070524042409595,26.5277216244667,26.624169825345273,204909200
2015-10-30,26.803617477416992,27.18941040444977,26.792401890203436,27.1378210990291,197461200
2015-11-02,27.180438995361328,27.220812714635596,26.82829110940293,27.095206348563828,128813200
2015-11-03,27.492212295532227,27.698566093648566,27.072774320250645,27.092962034880685,182076000
2015-11-04,27.36435890197754,27.77258123681901,27.279126268991515,27.61781505280359,179544400
2015-11-05,27.23821449279785,27.63692237202805,27.0715239466286,27.44770463648238,158210800
2015-11-06,27.26974868774414,27.43869228536737,27.170636279108386,27.281012281685616,132169200
2015-11-09,27.159378051757812,27.43869770715078,27.04224455710382,27.247228602394177,135485600
2015-11-10,26.30340576171875,26.596242181560243,26.14347260640302,26.33269043485336,236511600
2015-11-11,26.154720306396484,26.449807892021965,25.951987655798305,26.21328789847664,180872000
2015-11-12,26.066875457763672,26.31465909867427,26.051107454758,26.188515074628896,130102400
2015-11-13,25.30549430847168,26.033078732806032,25.289726310103216,25.94973261652534,183249600
2015-11-16,25.7199764251709,25.73349136463906,25.003655417441404,25.089252898378675,152426800
2015-11-17,25.609601974487305,25.91595322409796,25.526255832645884,25.88666856201623,110467600
2015-11-18,26.420528411865234,26.465579354077473,26.01731612030753,26.07588372005007,186698800
2015-11-19,26.756160736083984,26.97466139984939,26.301140064054348,26.499366602206727,173183200
2015-11-20,26.873294830322266,27.01295376704762,26.771927643562183,26.85076764309796,137148400
2015-11-23,26.52414894104004,26.9701608641234,26.431792268427206,26.866540595821984,129930000
2015-11-24,26.7786922454834,26.88456386674009,26.382239079760044,26.42954309208214,171212800
2015-11-25,26.58722496032715,26.857535830351882,26.562446420943623,26.85302970396378,85553200
2015-11-27,26.537662506103516,26.672818773030528,26.490358500112393,26.64578717592846,52185600
2015-11-30,26.64803695678711,26.898073613791787,26.52414430022331,26.5782057691861,156721200
2015-12-01,26.431793212890625,26.76292300239936,26.323670252183778,26.749408061956874,139409600
2015-12-02,26.19301986694336,26.60524273261725,26.14796892014572,26.431792978421072,133546400
2015-12-03,25.949743270874023,26.307904693128734,25.72899120307998,26.253843207752347,166278000
2015-12-04,26.812477111816406,26.862034179405825,25.92946558311689,25.970012118546116,231108000
2015-12-07,26.64353370666504,26.9994419961202,26.53766210119315,26.80121544281288,128336800
2015-12-08,26.632272720336914,26.71561713872775,26.323668425837894,26.472337916140933,137238000
2015-12-09,26.044347763061523,26.51063206197819,25.922708156572398,26.499368467113474,185445600
2015-12-10,26.168243408203125,26.341693176169983,26.019573897100837,26.138960462318146,116850800
2015-12-11,25.494718551635742,25.9925388777188,25.4203829465679,25.94748793326861,187544800
2015-12-14,25.337039947509766,25.382090894484865,24.731094914768907,25.26946180846365,257274800
2015-12-15,24.88877296447754,25.40912046906789,24.857236960391255,25.215398319061666,213292400
2015-12-16,25.080244064331055,25.226662219957333,24.508089819376277,25.01942511402226,224954000
2015-12-17,24.54863739013672,25.28523088788774,24.54863739013672,25.233420749936244,179091200
2015-12-18,23.88412094116211,24.670271389359083,23.834563874077595,24.53286550142011,385813200
2015-12-21,24.17696189880371,24.185972432616467,23.780507003960455,24.165698301891865,190362400
2015-12-22,24.15443229675293,24.26480830958003,23.978729495298605,24.19272576997696,131157600
2015-12-23,24.465290069580078,24.519351549372036,24.147675223812477,24.163443227026107,130629600
2015-12-24,24.33462905883789,24.553129661995854,24.316608000754563,24.553129661995854,54281600
2015-12-28,24.06207847595215,24.258053709263866,23.917913379694166,24.235526516624457,106816800
2015-12-29,24.49457550048828,24.650004204080133,24.071090715043937,24.093616190696064,123724800
2015-12-30,24.174705505371094,24.485561145461162,24.143169500662683,24.45853126633016,100855200
2015-12-31,23.710676193237305,24.109382410367616,23.611562045406348,24.104878003004163,163649200
2016-01-04,23.730945587158203,23.735451712532264,22.97633113383233,23.113738741825244,270597600
2016-01-05,23.136268615722656,23.84357919872016,23.06869218950172,23.82105372331318,223164000
2016-01-06,22.683496475219727,23.059678916016708,22.496533504828697,22.65196046967987,273829600
2016-01-07,21.726146697998047,22.555096713640157,21.721642291419773,22.2284731013443,324377600
2016-01-08,21.841028213500977,22.32533353970958,21.795977274655915,22.199189536076883,283192000
2016-01-11,22.194683074951172,22.314069607807568,21.926625352707706,22.29379720120922,198957600
2016-01-12,22.516803741455078,22.681242941827485,22.264514002903095,22.64970693933139,196616800
2016-01-13,21.937891006469727,22.79387266060429,21.917618597967834,22.597897452169544,249758400
2016-01-14,22.417694091796875,22.633943464420273,21.566218416957746,22.06629186880513,252680400
2016-01-15,21.879322052001953,22.00997218287025,21.480615908897953,21.66983191753492,319335600
2016-01-19,21.773456573486328,22.22171987191926,21.51215625892898,22.167658389749423,212350800
2016-01-20,21.802738189697266,22.118099967207257,21.043617548233343,21.42205133752865,289337600
2016-01-21,21.69236183166504,22.04826842385823,21.386010591829923,21.863556798538532,208646000
2016-01-22,22.845678329467773,22.85468886058117,22.15864208825636,22.21720796261881,263202000
2016-01-25,22.39967155456543,22.870460275096484,22.347861422573573,22.868207212335967,207178000
2016-01-26,22.52356719970703,22.72404686256047,22.09107186311873,22.510052257496053,300308000
2016-01-27,21.043621063232422,21.76669969383574,21.02559999440265,21.63379817802954,533478800
2016-01-28,21.19454002380371,21.29140110397176,20.811601828860308,21.12696360512257,222715200
2016-01-29,21.926631927490234,21.926631927490234,21.253110404073695,21.352224560051493,257666000
2016-02-01,21.72164535522461,21.784717367715892,21.48962971559591,21.730655888235283,163774000
2016-02-02,21.28238868713379,21.633790816826192,21.237336030389166,21.494130158792558,149428800
2016-02-03,21.703622817993164,21.81399883237092,21.192287564028874,21.39952465347622,183857200
2016-02-04,21.87801170349121,22.04334319664708,21.558675159051454,21.7104166498697,185886800
2016-02-05,21.2936954498291,21.950489233076475,21.218958199443556,21.859896689195967,185672400
2016-02-08,21.517908096313477,21.674178432256767,21.071741332145493,21.092123743304253,216085600
2016-02-09,21.513378143310547,21.72853561437277,21.27330941163505,21.354842514451022,177324800
2016-02-10,21.35030746459961,21.82138713152791,21.31180620964419,21.724000486229354,169374400
2016-02-11,21.221221923828125,21.45223299889895,20.969828433379384,21.241606067115114,200298800
2016-02-12,21.286897659301758,21.402403176130246,21.0649477791782,21.332194787425067,161405600
2016-02-16,21.887069702148438,21.934630387457513,21.42731468291873,21.520170765310173,196231600
2016-02-17,22.222267150878906,22.242649566362235,21.77610029204698,21.893869391071842,179452800
2016-02-18,21.801008224487305,22.396651175658235,21.762505235441324,22.38532646219024,156084000
2016-02-19,21.751184463500977,21.91425067774679,21.69682963472199,21.742125037386337,141496800
2016-02-22,21.941431045532227,21.9459616233322,21.724009964680704,21.812337224779473,137123200
2016-02-23,21.4454345703125,21.855363635836255,21.41372744523932,21.832715936199516,127770400
2016-02-24,21.7647705078125,21.828184756206117,21.13515514460634,21.284633068313013,145022800
2016-02-25,21.91425323486328,21.91425323486328,21.572267202742797,21.753452290359903,110330800
2016-02-26,21.948226928710938,22.199618703705234,21.873487946137665,22.013904755677466,115964400
2016-02-29,21.89839744567871,22.24717758078485,21.889338019426862,21.9368987113174,140865200
2016-03-01,22.768083572387695,22.82243840662474,22.063729104403325,22.115820377816053,201628400
2016-03-02,22.817903518676758,22.849610640916676,22.566510100982722,22.76354869882384,132678400
2016-03-03,22.98776626586914,23.03532695424258,22.7499610960932,22.779404661211583,147822800
2016-03-04,23.32975959777832,23.497354704142662,22.958331671290157,23.184812198559,184220400
2016-03-07,23.071565628051758,23.28898666744624,22.865467575179874,23.189334709757958,143315600
2016-03-08,22.881328582763672,23.04666013654313,22.738646465215737,22.824708448003626,126247600
2016-03-09,22.901702880859375,23.005883676665537,22.709193123136984,22.944732989793426,108806800
2016-03-10,22.913026809692383,23.155360823111348,22.682017509985283,22.96738336201888,134054400
2016-03-11,23.159896850585938,23.164425700391348,22.987771183525282,23.155366272871404,109632800
2016-03-14,23.218774795532227,23.307103760030373,23.05117974763284,23.080623311768452,100304400
2016-03-15,23.685327529907227,23.821215463816046,23.51999602958046,23.54490901905311,160270800
2016-03-16,24.00013542175293,24.077137951320523,23.68759127068511,23.692121847664875,153214000
2016-03-17,23.961639404296875,24.1133809360807,23.771394871388694,23.89822340805467,137682800
2016-03-18,23.988811492919922,24.120170583094062,23.823481713829104,24.08393287770441,176820800
2016-03-21,23.98655128479004,24.38062688248228,23.81216032706883,23.991080134642278,142010800
2016-03-22,24.169994354248047,24.299088144055386,23.828008384512952,23.83706781003208,129777600
2016-03-23,24.036365509033203,24.24925764929279,23.984275981889954,24.11563503557814,102814000
2016-03-24,23.932193756103516,24.063552859351564,23.755539244519138,23.886898347767186,104532000
2016-03-28,23.823484420776367,24.04996492146888,23.79404084982452,24.00693307340639,77645600
2016-03-29,24.38741683959961,24.412329829288048,23.75327083865382,23.755536127146087,124760400
2016-03-30,24.813203811645508,25.007977186036836,24.595782732119893,24.60710744864161,182404400
2016-03-31,24.68410301208496,24.890201044722406,24.659190025108817,24.849434495844047,103553600
2016-04-01,24.91058349609375,24.912848784343115,24.5051832948904,24.636542366815014,103496000
2016-04-04,25.16651153564453,25.408845579897044,24.97400174550099,25.007974163050374,149424800
2016-04-05,24.869815826416016,25.078179138251425,24.781488595666413,24.801872733174786,106314800
2016-04-06,25.130273818969727,25.134804396192514,24.73166769090215,24.964944036425578,105616400
2016-04-07,24.582191467285156,25.00797414695786,24.487070080535233,24.90152804506245,127207600
2016-04-08,24.609365463256836,24.860757162220555,24.498388803456823,24.665985573310813,94326800
2016-04-11,24.69090461730957,25.05100952930948,24.647874495078657,24.67958162847372,117630000
2016-04-12,25.01250457763672,25.026092853404545,24.609369602707936,24.763374669167092,108929200
2016-04-13,25.3748722076416,25.442815312275144,25.09403690709012,25.09403690709012,133029200
2016-04-14,25.38846206665039,25.4541416147626,25.21407285317995,25.27975240129216,101895600
2016-04-15,24.87888526916504,25.43376359090041,24.851708712088698,25.390731738317168,187756000
2016-04-18,24.34211540222168,24.675040155874022,24.219815772592725,24.661451884106942,243286000
2016-04-19,24.213027954101562,24.459890837790415,24.059021164895416,24.43271255925679,129539600
2016-04-20,24.26285743713379,24.480278528550794,24.02052335033376,24.151882466369837,122444000
2016-04-21,24.00013542175293,24.217556463242936,23.89821817461431,24.217556463242936,126210000
2016-04-22,23.934452056884766,24.11563709314863,23.69438335255742,23.7827105825612,134732400
2016-04-25,23.798566818237305,23.9276606095132,23.669473026961406,23.78044796699292,112126400
2016-04-26,23.63323974609375,23.848397257080617,23.533589501423272,23.533589501423272,224064800
2016-04-27,22.154321670532227,22.355889170290585,21.669653555617863,21.74212724398144,458408400
2016-04-28,21.477148056030273,22.167912603024718,21.34578894016183,22.106763623104847,328970800
2016-04-29,21.23027801513672,21.45222962808324,20.951708014622803,21.286898130612904,274126000
2016-05-02,21.20762825012207,21.307280196590593,20.926792988511885,21.282367209973465,192640400
2016-05-03,21.55640411376953,21.683232582324546,21.216683520504354,21.33445256588997,227325200
2016-05-04,21.33219337463379,21.719474722918175,21.24839498908705,21.560937376849367,164102000
2016-05-05,21.24560546875,21.43472914791066,21.118004788077215,21.418779062826562,143562000
2016-05-06,21.12712860107422,21.29346502698993,20.928890252623656,21.27523759209386,174799600
2016-05-09,21.1430721282959,21.366373347698225,21.097499209131772,21.1909223895964,131745600
2016-05-10,21.286623001098633,21.320802256007195,20.988127767650703,21.26611649121097,134747200
2016-05-11,21.079273223876953,21.320803627490353,21.06787955869815,21.300297116283584,114876400
2016-05-12,20.584810256958008,21.140787557366593,20.386573759971643,21.127116554382336,305258800
2016-05-13,20.625831604003906,20.88787025509507,20.507345483894703,20.507345483894703,177571200
2016-05-16,21.39143943786621,21.507648216408324,20.883313959085207,21.051929425106646,245039200
2016-05-17,21.30257225036621,21.57828188250692,21.19320072507569,21.54410436737179,187667600
2016-05-18,21.546384811401367,21.694493772549624,21.393719427055466,21.455242440014104,168249600
2016-05-19,21.46435546875,21.564614164242855,21.320804668009217,21.564614164242855,121768400
2016-05-20,21.696767807006836,21.744618062384657,21.53726521731853,21.564608965432527,128104000
2016-05-23,21.972482681274414,22.145656317313065,21.799309045235763,21.844881969682415,152074400
2016-05-24,22.307435989379883,22.350728093988742,22.065903839115222,22.152491525191518,140560800
2016-05-25,22.69935417175293,22.726696187300238,22.355285989205374,22.48288669757087,152675200
2016-05-26,22.87936019897461,22.9522751279102,22.476048140151935,22.713022093799868,225324800
2016-05-27,22.86568260192871,22.893026346387384,22.615037695557884,22.65833152301028,145364800
2016-05-31,22.754037857055664,22.877082131035774,22.51706389291943,22.694793931414328,169228800
2016-06-01,22.435033798217773,22.6811223398301,22.405412705375742,22.56263449160384,116693200
2016-06-02,22.266416549682617,22.29375855981205,22.018048947623726,22.23907280112426,160766400
2016-06-03,22.311986923217773,22.391737347275814,22.204892751584605,22.282365833833033,114019600
2016-06-06,22.473770141601562,23.21659221106314,22.227683331115195,22.327940276709967,93170000
2016-06-07,22.564910888671875,22.756313644418277,22.54896080389541,22.615040223234715,89638000
2016-06-08,22.544408798217773,22.685680508647046,22.485164869544324,22.562636228369513,83392400
2016-06-09,22.706188201904297,22.783659558832454,22.435034975797432,22.444149559864716,106405600
2016-06-10,22.51934242248535,22.637828532439826,22.4395919890132,22.45098391469261,126851600
2016-06-13,22.179828643798828,22.585419753465544,22.12514288569783,22.487440161885598,152082000
2016-06-14,22.207172393798828,22.439589907996815,22.04539246135026,22.175272223368346,127727600
2016-06-15,22.134262084960938,22.423644497893772,22.109197411764256,22.289206547254377,117780800
2016-06-16,22.227684020996094,22.27325520327819,21.890451361449387,21.977037303157044,125307200
2016-06-17,21.721834182739258,22.022608481926333,21.714998679780535,22.01577297896761,244032800
2016-06-20,21.66942596435547,22.004379519882672,21.653475877826985,21.874499747171008,137647600
2016-06-21,21.85399055480957,21.95424748420919,21.573722796302224,21.632966712603476,142185600
2016-06-22,21.77196502685547,22.077295769638027,21.726392106599683,21.931465901677825,116876400
2016-06-23,21.89728546142578,21.940579298719243,21.70360534149718,21.86082886562265,128960800
2016-06-24,21.282066345214844,21.569169649500544,21.111171810973445,21.17041573627061,301245600
2016-06-27,20.972183227539062,21.20232175046967,20.849138920381,21.1909280830102,181958400
2016-06-28,21.325359344482422,21.34131117057632,20.994963926386347,21.168137548481333,161779600
2016-06-29,21.509925842285156,21.544105097006888,21.334473145980517,21.41194623924505,146124000
2016-06-30,21.78335189819336,21.82208756760016,21.48713580819995,21.519035975761877,143345600
2016-07-01,21.849437713623047,21.981596582765608,21.721837005998097,21.758293605992687,104106000
2016-07-05,21.644359588623047,21.737782758376927,21.5235944089345,21.735503678072735,110820800
2016-07-06,21.76740264892578,21.79702547596092,21.503086716361018,21.555493391466726,123796400
2016-07-07,21.860830307006836,21.98843100837468,21.7879153721639,21.806142802052754,100558400
2016-07-08,22.02944564819336,22.07729591094634,21.88589485993442,21.986151808280546,115648400
2016-07-11,22.097801208496094,22.250466560475083,22.040836369241642,22.045392791473265,95179600
2016-07-12,22.198060989379883,22.261861339375837,22.12970421656814,22.141096142822185,96670000
2016-07-13,22.072744369506836,22.255030876722028,22.06590712609078,22.195788674552603,103568800
2016-07-14,22.510229110717773,22.555800292868337,22.175275532780702,22.19122562037632,155676000
2016-07-15,22.50794792175293,22.62643576573226,22.444147577346676,22.539848093956056,120548000
2016-07-18,22.74720573425293,22.815562515447628,22.466937889909502,22.489723483641068,145975600
2016-07-19,22.756315231323242,22.78593632270833,22.635548308532545,22.68567764659114,95119600
2016-07-20,22.776826858520508,22.890756565739053,22.726697509195645,22.785941443709515,105104000
2016-07-21,22.65605926513672,23.013798438655886,22.58770075262052,22.747203369015253,130808000
2016-07-22,22.480606079101562,22.62643593553281,22.40085390956624,22.617321352202232,113254800
2016-07-25,22.179828643798828,22.521617674180654,22.084128132514852,22.387181490009677,161531600
2016-07-26,22.02716827392578,22.323386195929274,21.970203422650442,22.061347532376846,224959200
2016-07-27,23.458127975463867,23.777131529941126,23.412556784151196,23.75890235804425,369379200
2016-07-28,23.774845123291016,23.79990979231886,23.42849965611466,23.430778736506912,159479200
2016-07-29,23.745227813720703,23.822700913535343,23.62446261013216,23.74067139063949,110934800
2016-08-01,24.16448974609375,24.18727533810684,23.79080047410553,23.79080047410553,152671600
2016-08-02,23.806751251220703,24.169046868471003,23.697377972592157,24.16449044530824,135266400
2016-08-03,24.10524559020996,24.116637516895125,23.872828033938575,23.88194261834424,120810400
2016-08-04,24.2541561126709,24.283937671156025,24.118989890337996,24.187718714961047,109634800
2016-08-05,24.622995376586914,24.661940892005887,24.32517282231439,24.345790419472735,162213600
2016-08-08,24.826889038085938,24.826889038085938,24.549685824604097,24.63215796233773,112148800
2016-08-09,24.927692413330078,24.957475721883466,24.74441844707523,24.794819355845505,105260800
2016-08-10,24.742128372192383,24.948313124863354,24.687146354095738,24.904784747119802,96034000
2016-08-11,24.726091384887695,24.95518516154825,24.70776346327162,24.861255874150956,109938000
2016-08-12,24.783361434936523,24.842926298107884,24.691723587252874,24.691723587252874,74641600
2016-08-15,25.081180572509766,25.094925636036056,24.760449023407794,24.774194086934088,103472800
2016-08-16,25.058277130126953,25.25300824220447,25.019331606850184,25.11555057536226,135177600
2016-08-17,25.02161979675293,25.055984209017407,24.820016176986197,24.994127917372026,101424000
2016-08-18,24.98954200744629,25.10866996616933,24.975795196475197,25.023906413104605,87938800
2016-08-19,25.053695678710938,25.129297044864174,24.824601900923053,24.918529440935743,101472400
2016-08-22,24.858963012695312,24.99412748465648,24.70776030048799,24.939145474693174,103280800
2016-08-23,24.93685531616211,25.044529662541454,24.863545383200147,24.87729044942843,85030800
2016-08-24,24.748994827270508,24.913942588893782,24.66881237310542,24.872705648487965,94700400
2016-08-25,24.64361000061035,24.71462849049414,24.439716741137445,24.60237306342222,100344800
2016-08-26,24.499286651611328,24.730670085075193,24.354956467736542,24.60696099582057,111065200
2016-08-29,24.47179412841797,24.613832881617334,24.350374721449985,24.425976077887384,99881200
2016-08-30,24.283939361572266,24.398486245353265,24.169392477791263,24.23812130719856,99455600
2016-08-31,24.30684471130371,24.414519045422956,24.201461803910494,24.206044657362554,118649600
2016-09-01,24.4511775970459,24.46721409021607,24.196883385456967,24.316011370743013,106806000
2016-09-02,24.68026351928711,24.742118045348192,24.471787426420356,24.673389240528223,107210000
2016-09-06,24.673398971557617,24.810856635409966,24.629872342661386,24.719218775457332,107521600
2016-09-07,24.824594497680664,24.916232331036756,24.52906340272657,24.703175111318515,169457200
2016-09-08,24.17397117614746,24.574885229446362,24.109825207275087,24.570304123604007,212008000
2016-09-09,23.626440048217773,24.219793825851863,23.626440048217773,23.97237213291147,186228000
2016-09-12,24.155641555786133,24.21978751549921,23.488978014811718,23.516469889480028,181171200
2016-09-13,24.730670928955078,24.923110598072498,24.568014567543866,24.629870862128524,248704800
2016-09-14,25.605806350708008,25.894464950249958,24.879579620064657,24.909362924653756,443554800
2016-09-15,26.47637176513672,26.513027613998688,25.99985621701359,26.084621556621585,359934400
2016-09-16,26.327451705932617,26.604654916585687,26.12584984759761,26.373271501813186,319547600
2016-09-19,26.020471572875977,26.616115042630625,25.944870207093928,26.38931269313128,188092000
2016-09-20,26.018171310424805,26.144173543940205,25.775332548936447,25.899043356066237,138057200
2016-09-21,26.013599395751953,26.11439947032936,25.759305160343047,26.082326480984708,144012800
2016-09-22,26.258726119995117,26.332036049706506,26.116687366496414,26.196869829017217,124296000
2016-09-23,25.82115364074707,26.297669010181558,25.555405827538955,26.212903702359732,209924800
2016-09-26,25.86009979248047,25.97693808498759,25.55540645783113,25.57602405470779,119477600
2016-09-27,25.90821075439453,25.928830100301912,25.736390445834793,25.887593156333715,98429600
2016-09-28,26.105226516723633,26.263301729645175,25.9860985613157,26.04566341294278,118564400
2016-09-29,25.699737548828125,26.07087006177409,25.61268255100721,25.92425019815642,143548000
2016-09-30,25.8990478515625,25.972357778011098,25.61268067827166,25.763881636889035,145516400
2016-10-03,25.777620315551758,25.899041435136354,25.722638321298597,25.8211486744188,86807200
2016-10-04,25.88759422302246,26.187706481695248,25.802828904748836,25.9013392889627,118947200
2016-10-05,25.8990478515625,26.038795171956153,25.81657396582702,25.979230310514634,85812400
2016-10-06,26.091493606567383,26.194585120843946,25.91738182340201,26.04796522381428,115117200
2016-10-07,26.130430221557617,26.244977086281747,26.00442971906894,26.18770365391968,97433600
2016-10-10,26.586328506469727,26.746693420990177,26.281633421034392,26.350360492466095,144944000
2016-10-11,26.64360237121582,27.1911362640301,26.620691599187904,26.96433220544857,256164000
2016-10-12,26.881858825683594,27.028480428464434,26.74669435697869,26.88415025249878,150347200
2016-10-13,26.79938316345215,26.904766061091546,26.51072459731605,26.75585479891876,140769600
2016-10-14,26.948299407958984,27.072010252913373,26.833752523502707,27.00557285018712,142608800
2016-10-17,26.929969787597656,26.996405433972964,26.753566629321565,26.87956888523306,94499600
2016-10-18,26.91164207458496,27.081170953777765,26.907059220964147,27.07429842119308,98214000
2016-10-19,26.83145523071289,26.978075061385127,26.070864203658324,26.861236782996038,80138400
2016-10-20,26.81771469116211,26.89102462364147,26.650477226996685,26.771896638805003,96503200
2016-10-21,26.71232795715332,26.783348200363697,26.63901803514478,26.76043742961082,92770800
2016-10-24,26.952882766723633,26.97350036734531,26.803971464573312,26.826880492324104,94154800
2016-10-25,27.090333938598633,27.11553438906691,26.874985270177547,27.02160511953125,192516000
2016-10-26,26.480941772460938,26.50614222102865,25.95860838005083,26.187702095869042,264536800
2016-10-27,26.226652145385742,26.542800877615743,26.139595405493818,26.435126540073536,138248000
2016-10-28,26.052541732788086,26.393890933552548,25.990685441011692,26.086906145125347,151446800
2016-10-31,26.011306762695312,26.16938202274203,25.93341397229303,26.0365072171331,105677600
2016-11-01,25.541656494140625,26.063989858062815,25.32172674869161,25.99297136934333,175303200
2016-11-02,25.564565658569336,25.738677363470607,25.48209353292795,25.52103904322871,113326800
2016-11-03,25.29054832458496,25.665887700158493,25.22607302147493,25.55535911106137,107730400
2016-11-04,25.062572479248047,25.387253847923535,24.8944764534618,24.991189379817154,123348000
2016-11-07,25.424110412597656,25.447137060209464,25.205352868233966,25.348120894340145,130240000
2016-11-08,25.573776245117188,25.725755232572485,25.260609019591147,25.401073808547093,97016800
2016-11-09,25.532333374023438,25.63365272194597,24.880670700924725,25.30206340643254,236705600
2016-11-10,24.820798873901367,25.580688677849547,24.369469969035215,25.580688677849547,228538000
2016-11-11,24.968172073364258,25.069491418921867,24.535265176853336,24.666518985043695,136575600
2016-11-14,24.341835021972656,24.825401542133175,23.966495654149348,24.802374899615096,204702000
2016-11-15,24.664215087890625,24.795468892325932,24.445459332771897,24.539869101032913,129058000
2016-11-16,25.327394485473633,25.38266054531642,24.546779397604602,24.56980604412884,235362000
2016-11-17,25.318185806274414,25.410294157671302,25.060284530547943,25.285948146808604,110528000
2016-11-18,25.343509674072266,25.454040021063754,25.251403101203,25.265218735769338,113715600
2016-11-21,25.72806739807129,25.787936332055246,25.332002724291176,25.35733256436925,117058400
2016-11-22,25.744184494018555,25.886950757404758,25.65207615055681,25.778723585598748,103862000
2016-11-23,25.612926483154297,25.677401785977857,25.405683183492684,25.64286094323088,109705600
2016-11-25,25.741878509521484,25.7603005275793,25.548450833555098,25.589899495775015,45903600
2016-11-28,25.69121742248535,25.898460722164202,25.64976876254958,25.658979771070893,108776000
2016-11-29,25.66588592529297,25.797139713781903,25.345810866402058,25.509302304216686,114115200
2016-11-30,25.449432373046875,25.836285933053308,25.39186488945556,25.69812432379819,144649200
2016-12-01,25.21225357055664,25.546146015557245,25.106329615983377,25.414892228714276,148347600
2016-12-02,25.30666732788086,25.350417422829416,25.064883182701955,25.13856949489034,106112000
2016-12-05,25.124752044677734,25.336599957307254,24.926719765578795,25.32969214054196,137298000
2016-12-06,25.318185806274414,25.41259734958191,25.143181871123073,25.214565008965838,104782000
2016-12-07,25.56687355041504,25.6037175875377,25.136269846671315,25.159296491462786,119994800
2016-12-08,25.8178768157959,25.889259964073737,25.467865380685794,25.52773608136901,108273200
2016-12-09,26.239255905151367,26.41195834004307,25.861613388067113,25.861613388067113,137610400
2016-12-12,26.089588165283203,26.48104640947774,25.90306829593507,26.0872849736857,105497600
2016-12-13,26.524799346923828,26.69289544716425,26.19321001618473,26.213933470945666,174935200
2016-12-14,26.524799346923828,26.757370759958963,26.476442862327794,26.490258498835086,136127200
2016-12-15,26.66986846923828,26.8794149900372,26.534010027083767,26.568549117922718,186098000
2016-12-16,26.704404830932617,26.82644761625008,26.63071852148697,26.819539799242705,177404400
2016-12-19,26.858692169189453,27.02909147416928,26.65375201347598,26.66526621599408,111117600
2016-12-20,26.930072784423828,27.056721972983006,26.86790066438054,26.881716300652275,85700000
2016-12-21,26.955402374267578,27.03369507833526,26.89092706316505,26.895533446426928,95132800
2016-12-22,26.778093338012695,26.82875300931792,26.628417515561896,26.79190897316127,104343600
2016-12-23,26.831052780151367,26.831052780151367,26.616901664526413,26.616901664526413,56998000
2016-12-27,27.00145149230957,27.12579746076243,26.824142668900457,26.831050485455602,73187600
2016-12-28,26.886322021484375,27.176460916964754,26.757369644450435,27.061325932682575,83623600
2016-12-29,26.87940788269043,26.966909817713006,26.803418389296596,26.814930830925345,60158000
2016-12-30,26.66986846923828,26.987640402700062,26.580063319416027,26.8609929703761,122345200
2017-01-03,26.745859146118164,26.78730781374833,26.425784007070973,26.66526500262077,115127600
2017-01-04,26.715917587280273,26.82875112245921,26.653745476663897,26.676772119232176,84472400
2017-01-05,26.851778030395508,26.909345515795238,26.66756137438828,26.69289120850978,88774400
2017-01-06,27.151126861572266,27.20869434104453,26.819537617629607,26.8909207299928,127007600
2017-01-09,27.39982032775879,27.501139665978368,27.158037939035147,27.160339373579944,134247600
2017-01-10,27.427457809448242,27.489629931843083,27.240939685443166,27.349165101699334,97848400
2017-01-11,27.574825286865234,27.616273946295752,27.310014504771377,27.342252155792867,110354400
2017-01-12,27.459693908691406,27.471208109913796,27.22021292919338,27.379099770596024,108344800
2017-01-13,27.411334991455078,27.544891983763733,27.3583721300843,27.427453817642654,104447600
2017-01-17,27.63239860534668,27.68766291064761,27.222518307125334,27.250149581365502,137759200
2017-01-18,27.63009262084961,27.747530794962067,27.565617311711918,27.63239581241036,94852000
2017-01-19,27.58173179626465,27.653114912024936,27.487322038983635,27.49422985575784,102389200
2017-01-20,27.63239860534668,27.736019397388496,27.57022648148571,27.736019397388496,130391600
2017-01-23,27.65081214904785,27.818908205210384,27.579427279897413,27.63239013398838,88200800
2017-01-24,27.62548828125,27.65542274456876,27.51726111543693,27.52877531653976,92844000
2017-01-25,28.0653018951416,28.115961567076894,27.69687031309449,27.72910796672234,129510400
2017-01-26,28.079113006591797,28.19424796002959,28.00082032470771,28.016939147916204,105350400
2017-01-27,28.081418991088867,28.173527320128414,28.000824861986857,28.12517084266721,82251600
2017-01-30,28.007734298706055,28.007734298706055,27.784373915656673,27.846546031181685,121510000
2017-01-31,27.94326400756836,27.95247501834034,27.77516789223655,27.897210710529123,196804000
2017-02-01,29.647258758544922,30.047929772891518,29.24658950101878,29.25119412743658,447940000
2017-02-02,29.59659767150879,29.794629977612935,29.423895201544966,29.469950247627544,134841600
2017-02-03,29.723247528076172,29.748577364792464,29.51139958174031,29.545938671062146,98029200
2017-02-06,30.001874923706055,30.05023316675811,29.68179978377818,29.734764410368804,107383600
2017-02-07,30.28740692138672,30.416357534095017,30.03871494817471,30.05943840086554,152735200
2017-02-08,30.40484046936035,30.446290884477907,30.216020951008034,30.245957166724025,92016400
2017-02-09,30.624547958374023,30.6314857250858,30.323898461658306,30.446470378731956,113399600
2017-02-10,30.55516242980957,30.744804103372406,30.53897548606873,30.63379632285015,80262000
2017-02-13,30.82576560974121,30.94834111676248,30.700882217831733,30.777201218561515,92141600
2017-02-14,31.22585678100586,31.24204373213722,30.816510771787087,30.867390096271922,132904800
2017-02-15,31.339174270629883,31.514940483144198,31.133345570876376,31.34148921271568,142492400
2017-02-16,31.302169799804688,31.429364557891073,31.184220693315968,31.37617383020724,90338400
2017-02-17,31.38774299621582,31.41318265769598,31.24435773816867,31.24435773816867,88792800
2017-02-21,31.6143798828125,31.625944005042655,31.447866403547273,31.505683485823404,98028800
2017-02-22,31.709213256835938,31.71152467064417,31.477944836475054,31.55194889597499,83347600
2017-02-23,31.57505989074707,31.794764064225188,31.521869171223212,31.771639352154608,83152800
2017-02-24,31.605127334594727,31.605127334594727,31.28597594519853,31.43167610624884,87106400
2017-02-27,31.667560577392578,31.785509646346615,31.517237622650356,31.716128463821924,81029600
2017-02-28,31.681440353393555,31.785510365097114,31.614370581516106,31.702253649959545,93931600
2017-03-01,32.32898712158203,32.41224383275445,31.822512618229407,31.889578858039172,145658400
2017-03-02,32.13704299926758,32.44231530580074,32.090786518358094,32.37756046717631,104844000
2017-03-03,32.326683044433594,32.33824716533462,32.05147319981067,32.095414741910034,84432400
2017-03-06,32.22492980957031,32.324377031281756,32.053793495595706,32.23186757749497,87000000
2017-03-07,32.266544342041016,32.372925751356725,32.09771599385279,32.16015940385218,69785200
2017-03-08,32.146297454833984,32.331312822219466,32.10467084983143,32.1347333327084,74828800
2017-03-09,32.07229232788086,32.097731986936,31.69532732590461,32.086171392808566,88623600
2017-03-10,32.17866897583008,32.229548280748425,32.0630348335382,32.204108628289255,78451200
2017-03-13,32.192562103271484,32.24575284971267,32.10468250673298,32.11162027675244,69686800
2017-03-14,32.143985748291016,32.29662016078054,32.109293382231215,32.215678364390186,61236400
2017-03-15,32.48394775390625,32.551014009818594,32.15323224191797,32.24111532727662,102767200
2017-03-16,32.537139892578125,32.61345886020559,32.43769268183648,32.54407765973749,76928000
2017-03-17,32.3752555847168,32.60883533337657,32.352127339597125,32.60883533337657,175540000
2017-03-20,32.71522903442383,32.72447821761043,32.430766364957286,32.47008156903279,86168000
2017-03-21,32.34055709838867,33.025112795244745,32.31511744511997,32.865537109184174,158119600
2017-03-22,32.70595932006836,32.747589444955736,32.322053133198985,32.342869960079604,103440800
2017-03-23,32.590328216552734,32.742966140564654,32.51863560860373,32.66895859115008,81385200
2017-03-24,32.52558135986328,32.779977962334236,32.45851508950733,32.72447228664738,89582400
2017-03-27,32.58108139038086,32.65971177065704,32.058412739296315,32.23649033017133,94300400
2017-03-28,33.25637435913086,33.311876479489214,32.52093950452232,32.58800927178649,133499200
2017-03-29,33.33039855957031,33.415970261765054,33.11532065510559,33.22863990542014,116760000
2017-03-30,33.28644943237305,33.41827407587476,33.18700574316975,33.346581457356166,84829200
2017-03-31,33.2240104675293,33.36508429564354,33.07368392967407,33.23788600326598,78646800
2017-04-03,33.233253479003906,33.33038574000391,33.082930497929304,33.23556842044681,79942800
2017-04-04,33.480716705322266,33.50846777533685,33.11068597037959,33.129187860014184,79565600
2017-04-05,33.307273864746094,33.64030090445569,33.25870595109031,33.353526836066756,110871600
2017-04-06,33.2240104675293,33.4229013804629,33.17544256357612,33.36970712163922,84596000
2017-04-07,33.150001525878906,33.344266075859544,33.13381457781785,33.240196033289536,66688800
2017-04-10,33.11068344116211,33.274885493579646,33.04824000952453,33.21013064924229,75733600
2017-04-11,32.75453186035156,33.152313635689204,32.391438919949145,33.05749278170043,121517600
2017-04-12,32.793853759765625,32.874795567468055,32.6111497813907,32.74760079409637,81400000
2017-04-13,32.620391845703125,32.927979083886925,32.620391845703125,32.81928270915754,71291600
2017-04-17,32.80078887939453,32.81235300209678,32.5787697216858,32.71984354935364,66328400
2017-04-18,32.65509033203125,32.849354899207185,32.6342770274499,32.70365823826272,58790000
2017-04-19,32.534828186035156,32.84010408690004,32.48163745623287,32.81235301550316,69313600
2017-04-20,32.941856384277344,33.05286417738773,32.6458332500669,32.659708783096434,93278400
2017-04-21,32.90254211425781,32.99735943555886,32.805409851471275,32.94185730189468,69283600
2017-04-24,33.21937942504883,33.29107203548828,33.112994451288344,33.187002003273776,68537200
2017-04-25,33.425209045410156,33.51077719210791,33.27257111167275,33.28182382037621,75486000
2017-04-26,33.22863006591797,33.44140002279601,33.15925239397346,33.41133401237041,80164800
2017-04-27,33.25407028198242,33.33964196027927,33.14306247612717,33.28413629291438,56985200
2017-04-28,33.2216911315918,33.3720176495641,33.13381157392462,33.32344975203475,83441600
2017-05-01,33.89931106567383,34.042696296088565,33.52465751323557,33.55703493716388,134411600
2017-05-02,34.11437225341797,34.24850823815863,33.95942297678811,34.121310017381035,181408800
2017-05-03,34.010318756103516,34.10976596924904,33.36508169256447,33.67035404157906,182788000
2017-05-04,33.88774490356445,34.028818712660346,33.721231439422596,33.88543349087821,93487600
2017-05-05,34.44972610473633,34.45434892975689,33.9409330425496,33.9409330425496,109310800
2017-05-08,35.386375427246094,35.5459511825163,34.46592821419008,34.46592821419008,195009600
2017-05-09,35.613006591796875,35.81883523651143,35.48811973431324,35.58525199631485,156521600
2017-05-10,35.44417953491211,35.60144381901725,35.178222392852916,35.529751208316476,103222800
2017-05-11,35.75071334838867,35.7785825048383,35.36986794901809,35.40237901200923,109020400
2017-05-12,36.25,36.32430949339063,35.91791937475135,35.9248857790242,130108000
2017-05-15,36.1571159362793,36.37772705040875,36.00617242225423,36.229104490458674,104038800
2017-05-16,36.10369110107422,36.240701748573535,35.92952394269511,36.21283613713365,80194000
2017-05-17,34.89149856567383,35.89470341996121,34.766099730608424,35.66944687286726,203070800
2017-05-18,35.423274993896484,35.609053998391495,35.09584344055079,35.128354500579434,134272800
2017-05-19,35.54402542114258,35.75766999729566,35.44417130613762,35.618338426816244,107843200
2017-05-22,35.76001739501953,35.89702810060654,35.509216155409966,35.762338349143555,91865600
2017-05-23,35.715877532958984,35.97132055973454,35.60208705287404,35.97132055973454,79675600
2017-05-24,35.609046936035156,35.80179230492048,35.45345806936752,35.72515834788614,76712000
2017-05-25,35.73213577270508,35.843605313747204,35.537069391041626,35.69962470909451,76942400
2017-05-26,35.6717529296875,35.81805446236694,35.60208536443827,35.76231970147964,87710400
2017-05-30,35.68569564819336,35.86218379154213,35.60674070591421,35.627639918263306,80507600
2017-05-31,35.474369049072266,35.801804189612106,35.38612675631136,35.75536031814212,97804800
2017-06-01,35.57191467285156,35.60675024620759,35.34898259451556,35.56959371867109,65616400
2017-06-02,36.09904861450195,36.09904861450195,35.504558565386986,35.6647929311988,111082800
2017-06-05,35.74606704711914,35.86682393968477,35.636925550951005,35.841279280554346,101326800
2017-06-06,35.866825103759766,36.18264837987697,35.71123619071204,35.73910180396234,106499600
2017-06-07,36.080474853515625,36.2221309800143,35.87379659125762,35.999198955536784,84278400
2017-06-08,35.99223327636719,36.1199530533986,35.8552190543476,36.05260996266278,85003200
2017-06-09,34.59657287597656,36.03867890361753,33.909194952599776,36.03867890361753,259530800
2017-06-12,33.76986312866211,33.92545208992348,33.09409345041489,33.844176178277756,289229200
2017-06-13,34.041561126708984,34.24127300390154,33.70715951434555,34.173929908036584,136661600
2017-06-14,33.709476470947266,34.25287719776067,33.40294054703805,34.25287719776067,126124800
2017-06-15,33.50743103027344,33.55155393551454,33.024410655631954,33.2821781421212,128661600
2017-06-16,33.03834533691406,33.55620129202588,33.02208803682132,33.38900055920638,201444400
2017-06-19,33.98349380493164,34.07638507861162,33.36113821675473,33.36113821675473,130165600
2017-06-20,33.67464065551758,34.10657538102148,33.6583868954916,34.10657538102148,99600400
2017-06-21,33.874359130859375,33.9208065536216,33.58175950203796,33.79308322790719,85063200
2017-06-22,33.81861877441406,34.06709541067822,33.70018283912189,33.851129835517035,76425200
2017-06-23,33.969566345214844,34.17392363602884,33.6978659708955,33.702511421170456,141757600
2017-06-26,33.86273956298828,34.43400582129584,33.76056093637986,34.17623830178447,102769600
2017-06-27,33.37739562988281,33.94169910603165,33.3518509697536,33.67464065132807,99047600
2017-06-28,33.86506271362305,33.93008483596802,33.24502805476496,33.55388490762354,88329600
2017-06-29,33.365787506103516,33.70251357547515,33.04067683488191,33.60498037410866,125997600
2017-06-30,33.44474792480469,33.66303804957136,33.38901314504274,33.54460208550732,92096400
2017-07-03,33.32398986816406,33.741991843491185,33.2311021151761,33.64445863982163,57111200
2017-07-05,33.460994720458984,33.62355003161704,33.142850501232495,33.36810698363725,86278400
2017-07-06,33.145164489746094,33.32397706616657,33.07085502459115,33.212511096714515,96515200
2017-07-07,33.48189926147461,33.61426802813637,33.18465420418292,33.18465420418292,76806800
2017-07-10,33.68625259399414,33.89293082888166,33.29379533435106,33.46564155235199,84362400
2017-07-11,33.7953987121582,33.86971174179813,33.528343791700344,33.609619681498685,79127200
2017-07-12,33.84416961669922,33.94634472494956,33.63052495563669,33.874356186742034,99538000
2017-07-13,34.315582275390625,34.48278306318964,33.774502440352215,33.788435248762035,100797600
2017-07-14,34.61049270629883,34.67783931848978,34.21339360907738,34.36201609435176,80528400
2017-07-17,34.73125076293945,35.04242854839286,34.50135239677059,34.559408112419646,95174000
2017-07-18,34.85200881958008,34.86362067178961,34.52457372184604,34.647651559699575,71475200
2017-07-19,35.070316314697266,35.16320409165923,34.8218360189896,34.9449139180129,83692000
2017-07-20,34.912384033203125,35.2374981643027,34.877552021468006,35.18176340208686,68974800
2017-07-21,34.89612579345703,34.935603249499536,34.573336200225555,34.831103684276535,105010400
2017-07-24,35.318782806396484,35.400062245206634,34.81021404818792,34.96812747527722,85972800
2017-07-25,35.46973419189453,35.72517730746856,35.25144405481644,35.25144405481644,75415600
2017-07-26,35.63692092895508,35.74606241096791,35.54402966078306,35.611376273137715,63124000
2017-07-27,34.963478088378906,35.76000445134357,34.20643273532199,35.704269681568036,129905200
2017-07-28,34.71733474731445,34.88685652682671,34.64534619204657,34.80790156578718,68854800
2017-07-31,34.53852081298828,34.910078976739044,34.399189159162695,34.810221258561505,79383600
2017-08-01,34.84503936767578,34.884516826981724,34.464194035233156,34.62442836875929,141474400
2017-08-02,36.49150466918945,37.09760655177292,36.26392722992396,36.988461510367614,279747200
2017-08-03,36.12691879272461,36.50776421266773,35.99919548713142,36.47060769768784,108389200
2017-08-04,36.317344665527344,36.551888554255555,36.154789319703795,36.2430351689112,82239600
2017-08-07,36.879302978515625,36.90484762872242,36.382346319124174,36.47291307105032,87481200
2017-08-08,37.17424774169922,37.580637876655814,36.753924797637495,36.83055879115649,144823600
2017-08-09,37.401798248291016,37.45056658842457,36.948964561786056,36.983796559425585,104526000
2017-08-10,36.21049118041992,37.30156010599023,36.04962763328621,37.27824520798239,163217200
2017-08-11,36.714073181152344,36.968192857393895,36.385355764156465,36.50891694333438,105028400
2017-08-14,37.2666130065918,37.35054170797339,37.01016320866023,37.14305180141279,88490800
2017-08-15,37.674591064453125,37.81446983217427,37.33421263735661,37.45544374859917,117862000
2017-08-16,37.5230598449707,37.88674970429978,37.33655122144509,37.75386466678621,110686400
2017-08-17,36.802669525146484,37.46710530600799,36.79800583183834,37.422809112969794,111762400
2017-08-18,36.7187385559082,37.185008251856246,36.5368936590769,36.80266724347307,109712400
2017-08-21,36.651119232177734,36.80964917030328,36.16153478588776,36.718726751118496,105474000
2017-08-22,37.25027847290039,37.3015684140581,36.83996250099347,36.88891881741825,86418400
2017-08-23,37.29692077636719,37.41115815945632,37.04047451754638,37.084770718282094,77596400
2017-08-24,37.13138961791992,37.47409814181354,36.96353223652894,37.40182334806708,79275600
2017-08-25,37.26893615722656,37.4321298359122,37.13138745357405,37.21997627494317,101920400
2017-08-28,37.644283294677734,37.76784447658678,37.285253645188696,37.33421352733916,103864000
2017-08-29,37.979984283447266,38.028940590514004,37.30156128383258,37.32487618257661,118067600
2017-08-30,38.08258056640625,38.20847182478453,37.9100594904343,38.18749054128076,109078400
2017-08-31,38.23411178588867,38.355342892488736,38.1128806792886,38.15018310552788,107140400
2017-09-01,38.24576950073242,38.45325935674631,38.14785329919999,38.42062062290216,66364400
2017-09-05,37.78649139404297,38.292393517744884,37.432125477758476,38.175826109776104,117874000
2017-09-06,37.74686050415039,37.99864654293107,37.42280323853875,37.93336907628665,86606800
2017-09-07,37.59532165527344,37.823796351489214,37.38550172981959,37.78882399234343,87714000
2017-09-08,36.982181549072266,37.56967879635614,36.958866641662645,37.50207125663692,114446000
2017-09-11,37.65128707885742,37.779511987810864,37.27593974029716,37.41815217434437,126323200
2017-09-12,37.50208282470703,38.22480248907373,37.0148317028028,37.910068928736756,286856000
2017-09-13,37.219974517822266,37.29224930394388,36.81432218671921,37.27126446546717,179629600
2017-09-14,36.90058517456055,37.16169507812137,36.856288982201704,37.066112489582196,95042800
2017-09-15,37.273590087890625,37.52770614652858,36.83529555933749,36.944869191475775,196458400
2017-09-18,36.99150466918945,37.41814185365583,36.835304753131595,37.32721940826826,113077600
2017-09-19,37.005496978759766,37.2479592360703,36.937889431587216,37.18734189306476,83242400
2017-09-20,36.38534927368164,36.89591148810429,35.863126050647985,36.811982819355215,211805600
2017-09-21,35.760555267333984,36.322411121667834,35.61134910242329,36.322411121667834,150046800
2017-09-22,35.410850524902344,35.499442902004716,35.100780762399374,35.329251908375916,186581600
2017-09-25,35.098453521728516,35.396865854855974,34.774396211971876,34.967898570654704,177549200
2017-09-26,35.7022705078125,35.88411540480355,35.36422568942429,35.38520697199507,146640000
2017-09-27,35.95638656616211,36.070623922187686,35.795522952065745,35.85614028917769,102016800
2017-09-28,35.734901428222656,35.96803622540958,35.59968281897168,35.87711379680086,88022000
2017-09-29,35.93073272705078,35.933066351659704,35.43648811018328,35.71858277155957,105199200
2017-10-02,35.85847473144531,36.00768090988704,35.604358570207296,35.963384714241606,74795200
2017-10-03,36.0146598815918,36.15687223993574,35.88177490658272,35.905086250211006,64921200
2017-10-04,35.78153610229492,35.87012848444186,35.54374111446189,35.816508464521334,80655200
2017-10-05,36.22681427001953,36.23847172079551,35.91441451040859,35.94471961360071,85135200
2017-10-06,36.20585250854492,36.25014871095726,36.03333139319065,36.12891756077976,69630400
2017-10-09,36.33173751831055,36.53922741163713,36.250142447704626,36.32474375675449,65051600
2017-10-10,36.34571838378906,36.83530294716818,36.15921336664957,36.38302081015903,62468000
2017-10-11,36.497257232666016,36.59750349897214,36.31074866289442,36.36203860851548,67622400
2017-10-12,36.36904525756836,36.68843893974554,36.306097837024325,36.45064389743493,64500400
2017-10-13,36.59983444213867,36.66744197058261,36.464615827895976,36.539217115925325,65576800
2017-10-16,37.273590087890625,37.30156512337973,36.75369696268831,36.81198065819359,96486000
2017-10-17,37.41115188598633,37.504404408582516,37.122063374168995,37.25028826075554,75989200
2017-10-18,37.24562454223633,37.467105508625025,37.208325667636494,37.39949440603615,65496800
2017-10-19,36.364376068115234,36.620825848350755,36.14056858477861,36.5438909142801,170336800
2017-10-20,36.42730712890625,36.77700927734375,36.35969961211085,36.51123578682542,95896400
2017-10-23,36.40866470336914,36.763030628659415,36.25246479960394,36.576522059698476,87937200
2017-10-24,36.62548828125,36.70008958734267,36.415664770818275,36.43664605465474,71028800
2017-10-25,36.46461486816406,36.730388397479196,36.19884133884892,36.581182267992716,84828400
2017-10-26,36.697757720947266,36.795673931407954,36.55088162657848,36.65579159797525,68002000
2017-10-27,38.012638092041016,38.1408629713092,36.998500069249204,37.13604877730256,177816800
2017-10-30,38.86824035644531,39.18297380971977,38.16883584459568,38.20846834005119,178803200
2017-10-31,39.409114837646484,39.551327243344396,38.919533770178326,39.14334124177645,144187200
2017-11-01,38.907875061035156,39.618937066593105,38.60946273695764,39.602615919526045,134551200
2017-11-02,39.19227981567383,39.28320221857401,38.53250809930436,38.84024765210723,165573600
2017-11-03,40.21577072143555,40.62608686959729,39.894043417310044,40.56547307553499,237594400
2017-11-06,40.623748779296875,40.79626985390001,40.033917876444164,40.1854541103544,140105200
2017-11-07,40.75429153442383,40.856871409850676,40.47220043435453,40.544471649126756,97446000
2017-11-08,41.08768081665039,41.08768081665039,40.64239246904859,40.7193273843951,97638000
2017-11-09,41.00375747680664,41.05504742704472,40.36496672397675,40.82424265097337,117930400
2017-11-10,40.8680419921875,41.03416430570005,40.77445426945602,40.970990629277786,100582000
2017-11-13,40.70426940917969,40.828274771872465,40.57090313035342,40.59430185054368,67928400
2017-11-14,40.088924407958984,40.58962637830053,40.05148787911344,40.48667770904722,99130000
2017-11-15,39.56013488769531,39.85026254347845,39.396354586101126,39.76837060760995,116632400
2017-11-16,40.032772064208984,40.21292866021531,39.84559299536479,40.05148675796399,94550000
2017-11-17,39.81049346923828,40.10062119394135,39.69116855761888,40.01872923861939,87598000
2017-11-20,39.770721435546875,39.906426176309175,39.67245322399015,39.84325247954274,65049600
2017-11-21,40.51007080078125,40.641095063383005,39.95789457257142,39.95789457257142,100525200
2017-11-22,40.9359016418457,40.945258987322624,40.48901252977826,40.56154356019002,102355600
2017-11-24,40.9382438659668,41.06224923331061,40.86337081466449,40.96866148932631,56106800
2017-11-27,40.73234939575195,40.96398389801827,40.55686968589246,40.956964995235396,82867200
2017-11-28,40.49369812011719,40.91484655268083,40.210589294086674,40.78148383440733,105715200
2017-11-29,39.653724670410156,40.45859198877118,39.110909418349486,40.39074142106722,166665600
2017-11-30,40.208251953125,40.276102536188226,39.41040335529264,39.876007230103156,166108800
2017-12-01,40.02106475830078,40.16612681204002,39.424433156736974,39.76369314346366,159037200
2017-12-04,39.728607177734375,40.38840903284762,39.68883220509846,40.35565296302134,130169600
2017-12-05,39.691165924072266,40.131036155210275,39.40103821861945,39.555461202335145,109400800
2017-12-06,39.54375457763672,39.82218287193415,38.94712659859109,39.190456819322876,114240000
2017-12-07,39.616302490234375,39.878351057626205,39.52037272176273,39.548448333942154,102693200
2017-12-08,39.62800216674805,40.00937926357805,39.49931988488124,39.890054329973715,93420800
2017-12-11,40.40010070800781,40.451575032247945,39.492284702474436,39.588214449480425,141095200
2017-12-12,40.17315673828125,40.334598652789644,40.117005512465504,40.27844385682984,77636800
2017-12-13,40.3065185546875,40.6036616119481,40.24334486253051,40.360331330154146,95273600
2017-12-14,40.29480743408203,40.50772359985313,40.16144118624432,40.336920836467016,81906000
2017-12-15,40.70426940917969,40.751063279416755,40.35097158322487,40.62471947276233,160677200
2017-12-18,41.277496337890625,41.45999490432386,40.91249920502416,40.91717966240892,117684400
2017-12-19,40.83763122558594,41.03650963242742,40.732344127317134,40.9522792397837,109745600
2017-12-20,40.793190002441406,41.043539231567685,40.535818299466435,40.9148533800802,93902400
2017-12-21,40.94760513305664,41.18392009998116,40.73469245958435,40.751068709785024,83799600
2017-12-22,40.94760513305664,41.04353490041919,40.82828021252971,40.870393630311945,65397600
2017-12-26,39.90876770019531,40.119341926636636,39.70052834785274,39.96258047892696,132742000
2017-12-27,39.91577911376953,39.95789252309861,39.70754337064159,39.798792660997805,85992800
2017-12-28,40.02809143066406,40.20825159602638,39.887706237108844,40.00937316684711,65920800
2017-12-29,39.595237731933594,39.913441057833,39.59289928789782,39.89706480929548,103999600
2018-01-02,40.30418014526367,40.31354106279126,39.60226127674198,39.81283907938488,102223600
2018-01-03,40.29716110229492,40.83998007240303,40.23399097485094,40.367353702932206,118071600
2018-01-04,40.48433303833008,40.587281691749936,40.262059483979016,40.369685025177354,89738400
2018-01-05,40.94526290893555,41.031831750925626,40.48901640769327,40.58026570794173,94640000
2018-01-08,40.793190002441406,41.0879946684583,40.69491821029147,40.793190002441406,82271200
2018-01-09,40.78850173950195,40.959300980537996,40.57324707008062,40.83997607024875,86336000
2018-01-10,40.779144287109375,40.78148630152458,40.47732074949381,40.51475727869783,95839600
2018-01-11,41.01076889038086,41.05990476936201,40.825931873561046,40.84932702105531,74670800
2018-01-12,41.434268951416016,41.497442647697724,41.0973473314388,41.22135270960487,101672400
2018-01-16,41.223690032958984,41.97240267540656,41.21199067273534,41.623781733545634,118263600
2018-01-17,41.904563903808594,41.93965842422295,40.961653040468306,41.214340727740655,137547200
2018-01-18,41.94198226928711,42.138522225627405,41.705670917084234,41.967719432013624,124773600
2018-01-19,41.75480651855469,42.01685503172588,41.509134252385074,41.78990102651753,129700400
2018-01-22,41.413211822509766,41.59571043645508,41.3196240713074,41.48340442098347,108434400
2018-01-23,41.42256546020508,41.98410262756551,41.37109470075366,41.48340070616833,130756400
2018-01-24,40.762760162353516,41.48339714467017,40.52410679746099,41.47169778528601,204420400
2018-01-25,40.03509521484375,40.933550117910364,39.89939053102498,40.83060149086561,166116000
2018-01-26,40.12868881225586,40.243336812846245,39.78942883803662,40.243336812846245,156572000
2018-01-29,39.298095703125,39.81283544569889,39.089859933941504,39.81283544569889,202561600
2018-01-30,39.06644821166992,39.16003592639561,38.53532882673834,38.72952672642949,184192800
2018-01-31,39.17409133911133,39.41040631577507,38.95649819798095,39.04306705153036,129915600
2018-02-01,39.2559814453125,39.452517867378766,39.01732803557838,39.11325780235259,188923200
2018-02-02,37.55265808105469,39.026688364620185,37.45907033009402,38.839509292555,346375200
2018-02-05,36.614418029785156,38.343477505754464,36.49977003097488,37.22508740195526,290954000
2018-02-06,38.144615173339844,38.30605710300419,36.031839420220294,36.22603742473362,272975200
2018-02-07,37.328033447265625,38.231168949040736,37.21806947306256,38.15863792407695,206434400
2018-02-08,36.30089569091797,37.66963864747033,36.272820084061365,37.503516309901045,217562000
2018-02-09,36.744911193847656,37.09260194445449,35.295412891463684,36.89996378245455,282690400
2018-02-12,38.22496032714844,38.50217236916736,37.003337488277786,37.23591642711591,243278000
2018-02-13,38.607879638671875,38.70420051241455,37.975925806374015,38.0464045819101,130196800
2018-02-14,39.3197135925293,39.35965073484387,38.26489411950926,38.30247969864652,162579600
2018-02-15,40.6400032043457,40.66349374207075,39.702643640911546,39.888234303148494,204588800
2018-02-16,40.50843811035156,41.06991676593039,40.35338910191299,40.491995093642714,160704400
2018-02-20,40.37218475341797,40.938355795703735,40.271164333497524,40.419169411304395,135722000
2018-02-21,40.18894577026367,40.90546993442809,40.17484714537294,40.60241581622641,149886400
2018-02-22,40.5248908996582,40.86553419317909,40.33930022295099,40.36044278396192,123967600
2018-02-23,41.22965621948242,41.264893808012744,40.76919808272674,40.79973971591884,135249600
2018-02-26,42.04485321044922,42.14352204456397,41.39645647853849,41.42934608991008,152648800
2018-02-27,41.908607482910156,42.39960381939235,41.854575302288154,42.07540715096048,155712400
2018-02-28,41.84518051147461,42.43249779278185,41.82873749164211,42.11299704836271,151128400
2018-03-01,41.11220169067383,42.23515182722027,40.5624736826807,41.943841221891674,195208000
2018-03-02,41.39646530151367,41.41760785946614,40.5131379769265,40.595363815229945,153816000
2018-03-05,41.53977584838867,41.75590816450628,40.99944326574465,41.161543399007854,113605600
2018-03-06,41.50453186035156,41.87571676450101,41.37767292119403,41.79584248485739,95154000
2018-03-07,41.11923599243164,41.311877681943336,40.94069292154387,41.09809344154329,126814000
2018-03-08,41.56795883178711,41.61024394557519,41.128646754391646,41.22496404180873,95096400
2018-03-09,42.282127380371094,42.28682692041123,41.67366778667732,41.80757779258068,128740800
2018-03-12,42.6909065246582,42.848307080513344,42.336168279495034,42.35495927254413,128828400
2018-03-13,42.27979278564453,43.10908442263921,42.108297159232286,42.89530009187744,126774000
2018-03-14,41.920352935791016,42.409001275131494,41.77234785465769,42.362016616189074,117473600
2018-03-15,41.96967697143555,42.34321335751653,41.83342256383751,41.93443938062553,90975200
2018-03-16,41.82168197631836,42.080099379873786,41.727709078453145,41.969683465319356,157618800
2018-03-19,41.18267822265625,41.692469065666344,40.79739832548874,41.65723147144648,133787200
2018-03-20,41.16858673095703,41.53507208120745,41.09810795174742,41.16858673095703,78597600
2018-03-21,40.23591995239258,41.13333859622522,40.23356838983998,41.1215915375593,148219600
2018-03-22,39.66740036010742,40.56716704796147,39.60866864715772,39.937564805796335,165963200
2018-03-23,38.74884033203125,39.91877519588673,38.74884033203125,39.55933735467391,164115200
2018-03-26,40.588314056396484,40.6658403493108,39.10122662256602,39.48415854628537,150164800
2018-03-27,39.54758071899414,41.14743181798112,39.213985058848884,40.802089099688025,163690400
2018-03-28,39.11062240600586,39.94226549266874,38.80756833575712,39.291517090797406,166674000
2018-03-29,39.41603088378906,40.34869086628051,39.20929408624951,39.42307840327794,153594000
2018-04-02,39.1576042175293,39.688541173485575,38.63841790528605,39.148208721137635,150347200
2018-04-03,39.55934143066406,39.64391525993994,38.734749283749345,39.383146251731,121112000
2018-04-04,40.31580352783203,40.40977284946621,38.70890446886859,38.73474657002297,138422000
2018-04-05,40.595367431640625,40.93131116470009,40.426219783553385,40.54368322890842,107732800
2018-04-06,39.55698776245117,40.52018578459094,39.514699061545755,40.16544749918795,140021200
2018-04-09,39.949317932128906,40.66349409278615,39.902333271573795,39.90938079142207,116070800
2018-04-10,40.701080322265625,40.877275475175864,40.29700581814884,40.64234860462888,113634400
2018-04-11,40.51079177856445,40.858482557401416,40.336944596796116,40.46145555647489,89726400
2018-04-12,40.9101676940918,41.11220495899255,40.65174668618393,40.73867207140737,91557200
2018-04-13,41.04876708984375,41.30953603414656,40.842033901488705,41.06051414916714,100497200
2018-04-16,41.30484390258789,41.391765697170506,41.07226501136739,41.119249668312065,86313600
2018-04-17,41.87336349487305,42.03781157474124,41.44344692448237,41.462241502852926,106421600
2018-04-18,41.77939224243164,42.00962314798059,41.55386446253399,41.772344723353555,83018000
2018-04-19,40.595367431640625,41.203827218251746,40.56247781032921,40.82089523929037,139235200
2018-04-20,38.93207550048828,40.22417309688834,38.86394471070118,40.07851960585239,261964400
2018-04-23,38.81932067871094,39.21399613411533,38.549152603802106,39.1928535742972,146062000
2018-04-24,38.27898406982422,39.075386001140814,37.87490957405361,38.92033340945452,134768000
2018-04-25,38.445770263671875,38.86159171287886,38.15446331922963,38.20379594092452,113528400
2018-04-26,38.579689025878906,38.93442729205529,38.37999976208661,38.55619490612709,111852000
2018-04-27,38.133323669433594,38.60552529366012,37.73629676460138,38.527999011826125,142623200
2018-04-30,38.82400894165039,39.29386262956207,38.02055956548532,38.08869035766404,169709600
2018-05-01,39.726131439208984,39.7496219731945,38.8263611810119,39.09417764440143,214277600
2018-05-02,41.481040954589844,41.758252952550066,40.830292492766674,41.16623621077268,266157600
2018-05-03,41.556209564208984,41.69951508337644,40.980639509575454,41.31893474070514,136272800
2018-05-04,43.18660354614258,43.28527239361948,41.85691670617901,41.875711284464984,224805200
2018-05-07,43.49906539916992,44.08873062408348,43.40274451042906,43.503761356157284,169805600
2018-05-08,43.7081413269043,43.748078461393405,43.149014274658285,43.45911943850207,113611200
2018-05-09,44.015899658203125,44.02529515598114,43.51315628663752,43.82560946207637,92844800
2018-05-10,44.6454963684082,44.72302265798103,44.08402134819816,44.10516748877199,111957200
2018-05-11,44.47570037841797,44.82237483155684,44.20685116971051,44.68795202646433,104848800
2018-05-14,44.3719367980957,44.69738719101418,44.30354687419681,44.57475313594708,83115200
2018-05-15,43.968658447265625,44.117234231162634,43.652643426187645,44.048840718550096,94780800
2018-05-16,44.37900924682617,44.44504573353636,43.864895531861826,43.881405553170005,76732400
2018-05-17,44.09835433959961,44.55115265554291,43.94977859896218,44.33654405207132,69176000
2018-05-18,43.93801498413086,44.29176423720285,43.8955668010535,44.145549030793944,73190800
2018-05-21,44.249305725097656,44.63607134090016,44.079505835377276,44.33656270229301,73603200
2018-05-22,44.138458251953125,44.54409086890035,44.0488406556325,44.426174494172024,60962800
2018-05-23,44.42145538330078,44.45447182320738,43.808288815295995,43.94743286781569,80233600
2018-05-24,44.3719367980957,44.53466199455494,43.91442422063814,44.518155570933565,92936000
2018-05-25,44.47334671020508,44.72568591712509,44.254020350486186,44.39080379663419,69844000
2018-05-29,44.3129768371582,44.51343613465707,44.07006936758996,44.24222988370924,90056400
2018-05-30,44.2186279296875,44.336544270833336,44.04882811055581,44.27051140767336,74762000
2018-05-31,44.070072174072266,44.39080491138191,43.897915245512195,44.15261508971598,109931200
2018-06-01,44.86482238769531,44.86953645162613,44.277597561320896,44.33419871518947,93770000
2018-06-04,45.23979187011719,45.614765037577044,45.12659317019987,45.19498307680026,105064800
2018-06-05,45.58883285522461,45.73740865401023,45.36479244017438,45.532235292656786,86264000
2018-06-06,45.74683380126953,45.77041851462867,45.2610189336562,45.66429450155658,83734400
2018-06-07,45.624202728271484,45.79871665000415,45.360067616734455,45.784567261595775,85388800
2018-06-08,45.209144592285156,45.27989514815871,44.753989040222194,45.08415350293508,106627200
2018-06-11,45.098297119140625,45.27281465481039,44.85775029790672,45.12659949697931,73234000
2018-06-12,45.34591293334961,45.423738159030144,45.0794208210364,45.13602196658267,67644400
2018-06-13,44.973304748535156,45.48742201526099,44.91198952894419,45.37893736680692,86553600
2018-06-14,44.99689483642578,45.17848708337205,44.86011139313714,45.17376942021792,86440400
2018-06-15,44.53466033935547,44.84596132945059,44.39787689811876,44.81530191719264,246876800
2018-06-18,44.511077880859375,44.62427660179374,44.147893403349705,44.308261556652305,73939600
2018-06-19,43.79178237915039,43.942715189887565,43.263515742309266,43.66207365151953,134314000
2018-06-20,43.98280715942383,44.147889362033595,43.80121493729202,43.947433686908205,82514800
2018-06-21,43.73755645751953,44.41911316457801,43.61492238331721,44.15969562271218,102847600
2018-06-22,43.610198974609375,43.90027229792236,43.558315473070756,43.89319760212371,108801600
2018-06-25,42.96165084838867,43.610190899003925,42.62205111884842,43.251724117986754,126652400
2018-06-26,43.49463653564453,43.989886797653796,43.04891273924521,43.15504036576329,98276800
2018-06-27,43.43095779418945,44.1667547835361,43.40029838679268,43.6832969520397,101141200
2018-06-28,43.746986389160156,43.91442926812382,43.346071330635276,43.41682189355687,69460800
2018-06-29,43.65501022338867,44.14554288450888,43.136178777490194,43.93329120310292,90950800
2018-07-02,44.143165588378906,44.171467960995365,43.25643588103166,43.350771125550494,70925200
2018-07-03,43.374359130859375,44.32476482948047,43.28474153395483,44.287030725676225,55819200
2018-07-05,43.72339630126953,43.96158971391458,43.45926473721124,43.690379855762245,66416800
2018-07-06,44.32948303222656,44.43796408383284,43.676225296429266,43.72810879016174,69940800
2018-07-09,44.94501876831055,44.968599890934726,44.64315304994461,44.69031889371619,79026400
2018-07-10,44.890769958496094,45.11009271096756,44.8506752202268,44.97566990105466,63756400
2018-07-11,44.30825424194336,44.756334987289726,44.24457839757625,44.45446938228382,75326000
2018-07-12,45.0511360168457,45.14075362545193,44.64550334429064,44.69738684416554,72164400
2018-07-13,45.12187576293945,45.242149157373184,45.02046581983031,45.062917581615146,50055600
2018-07-16,45.02284240722656,45.43318919162573,44.90728303540629,45.16670056458525,60172400
2018-07-17,45.150177001953125,45.249226320159714,44.619553341082245,44.749262066777305,62138000
2018-07-18,44.90255355834961,45.232721563034644,44.79171187945447,45.22800390051171,65573600
2018-07-19,45.251590728759766,45.40959824469999,44.735116413293575,44.735116413293575,81147200
2018-07-20,45.14781951904297,45.38129162443984,44.84831093697936,45.228001785572765,82704800
2018-07-23,45.18791580200195,45.27045870835064,44.70445791879335,44.96858946147332,63957600
2018-07-24,45.51572799682617,45.671378500253525,45.29168756835982,45.38601924397004,74791600
2018-07-25,45.9449462890625,45.95202098494442,45.38130246130209,45.52987827186808,66839600
2018-07-26,45.801082611083984,46.21378994746489,45.65958151348729,45.89541427713352,76304000
2018-07-27,45.039344787597656,46.03220240716992,44.83181438141604,45.98503656933422,96096000
2018-07-30,44.786991119384766,45.32704644554842,44.5888925053046,45.25629591237076,84118000
2018-07-31,44.87661361694336,45.31290565554583,44.65257321814302,44.87897424756083,157492000
2018-08-01,47.52029800415039,47.58161322223618,46.532158229193854,46.96137555136066,271742800
2018-08-02,48.909358978271484,49.142834720583664,47.24909782850807,47.30333835907744,249616000
2018-08-03,49.050872802734375,49.227747429545516,48.45893008195138,48.824471697065775,133789600
2018-08-06,49.30556106567383,49.348009238803435,48.83389550544632,49.05321826366124,101701600
2018-08-07,48.843318939208984,49.40695904402814,48.76077604077673,49.364510878106664,102349600
2018-08-08,48.876338958740234,49.00840472708714,48.23251653878795,48.59334036963655,90102000
2018-08-09,49.2607421875,49.472990206787024,48.86454132670314,49.41403202381597,93970400
2018-08-10,49.114017486572266,49.485575177649636,48.91048987483557,49.07378574614256,98444800
2018-08-13,49.43113327026367,49.92338610751572,49.154241726398546,49.535264164259196,103563600
2018-08-14,49.63941955566406,49.83111351823903,49.28679496536411,49.73645099214943,82992000
2018-08-15,49.755367279052734,49.8736972019481,49.30334610691821,49.51397322522625,115230400
2018-08-16,50.48427963256836,50.60024064494456,50.04645747690956,50.11272194430814,114001600
2018-08-17,51.4924430847168,51.5800060608776,50.446407133647675,50.51267159308972,141708000
2018-08-20,50.9907341003418,51.87110544133441,50.90790170638591,51.615515974972475,121150800
2018-08-21,50.89133834838867,51.4001592504967,50.65231317269027,51.30786204293562,104639200
2018-08-22,50.89370346069336,51.203727298569135,50.60734344206001,50.66887731660461,76072400
2018-08-23,50.997833251953125,51.36702204650788,50.78720612628316,50.799036230072055,75532800
2018-08-24,51.15639114379883,51.33151711174363,50.90789759315165,51.26052204968089,73905600
2018-08-27,51.57765197753906,51.766980593315445,51.19662944732842,51.39068866042055,82100400
2018-08-28,51.99416732788086,52.192960731402756,51.809572937304424,51.83087145672263,91107200
2018-08-29,52.77040481567383,52.89110363309091,51.92553114946539,52.100657102357275,109019200
2018-08-30,53.25556182861328,54.019972076612355,52.63314531345547,52.83430761557534,195175200
2018-08-31,53.870872497558594,54.16432834424551,53.485115860345516,53.6058110607272,173360400
2018-09-04,54.04364776611328,54.23770698067207,53.634227204341904,54.05548148177805,109560400
2018-09-05,53.691017150878906,54.353665430113836,53.272131830936814,54.19273847104645,133332000
2018-09-06,52.7988166809082,53.80462109487018,52.37282820688396,53.539559593731255,137160000
2018-09-07,52.37283706665039,53.336040990581004,52.23320859106,52.50300073505819,150479200
2018-09-10,51.66994857788086,52.502992310884245,51.22976108607632,52.28999626644421,158066000
2018-09-11,52.97630310058594,53.08279929926548,51.251050959636466,51.59420698255603,142996000
2018-09-12,52.31839370727539,53.248465165484035,52.02729949768136,53.23426615255607,197114800
2018-09-13,53.582157135009766,54.041277818620834,52.67338418396215,52.89821031768042,166825600
2018-09-14,52.973941802978516,53.68392137771475,52.66155266788886,53.42596299890154,127997200
2018-09-17,51.563453674316406,52.76331733842613,51.41909100904988,52.57398872003908,148780400
2018-09-18,51.64863967895508,52.502981761395574,51.38357822876502,51.54213987256272,126286800
2018-09-19,51.67941665649414,51.97524150544351,50.95287270526893,51.710183596350696,108495200
2018-09-20,52.072265625,52.60475027848478,51.8640038049603,52.12196578156135,106435200
2018-09-21,51.51137924194336,52.38701988693208,51.4238126496448,52.24975675278797,384986800
2018-09-24,52.25212860107422,52.36335902352826,51.267626333584346,51.31259228450954,110773600
2018-09-25,52.58345031738281,52.73254717183654,51.99416601700422,52.00599973120798,98217600
2018-09-26,52.16456985473633,52.952647681500984,52.00837346864391,52.30183301725907,95938800
2018-09-27,53.23663330078125,53.589257782363156,52.902942040808725,52.969210122012925,120724800
2018-09-28,53.42359924316406,53.44726306298628,53.01654398633508,53.19876948242372,91717600
2018-10-01,53.7833251953125,54.2945114233787,53.567967440306184,53.94662109687337,94403200
2018-10-02,54.2613639831543,54.43175934477716,53.6342168960301,53.780944830872215,99152800
2018-10-03,54.921653747558594,55.25297609687015,54.37970066265418,54.44359983400097,114619200
2018-10-04,53.956077575683594,54.9879146101768,53.65788386972213,54.616356932476414,128168000
2018-10-05,53.08043670654297,54.05547775401999,52.202430676368174,53.948981542667234,134322000
2018-10-08,52.95737075805664,53.201130092168086,52.11249343818389,52.5881820039128,118655600
2018-10-09,53.691017150878906,53.78568325427967,52.597649837383955,52.92660687302358,107564000
2018-10-10,51.2037239074707,53.56795704512589,51.13035993373505,53.35732992876048,167962400
2018-10-11,50.751705169677734,51.946838159353845,50.247622134232415,50.76827309287209,212497600
2018-10-12,52.56452178955078,52.74675089335789,51.31732331289701,52.16456604729884,161351600
2018-10-15,51.44038009643555,52.49824981109706,51.41908157869824,52.33968816048203,123164000
2018-10-16,52.573997497558594,52.77279456618393,51.29840072866891,51.81195229940178,116736000
2018-10-17,52.34679412841797,52.68995019740248,51.90897195034415,52.6094867130337,91541600
2018-10-18,51.12327194213867,52.003647047544305,50.40855804234303,51.558725285783076,130325200
2018-10-19,51.90186309814453,52.363349012038746,51.456941493394126,51.60603833139924,132314800
2018-10-22,52.218994140625,52.8603439191293,51.81430782182485,52.015466526416446,115168400
2018-10-23,52.71124267578125,52.834306797919794,50.810864538749705,51.078291300952,155071200
2018-10-24,50.903160095214844,53.066230717386226,50.77299647127529,52.68047766425556,163702000
2018-10-25,52.017845153808594,52.39176821772767,51.29603175862123,51.52322684458672,119423200
2018-10-26,51.18951416015625,52.11012061429375,50.330437952442544,51.09484807587903,189033600
2018-10-29,50.22869110107422,51.99180637497226,48.77323076308927,51.873476442346316,183742000
2018-10-30,50.479549407958984,50.92446749400943,49.52581045070183,49.970728536752276,146640000
2018-10-31,51.795372009277344,52.17166028299006,51.26525267501024,51.326786543689,153435600
2018-11-01,52.59054946899414,52.62368170185567,51.3102188792331,51.84033821616022,233292800
2018-11-02,49.1021842956543,50.562375125777734,48.61703088459364,49.59207191479913,365314800
2018-11-05,47.70824432373047,48.370892431906185,46.89886830708888,48.34959391831759,264654800
2018-11-06,48.224185943603516,48.44901211289893,47.731932947771526,47.78636371038881,127531600
2018-11-07,49.68673324584961,49.71276597298876,48.30937483931791,48.7448280831522,133697600
2018-11-08,49.51337814331055,49.90047723917868,49.100151860589314,49.86722939737878,101450400
2018-11-09,48.55870056152344,48.924426938995126,48.03148202638986,48.81518554810822,137463200
2018-11-12,46.11258316040039,47.461503388574435,46.02233746371556,47.2596391587509,204542000
2018-11-13,45.651859283447266,46.82741236651,45.46662079150977,45.509370087049234,187531600
2018-11-14,44.36231994628906,46.186207990732846,44.155704967567836,46.048465879499844,243204000
2018-11-15,45.457122802734375,45.59011416840596,44.38606035126789,44.739915225013526,185915200
2018-11-16,45.96059036254883,46.30257022483374,44.99402580264635,45.24100924555052,147713200
2018-11-19,44.13907241821289,45.28850181754832,43.93246111209579,45.122262627353955,167701200
2018-11-20,42.03020477294922,43.09651653057792,41.68110061533722,42.36030964576851,271300800
2018-11-21,41.982696533203125,42.81152243279849,41.9280758696672,42.683278202549936,124496800
2018-11-23,40.9163932800293,41.93995928124868,40.87127405903531,41.545732307356154,94496000
2018-11-26,41.46974182128906,41.54811251832869,40.434304272853666,41.37949974109404,179994000
2018-11-27,41.37949752807617,41.505364622235895,40.58154566531735,40.73115914826122,165549600
2018-11-28,42.970638275146484,43.05375604780833,41.54334772477524,41.97082246218877,184250000
2018-11-29,42.64054870605469,43.41237705993519,42.20119880896381,43.37912921425623,167080000
2018-11-30,42.41018295288086,42.82578279276526,42.042079512806076,42.81628133855752,158126000
2018-12-03,43.89208984375,43.92058695583574,43.034766692325256,43.80659488375015,163210000
2018-12-04,41.96133041381836,43.31499758229476,41.86158689864037,42.97301774526017,165377200
2018-12-06,41.493492126464844,41.50774068534604,40.47230312963953,40.790533023797565,172393600
2018-12-07,40.01395034790039,41.438863958560475,39.96882750376399,41.2013783567838,169126400
2018-12-10,40.277565002441406,40.39393064398245,38.78852906163199,39.18512963582418,248104000
2018-12-11,40.04719924926758,40.79765101673973,39.6600965485078,40.766780351835095,189126800
2018-12-12,40.158817291259766,40.828524813618266,40.13981800799348,40.46754567904434,142510800
2018-12-13,40.59815979003906,40.98288889960045,40.2656814225094,40.48891845088322,127594400
2018-12-14,39.299129486083984,40.15407938737413,39.25163307462207,40.13508009804058,162814800
2018-12-17,38.93339538574219,39.9807079005193,38.64603617439149,39.29199738823974,177151600
2018-12-18,39.43923568725586,39.785962637088474,39.0402579913097,39.275370041978476,135366000
2018-12-19,38.20906066894531,39.766965732375674,37.78158583477407,39.422612313422675,196189200
2018-12-20,37.244869232177734,38.498792982639806,36.88151653310877,38.09269098875768,259092000
2018-12-21,35.796199798583984,37.56071950978802,35.53496783964715,37.25198753673331,382978400
2018-12-24,34.87001037597656,35.99094267515283,34.813012528584636,35.183489477275636,148676800
2018-12-26,37.325618743896484,37.33986730293272,34.84389445485186,35.21912221236073,234330000
2018-12-27,37.083377838134766,37.230621385586616,35.639468468150554,37.00975787628032,212468400
2018-12-28,37.10237503051758,37.646219094911956,36.70340095377201,37.40398276332058,169165600
2018-12-31,37.46097946166992,37.84570497009902,37.16174528956495,37.648591489285586,140014000
2019-01-02,37.50372314453125,37.72458662290483,36.62740075617171,36.78414211195393,148158800
2019-01-03,33.7680778503418,34.60640172363963,33.72295500680148,34.19317547745964,365248800
2019-01-04,35.2096061706543,35.27847900912154,34.15042265199752,34.32378608802359,234428400
2019-01-07,35.13123321533203,35.34497236963013,34.649137872444925,35.31409809069179,219111200
2019-01-08,35.800960540771484,36.05507191717408,35.27136857362246,35.51835204691937,164101200
2019-01-09,36.40891647338867,36.69864919303754,35.534971211573676,35.929194550467045,180396400
2019-01-10,36.52528381347656,36.56565592820539,35.82707561156554,36.21655182724987,143122800
2019-01-11,36.166690826416016,36.50154648837544,35.981452295064784,36.306810124740636,108092800
2019-01-14,35.62284469604492,35.924452462452855,35.43760619352494,35.82470893215311,129756800
2019-01-15,36.35192108154297,36.42791458616587,35.634713583499995,35.68696070331559,114843600
2019-01-16,36.796024322509766,37.01926139590715,36.33530161762464,36.35430090299284,122278800
2019-01-17,37.0145149230957,37.44198983365644,36.397050760758674,36.62028785981504,119284800
2019-01-18,37.24249267578125,37.49422682619904,37.043002022319946,37.4039811406747,135004000
2019-01-22,36.40654373168945,37.22111761208294,36.24505163700586,37.14512410332922,121576000
2019-01-23,36.553775787353516,36.843508451155465,36.02655757117239,36.60839644975298,92522400
2019-01-24,36.26405334472656,36.6867774572087,36.03606917947976,36.598908937659715,101766000
2019-01-25,37.465721130371094,37.553593252863344,36.64877383724475,36.92425433639867,134142000
2019-01-28,37.118988037109375,37.126112312913,36.49202640019958,36.99786810096469,104768400
2019-01-29,36.73426818847656,37.55359634769264,36.598903290698956,37.107122292669665,166348800
2019-01-30,39.24449157714844,39.45822714683114,38.052312966631995,38.76952042341593,244439200
2019-01-31,39.5271110534668,40.13507372055917,39.08063688443312,39.448740356323015,162958400
2019-02-01,39.54610061645508,40.13031312607623,39.405981367304726,39.65059485362112,130672400
2019-02-04,40.669410705566406,40.76678067534809,39.72659254412772,39.75746683302016,125982000
2019-02-05,41.36524963378906,41.57898889745914,40.93065407418794,41.051770453647194,144406400
2019-02-06,41.37949752807617,41.69535385122478,41.049392646908444,41.476863882454516,112958400
2019-02-07,40.595787048339844,41.30824381331951,40.45329424584691,40.94251397800082,126966800
2019-02-08,40.64349365234375,40.70311969069085,40.16886907695841,40.30481819124638,95280000
2019-02-11,40.409751892089844,40.83429258000177,40.366822896722226,40.79613104681893,83973600
2019-02-12,40.757972717285156,40.78420831850001,40.47415220576565,40.56955604622166,89134000
2019-02-13,40.588626861572266,41.137187031192965,40.52661710438461,40.877218430046,89960800
2019-02-14,40.73650360107422,40.84621345605926,40.39782819422876,40.476534988953155,87342800
2019-02-15,40.6458740234375,40.95115902339319,40.48607669059228,40.84383289109825,98507200
2019-02-19,40.767520904541016,40.88916037492393,40.42407791568553,40.47654913050066,75891200
2019-02-20,41.02986145019531,41.33753378782997,40.781818778905716,40.82951887269788,104457600
2019-02-21,40.79851531982422,41.11095514343004,40.61725349372424,40.9750096836761,68998800
2019-02-22,41.25405502319336,41.26120985514692,40.87483437251925,40.92253446530428,75652800
2019-02-25,41.55457305908203,41.945719682081254,41.48779219461515,41.537879662607395,87493600
2019-02-26,41.57842254638672,41.809771827642344,41.30175690127716,41.430551160576144,68280800
2019-02-27,41.70721435546875,41.73822105568102,41.196815683559215,41.311300281596466,111341600
2019-02-28,41.2969856262207,41.71675519338844,41.24213069934181,41.57603864043286,112861600
2019-03-01,41.7310791015625,41.77400810961146,41.23498994149186,41.56651062547114,103544800
2019-03-04,41.94095230102539,42.39410868782575,41.4925633764932,41.902790767174956,109744800
2019-03-05,41.864627838134766,41.97672506553204,41.62850744949889,41.962415400636054,78949600
2019-03-06,41.62373352050781,41.85508277180671,41.48540071586533,41.65950767718971,83241600
2019-03-07,41.1419677734375,41.60466642807359,41.0274867951546,41.468717309443846,99185600
2019-03-08,41.239749908447266,41.27791144259841,40.42644995336146,40.62202508642293,95997600
2019-03-11,42.668392181396484,42.72086338701754,41.82170533647012,41.855095772839455,128044000
2019-03-12,43.14778137207031,43.56754731458191,42.7804829879991,42.93074174869042,129870400
2019-03-13,43.33857727050781,43.717797878088355,43.150157012385364,43.467367870320366,124130000
2019-03-14,43.82036209106445,43.9086110924784,43.5413127001033,43.86090735580744,94318000
2019-03-15,44.390384674072266,44.678976254213644,43.82274735566281,44.08748706861486,156171600
2019-03-18,44.843544006347656,44.931789362919865,44.311677218092875,44.31406458834656,104879200
2019-03-19,44.488182067871094,45.07490392114361,44.34269438014027,44.92226139953133,126585600
2019-03-20,44.876930236816406,45.19414111173891,44.05885931953551,44.416615452853335,124140800
2019-03-21,46.52976608276367,46.82551249017216,45.27046466941773,45.320552133949356,204136800
2019-03-22,45.56622314453125,47.149890713415324,45.50182599858827,46.589404449121496,169630800
2019-03-25,45.015281677246094,45.7880329159187,44.5048828613594,45.67593565660519,175381200
2019-03-26,44.550193786621094,46.002686995822316,44.023101591485734,45.711711607654806,199202000
2019-03-27,44.95087432861328,45.25854305952079,44.49294682904075,45.01765519484567,119393600
2019-03-28,45.010498046875,45.21084063526759,44.72667756034346,45.065352975754955,83121600
2019-03-29,45.303855895996094,45.334862595503004,44.96756422056934,45.27523656677985,94256000
2019-04-01,45.61153030395508,45.71646906225277,44.92940835895731,45.70693049851085,111448000
2019-04-02,46.274574279785156,46.379516683711444,45.56621669256709,45.57575525688568,91062800
2019-04-03,46.59178924560547,46.866067574679796,46.067077180669855,46.09092905245227,93087200
2019-04-04,46.67287063598633,46.83505168659805,46.06468441762447,46.45821474988475,76457200
2019-04-05,46.98531723022461,47.009169100776084,46.730116044604905,46.85413922076049,74106400
2019-04-08,47.72467803955078,47.755681101848495,46.82790017839874,46.84698094558115,103526800
2019-04-09,47.58157730102539,48.38056764876141,47.51718016237022,47.77715244831723,143072800
2019-04-10,47.84870147705078,47.8773244498053,47.26675076793066,47.38600284310168,86781200
2019-04-11,47.45038986206055,47.93932399383451,47.32875408147207,47.90354983462724,83603200
2019-04-12,47.43132781982422,47.734229164716275,46.796909430662645,47.51003464043169,111042800
2019-04-15,47.517173767089844,47.66504879296179,47.226198455924894,47.36214754820143,70146400
2019-04-16,47.521942138671875,48.02756966837451,47.35737372664653,47.57202960118193,102785600
2019-04-17,48.447349548339844,48.50697558632508,47.369309762567,47.591116877015516,115627200
2019-04-18,48.6214599609375,48.69062456855269,48.301865248411815,48.44496556601438,96783200
2019-04-22,48.78125,48.87903756789539,48.25892536678017,48.375793702017404,77758000
2019-04-23,49.484840393066406,49.54923753304765,48.63099509296689,48.757402002269444,93292000
2019-04-24,49.40851593017578,49.72333948607253,49.38228033057737,49.45621602782266,70162400
2019-04-25,48.96012496948242,49.55161416212724,48.92196343723849,49.32980707961694,74172800
2019-04-26,48.72639465332031,48.89334681703382,48.206453755716254,48.86949494823866,74596400
2019-04-29,48.80032730102539,49.12469304422843,48.62144921409616,48.75023983540025,88818800
2019-04-30,47.860626220703125,48.51174151592459,47.488560337719434,48.43065098025572,186139600
2019-05-01,50.20988082885742,51.352313790983374,49.90220852221569,50.05723836052837,259309200
2019-05-02,49.883140563964844,50.71790507301995,49.63986895589644,50.04770900660693,127985200
2019-05-03,50.50325393676758,50.52471843691336,50.140726608516964,50.298140221488424,83569600
2019-05-06,49.72334289550781,49.80920453287324,48.53559327802315,48.72400995039716,129772400
2019-05-07,48.38294219970703,49.47052032079765,47.898779164566115,49.10322560559148,155054800
2019-05-08,48.392486572265625,48.97443723236416,48.11820827819037,48.153982442014374,105358000
2019-05-09,47.8725471496582,48.10150906634315,46.90422100692585,47.79622408457386,139634400
2019-05-10,47.209346771240234,47.60918573031847,46.1534958760035,47.26680951074046,164834800
2019-05-13,44.4655647277832,45.36579237166061,43.77842304776529,44.94201700800786,229722400
2019-05-14,45.16946792602539,45.418465818898284,44.39134448751161,44.63076708397739,146118800
2019-05-15,45.71055603027344,45.90927719917939,44.537386913882365,44.597242555602286,106178800
2019-05-16,45.50945281982422,46.08167274519695,45.21256745080139,45.46875141212985,132125600
2019-05-17,45.25088119506836,45.705782772217404,44.71457313979075,44.75527455220516,131516400
2019-05-20,43.83588790893555,44.13756275712424,43.1631109114661,43.938841538280705,154449200
2019-05-21,44.6762580871582,45.011448261831,44.2213529606178,44.345853734052945,113459200
2019-05-22,43.761661529541016,44.46317163112691,43.70659535573083,44.21177717624734,118994400
2019-05-23,43.01467514038086,43.22536459286169,42.57174176662835,43.04819416600052,146118800
2019-05-24,42.84946823120117,43.608437527210064,42.76566884967899,43.143957042131575,94858800
2019-05-28,42.67229080200195,43.23732830832482,42.595677466437365,42.83749298760257,111792800
2019-05-29,42.468788146972656,42.94045102998245,42.13838374175984,42.238940810020374,113924800
2019-05-30,42.68905258178711,42.91171385804956,42.29879255396897,42.605253206009266,84873600
2019-05-31,41.91572189331055,42.61483553961218,41.896567644374954,42.193449369628034,108174400
2019-06-03,41.491943359375,42.5980747635717,40.76649306788243,42.042616150312135,161584400
2019-06-04,43.00987243652344,43.05536331158064,41.78402998710208,42.00429832390132,123872000
2019-06-05,43.704200744628906,44.290789049992995,43.36901055867717,44.12079739285381,119093600
2019-06-06,44.345855712890625,44.4057113648459,43.61082655329625,43.8334914782854,90105200
2019-06-07,45.526214599609375,45.94999370524611,44.477545896123075,44.65471631575565,122737600
2019-06-10,46.108009338378906,46.77599685145349,45.87816201203644,45.9236528950948,104883600
2019-06-11,46.64191436767578,46.92682783549049,46.35221507841626,46.65388622788541,107731600
2019-06-12,46.493473052978516,46.91964496831461,46.3019342514873,46.43601031654152,73012800
2019-06-13,46.48389434814453,47.11596983908178,46.35221484639415,46.615577503193705,86698400
2019-06-14,46.14630889892578,46.34981589780569,45.56211722534373,45.86139544719531,75046000
2019-06-17,46.42164611816406,46.67783004464345,46.009838968534694,46.18461643739985,58676400
2019-06-18,47.513404846191406,47.953941466307896,46.737678113659804,46.938792181108866,106204000
2019-06-19,47.37454605102539,47.85578778829949,47.240469987030195,47.80790034833085,84496800
2019-06-20,47.755226135253906,48.03056062202927,47.41284996964704,47.973097891587294,86056000
2019-06-21,47.592430114746094,48.08803671259237,47.44159268874081,47.5972195902715,191202400
2019-06-24,47.5445442199707,47.92283239718668,47.446380069181274,47.53496526934287,72881600
2019-06-25,46.82388687133789,47.70735333308996,46.75684517194282,47.50863210598545,84281200
2019-06-26,47.83665084838867,48.12156441409835,47.25006602955702,47.35062311393101,104270000
2019-06-27,47.822265625,48.26040936812675,47.78156422634431,47.95394511635136,83598800
2019-06-28,47.38652038574219,47.764808530798014,47.17822389353572,47.568480245909996,124442400
2019-07-01,48.255638122558594,48.959541331408985,48.04015553537792,48.643501664863955,109012000
2019-07-02,48.53815841674805,48.633929679787514,48.2101505174257,48.22212238196815,67740800
2019-07-03,48.94038391113281,48.94756629824377,48.5285766680393,48.669835152287746,45448000
2019-07-05,48.89727783203125,49.100788508582276,48.57884532744974,48.68658842285855,69062000
2019-07-08,47.889312744140625,48.21971347045251,47.5038421856941,48.07845500360109,101354400
2019-07-09,48.1814079284668,48.2460494035654,47.599609079485354,47.69298375237137,82312000
2019-07-10,48.657859802246094,48.777571116582486,48.25802445075848,48.327459058921235,71588400
2019-07-11,48.30351257324219,48.93558813067086,48.29393727609442,48.67701126809106,80767200
2019-07-12,48.67461395263672,48.84220903730102,48.41124763866507,48.47110328699509,70380800
2019-07-15,49.13191604614258,49.28993219429551,48.84221307681378,48.863760235202925,67789600
2019-07-16,48.96192169189453,49.34739222396268,48.72249909193417,48.98346884909922,67467200
2019-07-17,48.68659591674805,49.103188977468086,48.66744166691155,48.854191036192866,56430000
2019-07-18,49.239646911621094,49.29232016959373,48.770377064219026,48.842204566299756,74162400
2019-07-19,48.50462341308594,49.44076665116611,48.44955723828679,49.27077499857013,83717200
2019-07-22,49.6131591796875,49.615552090872,48.74884331314436,48.758418611181895,89111600
2019-07-23,50.001014709472656,50.017776044989866,49.62990895028045,49.91003660607573,73420800
2019-07-24,49.96031188964844,50.07523371101221,49.60117800125017,49.720889297382925,59966400
2019-07-25,49.56526184082031,50.0967802425216,49.495827249145734,50.012980881065666,55638400
2019-07-26,49.73766326904297,50.21411201058921,49.59400821586636,49.67541104112655,70475600
2019-07-29,50.20212936401367,50.43197666906582,49.90524767605758,49.910037151014635,86693600
2019-07-30,49.98665237426758,50.317056746119604,49.63470084424237,49.98186289912939,135742800
2019-07-31,51.00660705566406,53.000998454272995,50.59001392309548,51.81585689765166,277125600
2019-08-01,49.902854919433594,52.20131353212769,49.4982337605151,51.21249694274107,216071600
2019-08-02,48.84701156616211,49.42401739375778,48.27479156133665,49.20853846350378,163448400
2019-08-05,46.28996276855469,47.56129613952905,46.108002914969816,47.403280006312706,209572000
2019-08-06,47.166255950927734,47.42243990688443,46.45756339111695,47.00105375926209,143299200
2019-08-07,47.65467834472656,47.77917913440648,46.404895585633525,46.78557668796127,133457600
2019-08-08,48.70574188232422,48.72968560566816,47.73847610399667,47.932407841865114,108038000
2019-08-09,48.30438232421875,48.729767784636486,47.89581454791173,48.37888473817284,98478800
2019-08-12,48.18182373046875,48.55914724285479,47.86218129655646,47.975137783246524,89927600
2019-08-13,50.22223663330078,50.98408951762822,48.181814264515985,48.31159574878954,188874000
2019-08-14,48.72737121582031,49.61419794208263,48.68891716975622,48.825908333667165,146189600
2019-08-15,48.48463439941406,49.301762666206294,47.98714483073128,48.89800620511257,108909600
2019-08-16,49.62861251831055,49.78723269268097,48.98932781591775,49.09507459883136,110481600
2019-08-19,50.55390167236328,51.125890062869516,50.47699357474702,50.61878875414958,97654400
2019-08-20,50.556304931640625,51.27489985948379,50.546693252789694,50.68127875978292,107537200
2019-08-21,51.1042594909668,51.346993790769034,50.854315515628436,51.18837726179461,86141600
2019-08-22,51.061004638671875,51.53686158978541,50.650034771451054,51.23644619968191,89014800
2019-08-23,48.7009391784668,50.96246709693238,48.30679433653748,50.33279395070405,187272000
2019-08-26,49.626216888427734,49.79444876140259,49.282539799826424,49.47480636916046,104174400
2019-08-27,49.06624221801758,50.1213008461803,48.91483169869876,49.955470975912974,103493200
2019-08-28,49.39549255371094,49.441156273048314,48.864360275642376,49.05181915815829,63755200
2019-08-29,50.231842041015625,50.30634811863267,49.66706345619883,50.10927391421569,83962000
2019-08-30,50.166954040527344,50.57792012503005,49.79684033035191,50.50822538767908,84573600
2019-09-03,49.43634796142578,49.74397297835489,49.08065722319765,49.611789494397975,80092000
2019-09-04,50.275108337402344,50.344803082405896,49.82568816430708,50.082841787242316,76752400
2019-09-05,51.2580680847168,51.42389794369397,50.83267892479877,50.950443061493466,95654800
2019-09-06,51.253265380859375,51.53205173117485,51.07301615444194,51.44312995297315,77449200
2019-09-09,51.47196578979492,52.017521111519436,50.72693789572652,51.63298798303403,109237600
2019-09-10,52.08000564575195,52.09923266869462,50.88074988553813,51.39746283359591,127111600
2019-09-11,53.73590087890625,53.76474325009253,52.32755338078154,52.40926915409926,177158400
2019-09-12,53.615726470947266,54.41603338856972,53.56045107438245,54.02669627568618,128906800
2019-09-13,52.57268524169922,53.062961469937115,52.156911432083696,52.8731005859375,159053200
2019-09-16,52.84907150268555,52.90435057226379,52.28669479868519,52.32755084977788,84632400
2019-09-17,53.04133605957031,53.07017842826459,52.661610598516674,52.86349251065767,73274800
2019-09-18,53.538818359375,53.558045380154766,52.73851149691622,53.12784858296348,101360000
2019-09-19,53.10382080078125,53.77674823327691,52.962021972267294,53.356166754377384,88242400
2019-09-20,52.327552795410156,53.48835829201576,52.26506771503566,53.204767926646866,221652400
2019-09-23,52.56547927856445,52.83465027251121,52.30832196549194,52.620754678997145,76662000
2019-09-24,52.31553649902344,53.471538013059494,52.19777601182611,53.12065122006928,124763200
2019-09-25,53.120643615722656,53.233600080826086,52.1857511921416,52.5246205874519,87613600
2019-09-26,52.84666061401367,53.09901022097145,52.59190900463546,52.87309730935552,75334000
2019-09-27,52.589508056640625,53.103818957729175,52.21939431443392,53.002876179178735,101408000
2019-09-30,53.82721710205078,53.97381992879909,53.062958600700476,53.08939529625113,103909600
2019-10-01,53.976219177246094,54.84862641872618,53.88248974638139,54.091581297678886,139223200
2019-10-02,52.6231575012207,53.73349145834526,52.37561187967944,53.60851764627017,138449200
2019-10-03,53.0701789855957,53.10382536010926,51.70268764433087,52.495781281747504,114426000
2019-10-04,54.55782699584961,54.67318912519149,53.80799149102436,54.22857296123739,138478800
2019-10-07,54.569847106933594,55.25959957952468,54.27664143090137,54.3799862186076,122306000
2019-10-08,53.93056869506836,54.81018582649594,53.913747340365,54.27184380110814,111820000
2019-10-09,54.56263732910156,54.74528854203184,54.22857560601276,54.56263732910156,74770400
2019-10-10,55.298057556152344,55.38217532730824,54.627532058419334,54.77893891244817,113013600
2019-10-11,56.76889419555664,57.11256762430423,55.83159602526527,55.985408550575364,166795600
2019-10-14,56.68717575073242,57.230329070079826,56.39877773778656,56.45405313736609,96427600
2019-10-15,56.55500030517578,57.11497135397821,56.44925350323164,56.81215396701269,87360000
2019-10-16,56.32667922973633,56.535770821642835,56.045490882530835,56.086346932926865,73903200
2019-10-17,56.545372009277344,56.754459895212634,56.122388565552164,56.49970829460661,67585200
2019-10-18,56.81695556640625,57.09814389578318,56.307448635792866,56.37954905370019,97433600
2019-10-21,57.80230712890625,57.917669247282575,57.03565034507903,57.083716060812975,87247200
2019-10-22,57.670135498046875,58.208477458025,57.58841973582485,57.95853350048938,82293600
2019-10-23,58.444007873535156,58.458430892193235,57.97295861174259,58.1844522125686,75828800
2019-10-24,58.5401496887207,58.83335542623407,58.11476043557747,58.76365699654726,69275200
2019-10-25,59.261131286621094,59.29717966007289,58.371902625409106,58.4391953673054,73477200
2019-10-28,59.85475540161133,59.90282112444377,59.294780746023385,59.46301260952673,96572800
2019-10-29,58.4704475402832,60.02299591504851,58.29741164658606,59.835537001961505,142839600
2019-10-30,58.463233947753906,58.95351389312253,57.97055566675113,58.82373239756854,124522000
2019-10-31,59.78506088256836,59.88359800446322,57.0212394670206,59.41975843149152,139162000
2019-11-01,61.48180389404297,61.50823692360431,59.88119007430968,59.972513844449246,151125200
2019-11-04,61.885562896728516,61.969680662683295,61.37605963006652,61.84470318148446,103272000
2019-11-05,61.796634674072266,62.051386280807854,61.601966131837685,61.7774039861912,79897600
2019-11-06,61.82307815551758,61.883161230177926,61.37365793055572,61.710121681781736,75864400
2019-11-07,62.53657913208008,62.75835184206119,62.218386383298345,62.3702514386886,94940400
2019-11-08,62.70774841308594,62.78006162131691,61.914679233049654,62.35821740841793,69986400
2019-11-11,63.20432662963867,63.26940852518434,62.259392237784176,62.26421066680897,81821200
2019-11-12,63.1464729309082,63.34655177273775,62.89578218997625,63.04763995642553,87388800
2019-11-13,63.75151443481445,63.82624054265363,62.93193278483699,62.94639542787812,102734400
2019-11-14,63.31037902832031,63.85033723289111,63.18020790529742,63.5779452383564,89182800
2019-11-15,64.06246948242188,64.06728791082074,63.39957143680535,63.56107338652864,100206400
2019-11-18,64.3854751586914,64.4650196804653,63.69365188987565,64.07210078681992,86703200
2019-11-19,64.19022369384766,64.60242366565966,63.97327672744023,64.5783168124191,76167200
2019-11-20,63.442962646484375,64.13960443972219,62.77042035286797,64.0094406588,106234400
2019-11-21,63.15852737426758,63.64063511840121,62.95844854087911,63.56349611380853,121395200
2019-11-22,63.10308074951172,63.440554690647915,62.876489526953094,63.298333792468384,65325200
2019-11-25,64.20951080322266,64.22638633771652,63.281452038993585,63.327252857545794,84020400
2019-11-26,63.7081184387207,64.39994174998013,63.27663002561703,64.3469096134178,105207600
2019-11-27,64.56385040283203,64.59760146667433,63.95398456897874,64.01906644818817,65235600
2019-11-29,64.42164611816406,64.60243651886985,64.09622192561758,64.26496257549509,46617600
2019-12-02,63.676788330078125,64.66269773145665,63.505642149829725,64.42646230113999,94487200
2019-12-03,62.541404724121094,62.560685789271204,61.7796739140875,62.26659989018467,114430400
2019-12-04,63.093441009521484,63.47189737152567,62.83792448194202,62.931939027415204,67181600
2019-12-05,64.01909637451172,64.09382985704336,63.332098592577985,63.587615157422356,74424400
2019-12-06,65.25568389892578,65.32559157331079,64.43368941001637,64.4770846926847,106075600
2019-12-09,64.34209442138672,65.27737714430648,63.85757384735053,65.08453701422351,128042400
2019-12-10,64.7181396484375,65.10141438333517,64.08657238840084,64.74706493312719,90420400
2019-12-11,65.27014923095703,65.34970112214458,64.72295963208492,64.79768573812183,78756800
2019-12-12,65.43647003173828,65.70163071358168,64.4385110100101,64.54939371100679,137310400
2019-12-13,66.3259506225586,66.36210722075081,65.30870330727501,65.43646152513958,133587600
2019-12-16,67.46131134033203,67.68549695987365,66.76708259212,66.77190101970982,128186000
2019-12-17,67.59388732910156,67.92171691942357,67.20578694097172,67.39140304865965,114158400
2019-12-18,67.4323959350586,67.95307308973534,67.28294373773436,67.44685857632358,116028400
2019-12-19,67.49990844726562,67.77953184581898,67.24198637269039,67.3745630712442,98369200
2019-12-20,67.36007690429688,68.13385757058333,67.14794837558046,68.03261909048223,275978000
2019-12-23,68.45928192138672,68.51954537378231,67.58425541558223,67.62282490788083,98572000
2019-12-24,68.52436065673828,68.67382019117778,68.19894391383995,68.6256064889227,48478800
2019-12-26,69.88391876220703,69.9007942963268,68.62803033131719,68.65695561473434,93121200
2019-12-27,69.85737609863281,70.86257350590702,69.45240755088105,70.1755688245993,146266000
2019-12-30,70.27201080322266,70.55404702486167,68.75337459667797,69.7754404953618,144114400
2019-12-31,70.78546142578125,70.79269274701018,69.78990785044671,69.88874081149524,100805600
