date,close,high,low,open,volume,sma_20,sma_50,ema_20,ema_50,momentum_5,volatility_10,rsi_14,macd_0,macd_1,lag_1,lag_2,return_lag,interest_rate,unemployment,inflation
2015-01-02,24.21489906311035,24.682231459955254,23.776359040886113,24.671156559828262,212818400,,,24.21489906311035,24.21489906311035,,,,0.0,0.0,,,,0.11,5.7,234.747
2015-01-05,23.532726287841797,24.064289384302135,23.346680133466553,23.98455483534346,257142000,,,23.856758356094364,23.86699094772339,,,,-0.015305158419486986,-0.00850286578860388,24.21489906311035,,,0.11,5.7,234.747
2015-01-06,23.534934997558594,23.794071364016485,23.173914310644687,23.59695036493737,263188400,,,23.738586748172402,23.75184929642641,,,,-0.019433317742755918,-0.012982559212436682,23.532726287841797,24.21489906311035,-0.028171613414147756,0.11,5.7,234.747
2015-01-07,23.86494255065918,23.964609848271913,23.63238326984046,23.743125462650944,160423600,,,23.775063714719472,23.78184116621296,,,,-0.00891982723919682,-0.011606294993859493,23.534934997558594,23.532726287841797,9.385694159624869e-05,0.11,5.7,234.747
2015-01-08,24.781892776489258,24.83947920152161,24.07535690294467,24.19274507045464,237458000,,,24.018607096832245,23.998165704584448,,,,0.03346839083632602,0.0018024049794227262,23.86494255065918,23.534934997558594,0.014022029512077205,0.11,5.7,234.747
2015-01-09,24.808467864990234,25.083108045057088,24.409795273125567,24.954646688812712,214798000,,,24.1852316401251,24.14707364685207,0.024512544955602955,,,0.05945673028643128,0.017429932656099083,24.781892776489258,23.86494255065918,0.03842247782007546,0.11,5.7,234.747
2015-01-12,24.197175979614258,24.945792806630894,24.09750865378446,24.939148543547873,198603200,,,24.187490019078474,24.15511803482535,0.028235134495051994,,,0.047406631555031,0.02501623544186237,24.808467864990234,24.781892776489258,0.0010723591107693053,0.11,5.7,234.747
2015-01-13,24.41201400756836,24.983444239302276,24.121869946634853,24.680009963584943,268367600,,,24.226300118674846,24.191901589917,0.03726710994106197,,,0.04878209027065594,0.03072761727422058,24.197175979614258,24.808467864990234,-0.024640452957541692,0.11,5.7,234.747
2015-01-14,24.318986892700195,24.471809973965815,24.03105650747729,24.150658281810262,195826400,,,24.241167530444738,24.208384537452783,0.019025578673705024,,,0.04437691546162981,0.03388067287002959,24.41201400756836,24.197175979614258,0.008878640554381256,0.11,5.7,234.747
2015-01-15,23.65896987915039,24.376579054271453,23.623533244347932,24.363290527444573,240056000,,,24.153493608805913,24.143038325274418,-0.04531223290596231,0.4731868040977454,,0.006609325467490379,0.027770307952316685,24.318986892700195,24.41201400756836,-0.0038107103674167586,0.11,5.7,234.747
2015-01-16,23.47513198852539,23.827293076803485,23.300159102999938,23.705475976187053,314053200,,,24.056696272844455,24.0694644361148,-0.0537451923158242,0.5148646912288893,,-0.030568893441685674,0.015006024033776435,23.65896987915039,24.318986892700195,-0.027139988045633667,0.11,5.7,234.747
2015-01-20,24.07978630065918,24.13515740540139,23.588090620181628,23.88487893049971,199599600,,,24.059841784726128,24.07052613421184,-0.004851379311948567,0.4807207418911881,,-0.02419597468751533,0.006587078776788867,23.47513198852539,23.65896987915039,-0.007770325232418829,0.11,5.7,234.747
2015-01-21,24.263620376586914,24.598060654669688,23.98011888215598,24.13072836459436,194303600,,,24.08650907255281,24.089199221905986,-0.006078713167026684,0.4365171920549368,,-0.008764225489606758,0.003338209443030112,24.07978630065918,23.47513198852539,0.025757227368491176,0.11,5.7,234.747
2015-01-22,24.894847869873047,24.910351710886655,24.301269587107605,24.42087137055198,215185600,,,24.1886525872214,24.162873637784507,0.02367948055211566,0.47235093056585065,56.61346175037855,0.03948400192843238,0.01089993619992123,24.263620376586914,24.07978630065918,0.007634373230409608,0.11,5.7,234.747
2015-01-23,25.0233154296875,25.193857723073517,24.702161943737746,24.872705926916115,185859200,,,24.290938892163982,24.23765289680985,0.05766715784779142,0.5053538718983814,57.67128043088023,0.08299010822834774,0.025843759650314994,24.894847869873047,24.263620376586914,0.026015387789994904,0.11,5.7,234.747
2015-01-26,25.049888610839844,25.32895946484357,24.983444295938444,25.191638510380002,222460000,,,24.381474186399526,24.30502932638208,0.06708190706165973,0.5364511979391353,66.44260313344424,0.11657083235656529,0.04451471485984178,25.0233154296875,24.894847869873047,0.005160407506242359,0.11,5.7,234.747
2015-01-27,24.17281150817871,24.912570412240157,24.148448084734664,24.89928019685748,382274800,,,24.357167395844982,24.2945212026084,0.0038632073540032508,0.5372134836352049,55.811156316388136,0.08645665797996926,0.05309634460651399,25.049888610839844,25.0233154296875,0.0010619368655209183,0.11,5.7,234.747
2015-01-28,25.539369583129883,26.161741992686807,25.539369583129883,26.05321340320937,585908400,,,24.49201473537622,24.389627589555754,0.05257868309603131,0.6595459903206312,62.83099801165878,0.14849400678922464,0.07252588859125475,24.17281150817871,25.049888610839844,-0.03501321368277843,0.11,5.7,234.747
2015-01-29,26.334497451782227,26.39872813532269,25.59473862220585,25.763067251836308,337745600,,,24.698293176541174,24.532888544303976,0.05782921789417306,0.8852072554238574,62.12383886910975,0.2453706412272716,0.10760031487247519,25.539369583129883,24.17281150817871,0.05653285611765946,0.11,5.7,234.747
2015-01-30,25.949111938476562,26.57812679485473,25.880450628531435,26.22375210888169,334982000,24.505369567871092,,24.83602807657223,24.633735210240136,0.036997355981482016,0.8967198117954589,58.43432457254783,0.29195598384390564,0.14490150207549857,26.334497451782227,25.539369583129883,0.031133417998601143,0.11,5.7,234.747
2015-02-02,26.274703979492188,26.394305804769367,25.709919553774558,26.14624426178783,250956400,24.608359813690186,,24.99212662759443,24.746963139556733,0.04889504251617027,0.8455509456191685,66.03967187400141,0.34599080609304167,0.18549376037915793,25.949111938476562,26.334497451782227,-0.014634245973795257,0.11,5.5,235.342
2015-02-03,26.27912712097168,26.376579118011072,26.04878311832867,26.245904119570774,207662800,24.74567985534668,,25.129940279344794,24.849625665897275,0.08713573148412257,0.8195133899205288,64.89923396198272,0.3839992216839292,0.22548997259638784,26.274703979492188,25.949111938476562,0.012547328856092665,0.11,5.5,235.342
2015-02-04,26.480674743652344,26.691085940867783,26.20381923925721,26.245901816658677,280598800,24.89296684265137,,25.272885717565664,24.955959056749553,0.03685702411167746,0.7836072350424472,66.9562154901539,0.4226169109660667,0.2651494686137233,26.27912712097168,26.274703979492188,0.00016834220027539537,0.11,5.5,235.342
2015-02-05,26.669677734375,26.734161899810683,26.51624983397766,26.68746512419882,168984800,25.033203601837158,,25.41915634897501,25.064853144383665,0.012727802503407437,0.8068400525290368,75.50017221135535,0.4606155470093185,0.3044281727286452,26.480674743652344,26.27912712097168,0.0076694945670330306,0.11,5.5,235.342
2015-02-06,26.445106506347656,26.738619769850555,26.338373639409618,26.68747654900368,174826400,25.11636428833008,,25.525583774287917,25.15047507445965,0.019114124947592126,0.7841620439116073,74.98278456804186,0.4691396593768147,0.3374953944900613,26.669677734375,26.480674743652344,0.0071373933086036345,0.11,5.5,235.342
2015-02-09,26.62076759338379,26.647449535368576,26.33392484181884,26.36060848026484,155559200,25.206979274749756,,25.63823593823484,25.23964772366927,0.013170980505116558,0.7470673683262624,73.03679714913571,0.4826116122140185,0.3666066213192388,26.445106506347656,26.669677734375,-0.00842047025329784,0.11,5.5,235.342
2015-02-10,27.132186889648438,27.16109458407621,26.71860158755748,26.72082395138966,248034000,25.353729820251466,,25.790743243206347,25.352020866053525,0.032461495572126076,0.42650251281776674,74.54857188001004,0.5237192241322539,0.39810530101618063,26.62076759338379,26.445106506347656,0.006642479847603244,0.11,5.5,235.342
2015-02-11,27.76813507080078,27.77702961636251,27.238922333336244,27.29895839530153,294247200,25.521535873413086,,25.991229393251658,25.492647082741907,0.04861886411927818,0.5157509407737987,74.56911933269356,0.5951411559357069,0.4375888442799281,27.132186889648438,26.62076759338379,0.019211290375855006,0.11,5.5,235.342
2015-02-12,28.11946678161621,28.346273490964776,27.921567774388155,28.030523007292487,297898000,25.711559867858888,,26.20569048221988,25.64268814278833,0.054360951102628174,0.6936291898494373,75.50279760556259,0.6692720855595233,0.48399730615223885,27.76813507080078,27.132186889648438,0.02343888399924632,0.11,5.5,235.342
2015-02-13,28.2573184967041,28.30178951797747,27.939345774863444,28.30178951797747,217088800,25.941477298736572,,26.41129444769876,25.789406234991855,0.06852730919882877,0.7686630267912546,75.94379313058008,0.7293876510537487,0.5331362061443274,28.11946678161621,27.76813507080078,0.012652333688223383,0.11,5.5,235.342
2015-02-17,28.42409324645996,28.657570397556903,28.221746155981133,28.3484904589152,252609600,26.188925361633302,,26.61200820260804,25.93479296123624,0.06774130936496214,0.839133833894859,88.85149009127475,0.7800863755015435,0.5825752020257736,28.2573184967041,28.11946678161621,0.004902358787898908,0.11,5.5,235.342
2015-02-18,28.621986389160156,28.635327356291665,28.339590144164582,28.379614742019832,179566800,26.41603536605835,,26.811546629335727,26.080746772515916,0.05490893548577591,0.8737117525527132,85.82330162938072,0.8252423647349261,0.6311471172034974,28.42409324645996,28.2573184967041,0.005902001981373806,0.11,5.5,235.342
2015-02-19,28.561954498291016,28.690922861865086,28.535272558559186,28.568624983223973,149449600,26.630952072143554,,26.984618004572607,26.21350800551102,0.02858742315485796,0.8639459066724371,81.21931411175264,0.8465581474686914,0.6742566471673033,28.621986389160156,28.42409324645996,0.0069621620286810515,0.11,5.5,235.342
2015-02-20,28.795425415039062,28.795425415039062,28.473006272373873,28.599748851580394,195793600,26.825980949401856,,27.163012594015726,26.349711396869736,0.024038814059759384,0.8541010493675696,91.66735540420703,0.8708409398339114,0.7135934518302417,28.561954498291016,28.621986389160156,-0.0020974047731319168,0.11,5.5,235.342
2015-02-23,29.573678970336914,29.573678970336914,28.831002433052117,28.911051624628524,283896400,27.053499126434325,,27.39972717938093,26.517513183668786,0.04658476259119748,0.8452312429094829,92.64245643949013,0.9380424292834988,0.7585014641749104,28.795425415039062,28.561954498291016,0.008174192587626194,0.11,5.5,235.342
2015-02-24,29.389131546020508,29.707106062803202,29.16677297786456,29.56034859351888,276912400,27.27046127319336,,27.59450022067001,26.665082135601853,0.03395141900193188,0.7189977078164593,88.41118730088132,0.9659301756127086,0.8000006737259315,29.573678970336914,28.795425415039062,0.027026985852113494,0.11,5.5,235.342
2015-02-25,28.637556076049805,29.262386449737566,28.495246740191888,29.253490207727708,298846800,27.493698501586913,,27.69634917517764,26.765226095136033,0.0005439764619392662,0.5458311123214438,73.45285959190343,0.9198693503202939,0.8239806345985794,29.389131546020508,29.573678970336914,-0.006240259269112647,0.11,5.5,235.342
2015-02-26,28.999996185302734,29.100056835246285,28.15281081330094,28.637550731789126,365150000,27.666729831695555,,27.823337873252903,26.877390953173585,0.01533654452946931,0.4667841438297306,74.41775502421874,0.9007403447390345,0.8393357657626427,28.637556076049805,29.389131546020508,-0.02557324529286653,0.11,5.5,235.342
2015-02-27,28.56418228149414,29.033358981619905,28.51526312656748,28.906612973058365,248059200,27.778214073181154,,27.89534735650798,26.961133249028297,-0.008030551041074419,0.4201567114444561,71.26299600311421,0.8422471411932371,0.8399181376118824,28.999996185302734,28.637556076049805,0.012656111725820374,0.11,5.5,235.342
2015-03-02,28.70426368713379,28.968870897881935,28.528601929913908,28.739841868545096,192386800,27.915971660614012,,27.973819484105913,27.046779244271814,-0.02939827960109964,0.3799247566493819,71.05633259826978,0.7974968498577262,0.8314327521598615,28.56418228149414,28.999996185302734,-0.015028067625383557,0.11,5.4,235.976
2015-03-03,28.76430320739746,28.799881390989704,28.481906888632807,28.67536114133918,151265200,28.04045162200928,,28.050367927208097,27.13033838629299,-0.021260524069744213,0.3541741255854441,68.15054298970782,0.7579188957874301,0.8167284172522858,28.70426368713379,28.56418228149414,0.004904092974172158,0.11,5.4,235.976
2015-03-04,28.581968307495117,28.80877499266501,28.533052544931437,28.706491953319468,126665200,28.15559368133545,,28.101764560160493,27.200301416881633,-0.00194107934374943,0.35738940335738867,60.06611295728089,0.7042287850018312,0.794226576557292,28.76430320739746,28.70426368713379,0.002091658609260305,0.11,5.4,235.976
2015-03-05,28.10834312438965,28.628661280150922,27.963809737857854,28.590860736485048,226068400,28.236977100372314,,28.102399676834374,27.243676041032778,-0.0307466613173204,0.42198299133555234,49.86645416575072,0.6176154527182973,0.7589019477198308,28.581968307495117,28.76430320739746,-0.006338929839101781,0.11,5.4,235.976
2015-03-06,28.150592803955078,28.76652525661798,28.074991709340917,28.550837186219347,291368400,28.31102285385132,,28.107046337994902,27.286629610993657,-0.014479303957075418,0.4711784506361285,48.68859382477804,0.5459880044559426,0.7163168405132809,28.10834312438965,28.581968307495117,-0.016570768605228214,0.11,5.4,235.976
2015-03-09,28.27066421508789,28.81099722348831,27.808158051686863,28.452998147289698,354114000,28.40230073928833,,28.12280338172844,27.33285904276404,-0.015105751423272085,0.3905610973260653,48.092830849666015,0.492949646523936,0.6716414558279696,28.150592803955078,28.10834312438965,0.001503101032261478,0.11,5.4,235.976
2015-03-10,27.685863494873047,28.288454960913256,27.5279891281801,28.108345078545167,275426400,28.455555534362794,,28.080769157036965,27.349315245038486,-0.037492293998870996,0.38785718166663713,39.38476365646637,0.4003755666280995,0.6173863874747846,28.27066421508789,28.150592803955078,0.004265324427411121,0.11,5.4,235.976
2015-03-11,27.181106567382812,27.74367338378652,27.15220056885229,27.739226959574506,275756000,28.45800151824951,,27.99430365671757,27.34153138386884,-0.049012080800081015,0.548461337160251,35.77636442081223,0.28403351420686107,0.5507139542650189,27.685863494873047,28.27066421508789,-0.02068577928574944,0.11,5.4,235.976
2015-03-12,27.67252540588379,27.772587787665888,27.04547425993589,27.19667816658453,193450800,28.45322103500366,,27.96340483619073,27.356740773044475,-0.015504923807753701,0.5204481175739974,39.01703813011512,0.227968273657158,0.4861633786175068,27.181106567382812,27.685863494873047,-0.018231576110447345,0.11,5.4,235.976
2015-03-13,27.48128890991211,27.883758988182482,27.256708024223766,27.661400466261505,207309200,28.421312141418458,,27.91714596901584,27.36242555363834,-0.023775836576661158,0.5411888085517773,26.879626909301507,0.16652198625770964,0.4222339596066002,27.67252540588379,27.181106567382812,0.018079427240488943,0.11,5.4,235.976
2015-03-16,27.783700942993164,27.783700942993164,27.321196435001667,27.54577735550877,143497200,28.39763126373291,26.562143630981446,27.90435106654803,27.381531125545557,-0.017225038237157375,0.49583365993363504,32.71074532268176,0.14013946604934446,0.36581425564622605,27.48128890991211,27.67252540588379,-0.006910699083901406,0.11,5.4,235.976
2015-03-17,28.248430252075195,28.31069037432514,27.93935200486218,27.994941642079787,204092400,28.388848114013673,26.642814254760744,27.937320666336504,27.420606739235463,0.020319639201657136,0.4256532017804257,45.53346083989694,0.15426724199533481,0.32350436982255243,27.783700942993164,27.48128890991211,0.011004288556930808,0.11,5.4,235.976
2015-03-18,28.5664005279541,28.71982845602437,28.09944795575962,28.23953321847968,261083600,28.38606882095337,26.743487739562987,27.997563930797995,27.47195271323632,0.050965326122286436,0.42296869066318965,44.97168533003257,0.18850499589584757,0.2965042484077011,28.248430252075195,27.783700942993164,0.016726688429146597,0.11,5.4,235.976
2015-03-19,28.350719451904297,28.739846973793178,28.328483932802918,28.628667681824925,183238000,28.375507068634032,26.8398034286499,28.03136577033328,27.511113338821243,0.024507847985435705,0.44181071908332953,47.39132785971219,0.19623414584957288,0.27645008135008553,28.5664005279541,28.248430252075195,0.011256210452810889,0.11,5.4,235.976
2015-03-20,27.994937896728516,28.55083249807218,27.830393067587416,28.517480077372603,274780400,28.335482692718507,26.92240333557129,28.02788077957266,27.53255940918634,0.018690862299080235,0.4362396552225797,41.765637143432826,0.1720783950253022,0.25557562205290313,28.350719451904297,28.5664005279541,-0.007550166351506071,0.11,5.4,235.976
2015-03-23,28.28622817993164,28.428537502319035,28.13280025254547,28.266216726686977,150838800,28.271110153198244,26.992490043640135,28.052585795261194,27.56579677159508,0.01808712374098631,0.437641134411227,44.73295237006532,0.17411528809386567,0.23928347906591596,27.994937896728516,28.350719451904297,-0.012549295469532873,0.11,5.4,235.976
2015-03-24,28.170604705810547,28.470786706839743,28.141697009126034,28.29067852409887,131369200,28.210183811187743,27.059732780456542,28.06386721413585,27.592339595066694,-0.002755039680795379,0.4350337619275255,45.400312485204296,0.16461422201931697,0.22434957178221548,28.28622817993164,27.994937896728516,0.010405105532924397,0.11,5.4,235.976
2015-03-25,27.434600830078125,28.199514883696004,27.434600830078125,28.137254753092005,206620800,28.15003604888916,27.12448127746582,28.003736843011417,27.585449196461997,-0.03961996180682392,0.3886358756216267,42.88404520077212,0.09725816330364623,0.198931214005408,28.170604705810547,28.28622817993164,-0.0040876243161726,0.11,5.4,235.976
2015-03-26,27.625822067260742,27.768131384433865,27.261154229947007,27.296732407470724,190291600,28.08132734298706,27.188757438659668,27.967636190688122,27.587204935710815,-0.025568923775402208,0.39324763547311126,44.62655125958118,0.058475226731069085,0.17083994928532473,27.434600830078125,28.170604705810547,-0.026126662292791036,0.11,5.4,235.976
2015-03-27,27.405689239501953,27.728108434323467,27.330088152452873,27.69920243570958,158184800,28.02340269088745,27.250491485595703,27.913971143113738,27.57934474577929,-0.021048400228650732,0.404763307734022,41.32084340328521,0.010040228906959214,0.13867994360332003,27.625822067260742,27.434600830078125,0.006970075430183353,0.11,5.4,235.976
2015-03-30,28.099454879760742,28.10612536584905,27.57246442478671,27.5835830325748,188398800,27.9931622505188,27.33930118560791,27.93167993734295,27.601775436791893,-0.00660297650796049,0.3994477493767192,54.06116896849706,0.026818279544436052,0.11630757650599043,27.405689239501953,27.625822067260742,-0.007968372026100456,0.11,5.4,235.976
2015-03-31,27.668075561523438,28.12613365015108,27.652510530253405,28.03718988726754,168362400,27.938350868225097,27.42316005706787,27.90651861173991,27.60462361012627,-0.017838777318949672,0.4044240914483506,54.85159713227648,0.005536224215038743,0.09415327888671025,28.099454879760742,27.405689239501953,0.025314657631701154,0.11,5.4,235.976
2015-04-01,27.62804412841797,27.82149663766878,27.372331509466417,27.75478840786898,162485600,27.89065465927124,27.494125213623047,27.87994357853696,27.605625975363512,0.007051070272098281,0.3538560401035013,49.51304185864705,-0.014367333179087893,0.07244913518618841,27.668075561523438,28.099454879760742,-0.015351874977048596,0.12,5.4,236.222
2015-04-02,27.865976333618164,27.919341916192426,27.614711756555614,27.801492143796175,128880400,27.878536319732667,27.56617233276367,27.878610930420134,27.616728823987604,0.008693108417650697,0.3107126731252551,54.168738768793084,-0.010953708193905953,0.05576855342195595,27.62804412841797,27.668075561523438,-0.001446845589837098,0.12,5.4,236.222
2015-04-06,28.31735610961914,28.352934285772125,27.645834151109312,27.676964207012766,148776000,27.88687448501587,27.634622497558595,27.920465358645682,27.646505495951597,0.03326560635457887,0.34585995092100563,55.6021821737882,0.027610094697053,0.05013685814190293,27.865976333618164,27.62804412841797,0.008611981510318278,0.12,5.4,236.222
2015-04-07,28.01939582824707,28.488570715367082,28.012725344497895,28.381839582458724,140049200,27.87431106567383,27.694544105529786,27.929901417922004,27.662301462446194,-0.002849131837476926,0.3176215005892276,47.508411807571704,0.033885887278209736,0.04688666233701952,28.31735610961914,27.865976333618164,0.016198240126129138,0.12,5.4,236.222
2015-04-08,27.92823028564453,28.106117783496007,27.788145026197608,27.983819916665507,149316800,27.886429405212404,27.75211093902588,27.929742046854628,27.673531124598128,0.009402703977101856,0.29675353276582944,42.6971922872258,0.03118550166727374,0.04374642894153024,28.01939582824707,28.31735610961914,-0.010522178702652818,0.12,5.4,236.222
2015-04-09,28.141695022583008,28.146143143202508,27.7192151726219,27.98382066980979,129936000,27.934458827972414,27.831488609313965,27.94995278345864,27.693241409520475,0.018591648825285523,0.28418396751264013,47.60684563260082,0.04565160655730338,0.044127464587145004,27.92823028564453,28.01939582824707,-0.0032536584001083835,0.12,5.4,236.222
2015-04-10,28.26177406311035,28.28623364166175,27.85263510636203,28.006061366912018,160752000,27.96392126083374,27.885936698913575,27.97968297354561,27.7171084745144,0.014203619666994793,0.2944483438531189,53.229344168372144,0.065995479555923,0.04850106870539834,28.141695022583008,27.92823028564453,0.007643332024807936,0.12,5.4,236.222
2015-04-13,28.2061767578125,28.588635364311845,28.152811190225506,28.544160947811203,145460400,28.00016565322876,27.92337028503418,28.001275445770116,27.73758301590303,-0.003926191109659194,0.23848553035394568,48.97257658306928,0.076766028317099,0.054154061790491696,28.26177406311035,28.141695022583008,0.004266944135063122,0.12,5.4,236.222
2015-04-14,28.08388900756836,28.30402352421156,27.997169298088878,28.239539333182478,102098400,28.01517505645752,27.966065826416017,28.009150543365354,27.752042603147874,0.0023017334034116654,0.2379131366762538,48.88894428201226,0.07461490464655895,0.058246231035073474,28.2061767578125,28.26177406311035,-0.0019672263026977443,0.12,5.4,236.222
2015-04-15,28.19061851501465,28.268443673239815,28.019403166919286,28.10834693194571,115881600,28.01228446960449,28.004384117126463,28.026447394731356,27.77030844856687,0.009395089724141492,0.20967575817741677,61.548861025336514,0.08055931132111027,0.06270884767974132,28.08388900756836,28.2061767578125,-0.004335495423365754,0.12,5.4,236.222
2015-04-16,28.054977416992188,28.261770933185833,28.04163644706391,28.07943699283474,113476000,27.986713314056395,28.039901123046874,28.029166557634756,27.78213559672639,-0.003081463484030822,0.1442230175622097,56.66898449897772,0.0735168507749897,0.06487044852643413,28.19061851501465,28.08388900756836,0.003800382041729611,0.12,5.4,236.222
2015-04-17,27.739229202270508,28.04830745205387,27.674745018986492,27.917116721430638,207828000,27.956138801574706,28.06507221221924,28.00153492330896,27.780357110023203,-0.018489457161215972,0.1708674737436276,55.03355975155594,0.042058352229638274,0.060308028882691864,28.054977416992188,28.19061851501465,-0.004811568712130843,0.12,5.4,236.222
2015-04-20,28.37295150756836,28.48857721065811,27.83262014670152,27.92156390871118,188217200,27.9750394821167,28.099137687683104,28.036929433121006,27.80486560861431,0.005912703135481312,0.1796109953973279,54.20360688590508,0.06732826312391893,0.06171207582556985,27.739229202270508,28.054977416992188,-0.011254623734982538,0.12,5.4,236.222
2015-04-21,28.21952247619629,28.506363493308605,28.166155206372657,28.484129675573577,129740400,27.97170419692993,28.13462600708008,28.054328810022614,27.82197831280847,0.0048295828469973046,0.1807905577476266,59.267491321253075,0.07415428707238547,0.06420051820910952,28.37295150756836,27.739229202270508,0.022845707091456502,0.12,5.4,236.222
2015-04-22,28.599760055541992,28.655349701672606,28.088336329017185,28.237316173496495,150618000,27.993161964416505,28.17420585632324,28.106300487778846,27.854011227441415,0.014513393535847019,0.22175852043186764,64.65469382025542,0.10890778713443083,0.07314197237987159,28.21952247619629,28.37295150756836,-0.005407580925486211,0.12,5.4,236.222
2015-04-23,28.83323097229004,28.999999874384436,28.493022683451226,28.528600863532645,183083600,28.0630934715271,28.208226737976073,28.175563125590813,27.894261096092922,0.027740302326049404,0.3000461346323697,64.60706780223427,0.15347207574978938,0.08920799360827315,28.599760055541992,28.21952247619629,0.013474274047919899,0.12,5.4,236.222
2015-04-24,28.968870162963867,29.04669700871143,28.73539301864322,29.015566948996813,178103600,28.130245876312255,28.232241439819337,28.251146945155526,27.938348597464266,0.04432859153104052,0.3753664826767007,60.87606896116938,0.19743181043270042,0.11085275757070527,28.83323097229004,28.599760055541992,0.008163387255509802,0.12,5.4,236.222
2015-04-27,29.4958553314209,29.602589860344253,29.162317562609108,29.420254251458086,387816800,28.234754180908205,28.25976921081543,28.369734277556905,28.002132220186468,0.03957656021626832,0.5221320647721635,72.89654331971926,0.2715708422204415,0.14299637521056321,28.968870162963867,28.83323097229004,0.0047042660881184695,0.12,5.4,236.222
2015-04-28,29.031129837036133,29.916115857851434,28.810997058474765,29.89833016079196,475696000,28.281337928771972,28.275245437622072,28.43274532803254,28.044199073938515,0.028760492369225954,0.5329567180559837,65.32759782447923,0.28956052239121277,0.172309205164606,29.4958553314209,28.968870162963867,0.01819142981733446,0.12,5.4,236.222
2015-04-29,28.604202270507812,29.26015928080993,28.528601181683193,28.942188199206498,253544400,28.32814426422119,28.27884761810303,28.44907948530112,28.067054712749385,0.00015532350471447742,0.5177467332447423,56.0677057137581,0.2663590325372489,0.1911191709050092,29.031129837036133,29.4958553314209,-0.015755620210467614,0.12,5.4,236.222
2015-04-30,27.828170776367188,28.60420158242397,27.701426480269312,28.60420158242397,332781600,28.338150596618654,28.262971305847167,28.389929187505544,28.057320597650367,-0.03485770279746858,0.5479700456839702,45.146781606986934,0.18334420388577044,0.18956417748357784,28.604202270507812,29.031129837036133,-0.014705854333773583,0.12,5.4,236.222
2015-05-01,28.67314338684082,28.93552832291123,27.8615357805452,28.03942165877012,234050400,28.378508949279784,28.265195083618163,28.416908626954935,28.082375931226927,-0.010208433206384648,0.4639206525175253,54.44176135590514,0.18351540183785175,0.1883544223434889,27.828170776367188,28.604202270507812,-0.02712998204955175,0.12,5.6,237.001
2015-05-04,28.61754608154297,29.033358897210668,28.5197077719741,28.795433608675246,203953200,28.393518447875977,28.261637496948243,28.436021223737388,28.104117869459344,-0.02977737855061613,0.4532734480200043,55.14134613264339,0.17712899927885317,0.18610933771431407,28.67314338684082,27.828170776367188,0.0303639293169502,0.12,5.6,237.001
2015-05-05,27.97270393371582,28.561952684862618,27.968255813068883,28.49524444684628,197085600,28.391183853149414,28.229617996215822,28.39188685107416,28.09878653849556,-0.03645830903797753,0.4870288287901985,48.09780274156157,0.11873500696800221,0.17263447148703756,28.61754608154297,28.67314338684082,-0.0019390027995105363,0.12,5.6,237.001
2015-05-06,27.79704475402832,28.1839481830708,27.430152781583676,28.141699512749295,288564000,28.384624576568605,28.197776260375978,28.33522486558979,28.086561722246067,-0.02821814462246708,0.5593004416554219,47.764102024842536,0.057636778192428295,0.14963493272158912,27.97270393371582,28.61754608154297,-0.022533104200819,0.12,5.6,237.001
2015-05-07,27.96897315979004,28.152068713553735,27.69209562693978,27.85956113478025,175763600,28.375988483428955,28.18440460205078,28.3003379811368,28.081803897830866,0.00505970674660472,0.5824919257482499,52.042470471573075,0.022810899220573333,0.12427012592740057,27.79704475402832,27.97270393371582,-0.006279663921791134,0.12,5.6,237.001
2015-05-08,28.49593162536621,28.49593162536621,28.158767256911965,28.286040975612977,222201600,28.38769636154175,28.17432331085205,28.318968734975325,28.098539327651597,-0.006180409279993304,0.5585173889427537,51.114474356044795,0.037257919398683725,0.10686768457007154,27.96897315979004,27.79704475402832,0.006185132530565296,0.12,5.6,237.001
2015-05-11,28.205659866333008,28.482535721818746,28.05159103941516,28.44457727863671,168143200,28.387670516967773,28.16715286254883,28.308175953029654,28.102863035905504,-0.014392785951539366,0.42202628366507605,49.87741418824512,0.025019221738912023,0.09049799196502019,28.49593162536621,27.96897315979004,0.01884082274188592,0.12,5.6,237.001
2015-05-12,28.105178833007812,28.330697825742963,27.870726438466505,28.04489029564702,192640000,28.388735008239745,28.15517116546631,28.28884052565476,28.102956401344976,0.004735863204569091,0.34264366448849426,45.39880849505338,0.007137177854527721,0.07382582911129232,28.205659866333008,28.49593162536621,-0.010186428113647339,0.12,5.6,237.001
2015-05-13,28.136436462402344,28.39991557556274,28.10517637300595,28.167696551798738,138776800,28.38602590560913,28.142613830566408,28.27432424425597,28.104304724376735,0.012209632764103029,0.3163237845618354,43.264142183516775,-0.004462780957421586,0.058168107073785655,28.105178833007812,28.205659866333008,-0.0035624422120019705,0.12,5.6,237.001
2015-05-14,28.792909622192383,28.792909622192383,28.393226674292507,28.44904852443522,180814000,28.42292251586914,28.14683265686035,28.323718280439703,28.1320072348958,0.029458945728722208,0.34305761030700377,48.45461885601525,0.038827189223940906,0.054299923499120085,28.136436462402344,28.105178833007812,0.0011121661804842642,0.12,5.6,237.001
2015-05-15,28.752717971801758,28.913485164093117,28.62767757937407,28.819704869772348,152832000,28.4735969543457,28.159720153808593,28.364579100689138,28.156953069118227,0.009011333611109729,0.3540264720309546,42.86311963980202,0.06909713319792132,0.057259365441754945,28.792909622192383,28.136436462402344,0.02333178050700413,0.12,5.6,237.001
2015-05-18,29.069786071777344,29.18812811681569,28.661169736097783,28.66563643791863,203531600,28.508438682556154,28.17810401916504,28.431747182360866,28.19360337005184,0.030636624334954066,0.4233865916048321,50.38207974903807,0.11730141023719654,0.06926777441017459,28.752717971801758,28.792909622192383,-0.0013958870749084529,0.12,5.6,237.001
2015-05-19,29.042987823486328,29.223850035423112,28.946972489400906,29.181424892950112,178532800,28.549611949920653,28.193550491333006,28.489964900042754,28.22767437275919,0.03336783573058488,0.45704548146573315,54.709483903616594,0.1515946590911419,0.08573315135660382,29.069786071777344,28.752717971801758,0.011027413140091369,0.12,5.6,237.001
2015-05-20,29.040752410888672,29.246176365558323,28.87998524513075,29.02735571492461,145819600,28.57166156768799,28.22064826965332,28.54242437811773,28.260259805737306,0.03214038670798747,0.43216496303515595,65.60700538120115,0.17655643063808668,0.1038978072219341,29.042987823486328,29.069786071777344,-0.0009218591504198681,0.12,5.6,237.001
2015-05-21,29.337718963623047,29.391309143552125,28.98939131181877,29.04298149174785,158921600,28.59688596725464,28.263780517578127,28.6181713242042,28.303403600089304,0.018921649412282582,0.44045228261399305,59.9584887907731,0.21777806465972915,0.12667385871855474,29.040752410888672,29.042987823486328,-7.69690987456606e-05,0.12,5.6,237.001
2015-05-22,29.594501495361328,29.690516819846707,29.339954073068743,29.384614265161087,182384000,28.62816753387451,28.302220039367675,28.711160264412396,28.355059259255412,0.029276659145236916,0.5151228705809104,63.80694015696922,0.26806599760301,0.15495228650444642,29.337718963623047,29.040752410888672,0.010225856015460222,0.12,5.6,237.001
2015-05-26,28.942502975463867,29.677120208049125,28.830859309109393,29.607901680044442,282790400,28.60049991607666,28.33144432067871,28.73319399999909,28.378543718287766,-0.0043785357071152164,0.4701473529582203,63.67813420364804,0.25242246971064475,0.17444632315064984,29.594501495361328,29.337718963623047,0.008752641337135936,0.12,5.6,237.001
2015-05-27,29.482866287231445,29.53198978694991,29.038526549453405,29.103278395212143,183332800,28.623086738586426,28.365427627563477,28.8045945753278,28.42265803671119,0.015145771723575896,0.41611638974812154,71.5590619402024,0.2803771106258459,0.19563248065000474,28.942502975463867,29.594501495361328,-0.02203106952146683,0.12,5.6,237.001
2015-05-28,29.424808502197266,29.46276694515732,29.272974730357046,29.442671900136368,122933200,28.664117050170898,28.388955192565916,28.863664974580228,28.46266163804669,0.013224729369084587,0.2938873770111559,69.17639752239407,0.29445381938540294,0.2153967484003052,29.482866287231445,28.942502975463867,0.018670234299558386,0.12,5.6,237.001
2015-05-29,29.089876174926758,29.351121969971384,29.005025890228723,29.301998479577218,203538000,28.727202320098876,28.39942470550537,28.885209692458485,28.48768107165323,-0.008447922928282114,0.2678528237670107,58.240353114894646,0.2754181537994178,0.22740102948169275,29.424808502197266,29.482866287231445,-0.0019692042309781277,0.12,5.6,237.001
2015-06-01,29.147933959960938,29.337729601489205,29.038525321021584,29.08988046597465,128451200,28.750941848754884,28.415368995666505,28.910231885638687,28.514000655788845,-0.0150895440989397,0.22366713880998715,63.97342796354406,0.26199523446092954,0.23431987047826172,29.089876174926758,29.424808502197266,-0.01138265104581726,0.13,5.3,237.657
2015-06-02,29.018423080444336,29.174723530965508,28.875519324668655,28.99609298447233,134670400,28.770985698699953,28.43583869934082,28.92053611982691,28.534095383009547,0.0026231354297461262,0.2279810669997178,63.42732212975962,0.23816474716475966,0.23508884581562547,29.147933959960938,29.089876174926758,0.00199580722465309,0.13,5.3,237.657
2015-06-03,29.054141998291016,29.237239217254434,29.005018520378577,29.17471904665565,123934000,28.825057601928712,28.451196975708008,28.93326083654083,28.554799666742024,-0.014541472486550688,0.22708652357703507,63.47523808563577,0.21962850599283357,0.2319967778508607,29.018423080444336,29.147933959960938,-0.004443226737596673,0.13,5.3,237.657
2015-06-04,28.884450912475586,29.156861744311495,28.783972289246318,28.93357440064891,153800400,28.879427909851074,28.46547389984131,28.928612157537763,28.56791603502595,-0.018364013811044133,0.24496191924184407,51.56836166758602,0.18906985350450256,0.22341139298113064,29.054141998291016,29.018423080444336,0.0012309048547420876,0.13,5.3,237.657
2015-06-05,28.72591781616211,28.95813858108162,28.661165980173738,28.915713437081244,142507200,28.917275142669677,28.49130023956299,28.909307503196633,28.574199108132504,-0.012511512822400817,0.28000547273056886,49.55873106996802,0.15032983813448197,0.20879508201117652,28.884450912475586,29.054141998291016,-0.005840512716755231,0.13,5.3,237.657
2015-06-08,28.536121368408203,28.85095732045085,28.31953238640107,28.78173538640273,210699200,28.919284629821778,28.509506225585938,28.873765248011598,28.572685747510295,-0.020989912780547404,0.2875933562174394,40.82874760880197,0.10312783637519729,0.18766163288325843,28.72591781616211,28.884450912475586,-0.005488527263123544,0.13,5.3,237.657
2015-06-09,28.451278686523438,28.598649180909273,28.04936240860745,28.29051149393801,224301600,28.9315655708313,28.53041801452637,28.833527696643454,28.56786309641317,-0.01954428717055612,0.3412743913929183,40.030132059148315,0.058204378711479876,0.16177018204819485,28.536121368408203,28.72591781616211,-0.006607149994947048,0.13,5.3,237.657
2015-06-10,28.777273178100586,28.87998344548777,28.54728578924955,28.562915834749408,156349200,28.965170288085936,28.543974380493164,28.828170034784552,28.576177272564596,-0.009529409617627493,0.2960637535078764,45.99727277100026,0.04834488178599372,0.13908512199525846,28.451278686523438,28.536121368408203,-0.0029731679645396136,0.13,5.3,237.657
2015-06-11,28.712520599365234,29.0675466815236,28.687958853657094,28.844259323120394,141563600,28.993974494934083,28.56486328125,28.81715563792161,28.5815878548085,-0.005952348328563617,0.23888057328432089,39.781109280752005,0.034904755261354836,0.11824904864811314,28.777273178100586,28.451278686523438,0.01145799087517152,0.13,5.3,237.657
2015-06-12,28.395456314086914,28.654470498138785,28.38205961613511,28.62321040055288,147544800,28.97410182952881,28.580211524963378,28.776993253477624,28.574204955228563,-0.011503949297288152,0.25825225311764965,30.780307676503696,-0.0013116584036012569,0.09433690723743554,28.712520599365234,28.777273178100586,-0.002250129063118722,0.13,5.3,237.657
2015-06-15,28.339628219604492,28.41108009883974,28.069450748010365,28.156532672592473,175955600,28.953447341918945,28.589684562683104,28.735338930179676,28.564904657423114,-0.006885769312056755,0.25339181790470444,38.05310336590432,-0.03412416786220973,0.06864469221721878,28.395456314086914,28.712520599365234,-0.011042718600098422,0.13,5.3,237.657
2015-06-16,28.491466522216797,28.547288361681776,28.216824026035603,28.364192796378532,125976400,28.924531364440917,28.59316677093506,28.712112728997834,28.561994300740515,0.0014125142189969075,0.2312160186965371,26.778060232943602,-0.04733232142555721,0.04544928948845578,28.339628219604492,28.395456314086914,-0.0019660925277937835,0.13,5.3,237.657
2015-06-17,28.424484252929688,28.553989639077844,28.299442161288418,28.518264543999997,131672400,28.893606185913086,28.601268539428713,28.684719265953138,28.556547028339423,-0.012259289578533394,0.18632008331734234,26.6665717534796,-0.06248376438650638,0.023862678713308633,28.491466522216797,28.339628219604492,0.0053578085582388635,0.13,5.3,237.657
2015-06-18,28.553987503051758,28.65000113774058,28.40661872861507,28.408852079248966,141628800,28.86926794052124,28.613783683776855,28.67226850884209,28.556445676579603,-0.005521392514629353,0.15108644139709934,36.17499729365337,-0.06331298334756852,0.006427546301033235,28.424484252929688,28.491466522216797,-0.002350958987487606,0.13,5.3,237.657
2015-06-19,28.26818084716797,28.540591712541328,28.223524054356492,28.516029965430786,218867600,28.815791034698485,28.616313400268556,28.633783653550175,28.545035363070063,-0.004482247635365644,0.1579580140493939,29.69047216468698,-0.08603791652565818,-0.012065546264389873,28.553987503051758,28.424484252929688,0.004556045730494507,0.13,5.3,237.657
2015-06-22,28.493696212768555,28.594174829480085,28.37535420087142,28.46690111999015,136157200,28.760750770568848,28.620951843261718,28.620441893380534,28.543003964170904,0.0054364860389199965,0.15730039347535058,38.400583537824545,-0.08487389162205261,-0.026627215335975857,28.26818084716797,28.553987503051758,-0.010009343033201334,0.13,5.3,237.657
2015-06-23,28.364192962646484,28.49370003981576,28.330699518061692,28.464673296400864,121075600,28.731835269927977,28.624112167358398,28.596037069229688,28.53593122415092,-0.004467076465546893,0.1620696892679174,35.35545407436196,-0.09332440128594754,-0.03996665252600935,28.493696212768555,28.26818084716797,0.00797771058632435,0.13,5.3,237.657
2015-06-24,28.605342864990234,28.982699035849468,28.384288863009008,28.404383907031253,221123600,28.687959098815917,28.634541244506835,28.596923340883777,28.538675822174614,0.006362775501965512,0.13395727100251875,44.2501994098255,-0.07964633457438097,-0.04790258893570231,28.364192962646484,28.493696212768555,-0.004544978972016889,0.13,5.3,237.657
2015-06-25,28.46914291381836,28.84873080458355,28.46914291381836,28.772813907849564,127752400,28.640175819396973,28.64011173248291,28.584753709423925,28.53592732294637,-0.0029713744612492876,0.10234885778953984,44.66115057471629,-0.07888629153906734,-0.054099329456386964,28.605342864990234,28.364192962646484,0.008501913051477406,0.13,5.3,237.657
2015-06-26,28.301671981811523,28.578547822431265,28.248083494105483,28.507095937640774,176267200,28.60076560974121,28.645045623779296,28.557793410640723,28.52667056098323,0.0011847644114286737,0.11088191220338918,45.0796619301556,-0.09075028356494386,-0.06142952027810935,28.46914291381836,28.605342864990234,-0.0047613465713277625,0.13,5.3,237.657
2015-06-29,27.80596923828125,28.239147177225394,27.794805894589647,28.01362651067182,196645600,28.533667373657227,28.64638042449951,28.486190785922954,28.498200090637358,-0.024136109592518218,0.22722484041803961,38.44902697166268,-0.13855161765497215,-0.07685393975350045,28.301671981811523,28.46914291381836,-0.00588254210932182,0.13,5.3,237.657
2015-06-30,28.006938934326172,28.16100778702475,27.87966518317664,28.03819903435955,177482800,28.483093166351317,28.639060173034668,28.440547566387302,28.478798978626127,-0.01259524742307283,0.25073988683049736,35.56500549340184,-0.15839311649835963,-0.09316177510248798,27.80596923828125,28.301671981811523,-0.017514963209553258,0.13,5.3,237.657
2015-07-01,28.26818084716797,28.344099439204413,28.131975414481285,28.33516773993263,120955200,28.443795108795165,28.640033340454103,28.4241316278248,28.47048345182988,-0.011786679831581881,0.2490171454352181,42.24477485538973,-0.15129484381080616,-0.10478838884416054,28.006938934326172,27.80596923828125,0.007227573846562363,0.13,5.2,238.034
2015-07-02,28.232454299926758,28.288276139840534,28.082850474261843,28.230220949336946,108844000,28.411195278167725,28.632687225341797,28.405876583303098,28.461088193616423,-0.008313865106796658,0.2349065622684935,46.84525119124437,-0.14685916770817542,-0.11320254461696869,28.26818084716797,28.006938934326172,0.009327756719661018,0.13,5.2,238.034
2015-07-06,28.134204864501953,28.185561702307453,27.877424082568883,27.897520829030935,112241600,28.381609630584716,28.618706703186035,28.380003008163214,28.44818906244931,-0.005917216389801805,0.23953055929862171,46.088456004073485,-0.14954744974343726,-0.12047152564226599,28.232454299926758,28.26818084716797,-0.0012638431682027162,0.13,5.2,238.034
2015-07-07,28.06498146057129,28.167693414798702,27.636268547149896,28.109638239436453,187787200,28.35805263519287,28.600628929138182,28.350000874062662,28.43307102931366,0.009314986291988347,0.23295827749130069,41.61533771363732,-0.15547121893349924,-0.1274714643005154,28.134204864501953,28.232454299926758,-0.0034800175139240164,0.13,5.2,238.034
2015-07-08,27.36833381652832,27.830538620225102,27.361635467764923,27.794813525637824,243046400,28.303905391693114,28.55807849884033,28.256508542297485,28.391075669947167,-0.022801674945459927,0.3502964267216954,33.35675757235114,-0.21391109462347302,-0.14475939036511234,28.06498146057129,28.134204864501953,-0.002460471311133694,0.13,5.2,238.034
2015-07-09,26.810110092163086,27.701026076730777,26.620316199206663,27.654135941074284,314380000,28.20554723739624,28.51365810394287,28.118756000945172,28.32873334279674,-0.05157992878593598,0.5036402116302194,25.790449782131162,-0.3017883463946873,-0.17616518157103525,27.36833381652832,28.06498146057129,-0.02482266539251754,0.13,5.2,238.034
2015-07-10,27.52686309814453,27.654136814244254,27.064658370882672,27.22765887920902,245418000,28.146264362335206,28.492111320495606,28.062385134259692,28.297120009116586,-0.024992202034098687,0.4826390426192705,40.808388104995096,-0.3100241479389183,-0.20293697484461728,26.810110092163086,27.36833381652832,-0.020396701096509928,0.13,5.2,238.034
2015-07-13,28.05828857421875,28.08061696799642,27.75908264624676,27.91761645667965,165762000,28.129405975341797,28.496713676452636,28.061994984970262,28.287706164888437,-0.0026983627455912096,0.4631865909956659,44.98203433808857,-0.27055224576691117,-0.21646002902907824,27.52686309814453,26.810110092163086,0.026734429792250713,0.13,5.2,238.034
2015-07-14,28.04712677001953,28.216825648745473,27.919853036861934,28.1431404075628,127072400,28.11478090286255,28.48419334411621,28.06057896215382,28.278225324297395,-0.0006361910688179595,0.4681843290798166,46.2434216830006,-0.23743411718936258,-0.22065484666113566,28.05828857421875,27.52686309814453,0.019305704183563144,0.13,5.2,238.034
2015-07-15,28.317302703857422,28.390987940927992,28.040426856633054,28.07168695050287,134596800,28.10607271194458,28.4781884765625,28.08502887894923,28.279765003268864,0.034673973713226225,0.48942066795984956,46.61063206137023,-0.18722922880449389,-0.2139697230898066,28.04712677001953,28.05828857421875,-0.0003978077340567321,0.13,5.2,238.034
2015-07-16,28.694660186767578,28.70806029162525,28.43564770992104,28.52272965247309,144889600,28.119581508636475,28.492627601623536,28.14308908220973,28.2961091692264,0.07029251607420184,0.5424447238018816,52.511143789933506,-0.1156595210566067,-0.194307682683165,28.317302703857422,28.04712677001953,0.009632927324544793,0.13,5.2,238.034
2015-07-17,28.942502975463867,28.942502975463867,28.649997114750235,28.82192931492253,184658800,28.13900728225708,28.515536766052247,28.219223832088986,28.321568345486305,0.05142757720965152,0.6269830262288358,57.010203792078336,-0.038497932591479156,-0.16314573266482577,28.694660186767578,28.317302703857422,0.013326039095480358,0.13,5.2,238.034
2015-07-20,29.489559173583984,29.690516406826855,29.183653216059472,29.243941748870032,235600800,28.200076198577882,28.545948486328125,28.34020828458131,28.367563536386132,0.051010616544886256,0.7863207937242181,68.21256903843043,0.06603375119105337,-0.11730983589364752,28.942502975463867,28.694660186767578,0.008637244249735998,0.13,5.2,238.034
2015-07-21,29.1948184967041,29.679351595599233,29.0988065798831,29.66372325413515,307025600,28.23513231277466,28.559926223754882,28.421599815072106,28.400135288847427,0.04092011763256176,0.8538932594000669,62.59460753721712,0.12366770176381081,-0.06911432836215382,29.489559173583984,28.942502975463867,0.018901481968711664,0.13,5.2,238.034
2015-07-22,27.960041046142578,28.02256122890645,27.238822186865725,27.238822186865725,461802400,28.21492471694946,28.555013847351074,28.37764179714814,28.38281005958717,-0.012616373157114946,0.8055295651605365,47.291965037628266,0.06891447242467308,-0.04150856820478752,29.1948184967041,29.489559173583984,-0.009994746789701248,0.13,5.2,238.034
2015-07-23,27.946643829345703,28.377586753004575,27.92431373287769,28.17886115997897,203998000,28.181989765167238,28.551843147277832,28.33659433790749,28.36564206402636,-0.026068137853983653,0.6330207138459731,47.478305589371416,0.02416259836217094,-0.028374334891395483,27.960041046142578,29.1948184967041,-0.04229440408067353,0.13,5.2,238.034
2015-07-24,27.799274444580078,28.076150275307967,27.665302378327695,27.982369999286025,168649200,28.14849634170532,28.545099906921386,28.28542097668113,28.343352436577334,-0.03949998836842017,0.5951500320548951,47.070315758564654,-0.02293051186394024,-0.027285570285904406,27.946643829345703,27.960041046142578,-0.0004791558343839597,0.13,5.2,238.034
2015-07-27,27.412988662719727,27.60055093250438,27.267853240365948,27.484440550364504,177822000,28.104062175750734,28.517501487731934,28.202332128974973,28.30674270788247,-0.07041714318755898,0.671790367660925,44.59663840573708,-0.09037980505524956,-0.03990441723977365,27.799274444580078,27.946643829345703,-0.0052732408823588095,0.13,5.2,238.034
2015-07-28,27.5492000579834,27.667543816372877,27.36387280220841,27.5492000579834,134472400,28.09122371673584,28.493431129455566,28.140129036731583,28.27693747497924,-0.05636679806406342,0.7162278755638025,51.652417025405406,-0.13132901168717126,-0.05818933612925342,27.412988662719727,27.799274444580078,-0.013895534670533949,0.13,5.2,238.034
2015-07-29,27.462112426757812,27.57598945941344,27.30134525207867,27.497839222707576,148046800,28.06398239135742,28.461277656555175,28.075555990695467,28.244882620659638,-0.017808579699973737,0.767243966040196,56.51788257717173,-0.16886214930270427,-0.08032389876394383,27.5492000579834,27.412988662719727,0.004968863371286103,0.13,5.2,238.034
2015-07-30,27.323671340942383,27.36832812577778,27.176300884600714,27.31250629295996,134513200,28.01675691604614,28.426891326904297,28.003947893133258,28.20864706782796,-0.02229149561598376,0.79980239338505,47.70318127859138,-0.20738767679687342,-0.10573665437052997,27.462112426757812,27.5492000579834,-0.0031611673312579303,0.13,5.2,238.034
2015-07-31,27.084753036499023,27.383957232446935,26.997671116571073,27.375025535076492,171540000,27.959371852874757,28.387771339416503,27.91640548636839,28.16444431333825,-0.025702879746214435,0.8002063853379354,38.21620406133513,-0.25426686943340115,-0.1354426973831044,27.323671340942383,27.462112426757812,-0.005041166668611319,0.13,5.2,238.034
2015-08-03,26.446147918701172,27.368323839136117,26.240722311411144,27.129406500238854,279904000,27.874969005584717,28.329939918518065,27.776380898999747,28.09687143735797,-0.03526943945858074,0.7117660998025932,33.17686841955472,-0.3390402235042984,-0.17616220260734342,27.084753036499023,27.323671340942383,-0.008744004473709155,0.14,5.1,238.033
2015-08-04,25.597658157348633,26.28091680951395,25.287288919695296,26.218396632655303,496554400,27.751602840423583,28.250003051757812,27.568883418457418,27.998599401605375,-0.07083842349423264,0.7349010720952955,24.518845350360365,-0.4692794539111347,-0.23478565286810194,26.446147918701172,27.084753036499023,-0.02357802993209046,0.14,5.1,238.033
2015-08-05,25.767358779907227,26.22286514738283,25.030509893554626,25.220303787449335,397250400,27.67155408859253,28.18650016784668,27.397309586069532,27.910873624423573,-0.061712428400056196,0.8239587837639115,21.462808377584068,-0.5524335615600044,-0.2983152346064826,25.597658157348633,26.446147918701172,-0.032083680540580195,0.14,5.1,238.033
2015-08-06,25.823429107666016,26.13071799542475,25.596889351141915,26.011840324697488,211612000,27.622220039367676,28.11331142425537,27.247416161891657,27.82880980196709,-0.0549063196726558,0.837528284138276,18.412208821439833,-0.606814428745512,-0.3600150734342886,25.767358779907227,25.597658157348633,0.006629537026998422,0.14,5.1,238.033
2015-08-07,25.91090965270996,26.07464798007613,25.68212639758036,25.700070652053586,154681600,27.541422367095947,28.043033447265625,27.12012979289326,27.753418627457215,-0.04333963769974969,0.8061643085432358,10.038086694193368,-0.6355267962334423,-0.41511741799411955,25.823429107666016,25.767358779907227,0.002176021540962525,0.14,5.1,238.033
2015-08-10,26.852964401245117,26.913524125357984,26.137453032004053,26.137453032004053,219806400,27.481156158447266,27.99829521179199,27.094685463586906,27.718025777565785,0.015382825649866039,0.7647184838343458,27.15214978648399,-0.5756306721816529,-0.44722006883162624,25.91090965270996,25.823429107666016,0.0033876424652672377,0.14,5.1,238.033
2015-08-11,25.455583572387695,26.507541906594625,25.419696776558233,26.42455101739805,388331200,27.351578998565675,27.924448204040527,26.938580486640586,27.629107229809517,-0.0055502962063016525,0.7569979153319099,26.317154545772638,-0.633614791013585,-0.48449901326801803,26.852964401245117,25.91090965270996,0.03635745564944415,0.14,5.1,238.033
2015-08-12,25.84810447692871,25.88847819074605,24.589792392756152,25.240257021476328,404870000,27.228119087219238,27.861041831970216,26.83472560754904,27.559116267363162,0.0031336427497741237,0.6653748304689887,31.483312178405555,-0.6405112490904727,-0.515701460432509,25.455583572387695,26.852964401245117,-0.0520382333949182,0.14,5.1,238.033
2015-08-13,25.82792091369629,26.108293477433204,25.691098965692007,26.027546042176308,194143200,27.084782123565674,27.79651741027832,26.73883942866775,27.491088309580405,0.00017394305038065383,0.5446376741075417,32.206171836721055,-0.6402252507226933,-0.5406062184905458,25.84810447692871,25.455583572387695,0.015419835236729407,0.14,5.1,238.033
2015-08-14,26.00960350036621,26.08810748113109,25.57222295663443,25.641754809417833,171718000,26.938137149810792,27.739020462036134,26.66938837636831,27.432877457748543,0.003808968846677585,0.40956440689687956,36.84694882276851,-0.6182120413465846,-0.5561273830617536,25.82792091369629,25.84810447692871,-0.0007808527410757549,0.14,5.1,238.033
2015-08-17,26.27875328063965,26.388658816381827,25.906417796532466,26.02753891625681,163538800,26.777596855163573,27.690077171325683,26.632185028340093,27.38753280852207,-0.02138352816565925,0.3901750826851629,38.38239582737407,-0.5724495435753703,-0.5593918151644769,26.00960350036621,25.82792091369629,0.00703434811021042,0.14,5.1,238.033
2015-08-18,26.13072967529297,26.34157044516852,26.020824081133032,26.115028876127262,138242800,26.624392414093016,27.64196933746338,26.5844273691906,27.33815761345517,0.026522515226782062,0.374736563672506,37.95935461969647,-0.5418801837958398,-0.5558894888907495,26.27875328063965,26.00960350036621,0.010348092398626774,0.14,5.1,238.033
2015-08-19,25.796520233154297,26.135209069986114,25.722501463015533,26.041004295950447,193146000,26.516216373443605,27.588874168395996,26.5093885851204,27.277596602199893,-0.0019956683408045572,0.3729159053177916,36.66120120442306,-0.5384150170587567,-0.552394594524351,26.13072967529297,26.27875328063965,-0.00563282450144742,0.14,5.1,238.033
2015-08-20,25.26717758178711,25.648483611062783,25.038392595214948,25.58792388594571,274006400,26.382243061065672,27.518672256469728,26.39108276214217,27.198625537617538,-0.02171074217637947,0.43706362245308145,34.891044563612226,-0.5717909433155484,-0.5562738642825905,25.796520233154297,26.13072967529297,-0.012789900867355875,0.14,5.1,238.033
2015-08-21,23.721755981445312,25.098945507782958,23.69708306556159,24.769227187571232,513102000,26.178367137908936,27.418856964111328,26.136861138439688,27.062059884730868,-0.08796164535490458,0.8266550496087028,30.31995304452778,-0.7147050510764075,-0.5879601016413539,25.26717758178711,25.796520233154297,-0.020519924648087384,0.14,5.1,238.033
2015-08-24,23.129610061645508,24.403622752777807,20.63541571949694,21.279151586799312,648825200,25.964198207855226,27.3135400390625,25.850456247949275,26.907609473128062,-0.11983609668858264,1.0636569680687424,31.486030335045328,-0.8657665394709859,-0.6435213892072804,23.721755981445312,25.26717758178711,-0.06116320650929197,0.14,5.1,238.033
2015-08-25,23.268680572509766,24.921757912591616,23.21484951655128,24.921757912591616,414406400,25.750172233581544,27.212121086120604,25.60457283006651,26.76469595480215,-0.10952809731483759,1.2476559033765997,31.169726834426086,-0.9631593544869261,-0.7074489822632096,23.129610061645508,23.721755981445312,-0.02496214530926666,0.14,5.1,238.033
2015-08-26,24.60325050354004,24.648109423295963,23.562507821628127,24.020074279164454,387098400,25.607229137420653,27.13435676574707,25.509208791872794,26.67981330906113,-0.04625700361247331,1.2297862488345113,42.29026842604454,-0.9220269902436087,-0.7503645838592895,23.268680572509766,23.129610061645508,0.006012661281085352,0.14,5.1,238.033
2015-08-27,25.32773780822754,25.399513122615115,24.67727305900723,25.17297330263905,338464400,25.507432460784912,27.072421836853028,25.491925839885905,26.62671857557085,0.0023967942697360467,1.2023916053579706,46.589735410313665,-0.821499650096797,-0.7645915971067911,24.60325050354004,23.268680572509766,0.05735477466680994,0.14,5.1,238.033
2015-08-28,25.410728454589844,25.415213663018278,25.018206833650943,25.1595140011359,212657600,25.42373123168945,27.009556655883788,25.484192755100967,26.578970335463797,0.07119930221293957,1.1580350621911168,40.624090955420264,-0.7267567737590959,-0.7570246324372522,25.32773780822754,24.60325050354004,0.029446812508910458,0.14,5.1,238.033
2015-08-31,25.291847229003906,25.688854003074386,25.121380241072895,25.128108908407583,224917200,25.36601619720459,26.95002998352051,25.465874132558376,26.528431510496077,0.09348351146411726,1.065194365782388,48.72333913626966,-0.6537292746287342,-0.7363655608755486,25.410728454589844,25.32773780822754,0.0032766703047337753,0.14,5.1,238.033
2015-09-01,24.16138458251953,25.09446351743567,24.080637153090667,24.706428875535263,307383600,25.294202518463134,26.863383750915528,25.341637026360054,26.435494108694574,0.03836504640767768,0.9684145877132343,38.20578103139916,-0.6792432435178526,-0.7249410974040095,25.291847229003906,25.410728454589844,-0.004678387154401498,0.14,5.0,237.498
2015-09-02,25.197641372680664,25.197641372680664,24.4776448587597,24.724374075491905,247555200,25.265716648101808,26.80005271911621,25.32792315396239,26.38689457691855,0.024159038215503248,0.9023141984755247,46.14115888548941,-0.6088279664266523,-0.7017184712085381,24.16138458251953,25.291847229003906,-0.0446967212892222,0.14,5.0,237.498
2015-09-03,24.75577735900879,25.296334790713942,24.68175858892311,25.231288148328805,212935600,25.212334060668944,26.723061408996582,25.27343307602845,26.322857938059,-0.022582374057621202,0.8703187934128818,42.56055191020595,-0.5819694340834438,-0.6777686637835193,25.197641372680664,24.16138458251953,0.04288896551528154,0.14,5.0,237.498
2015-09-04,24.509048461914062,24.7737202433098,24.33858316703833,24.441760070123664,199985200,25.14224100112915,26.643859519958497,25.200634538662523,26.251652026469976,-0.03548422447971633,0.8279994459354675,39.471626775418684,-0.5739763347376972,-0.6570101979743549,24.75577735900879,25.197641372680664,-0.01753592755514588,0.14,5.0,237.498
2015-09-08,25.1909122467041,25.246986756530266,24.744559627640125,25.065305892296124,219374400,25.0591383934021,26.58164432525635,25.199708606064117,26.21001161497126,-0.003990811006641559,0.6728397871521352,44.742747972202025,-0.506779290298006,-0.6269640164390852,24.509048461914062,24.75577735900879,-0.009966517856282997,0.14,5.0,237.498
2015-09-09,24.70642852783203,25.574460815088862,24.6211941806021,25.516144558967323,340043200,25.021680641174317,26.519653511047363,25.152729549574225,26.15098932213357,0.022558473147554325,0.423333200746069,44.00295234361687,-0.4870049849272782,-0.5989722101367239,25.1909122467041,24.509048461914062,0.02782089993618575,0.14,5.0,237.498
2015-09-10,25.249235153198242,25.408486586892877,24.650359681855335,24.733348877420127,251571200,24.991737174987794,26.464499435424806,25.16192055969456,26.11559285004633,0.0020475638872103907,0.41966656484951076,49.9014372537634,-0.4226616282168969,-0.5637100937527585,24.70642852783203,25.1909122467041,-0.019232480115342288,0.14,5.0,237.498
2015-09-11,25.617082595825195,25.617082595825195,25.06755300397029,25.074281672328418,199662000,24.98119525909424,26.411477470397948,25.20526932611304,26.096025601941214,0.03479209011802542,0.45480373650785283,61.95871229179298,-0.33808959253337534,-0.5185859935088819,25.249235153198242,24.70642852783203,0.021970258661818898,0.14,5.0,237.498
2015-09-14,25.863807678222656,26.218199009025287,25.762874239912513,26.148667160912005,233453600,24.97390546798706,26.36410453796387,25.267987265813396,26.086911038680388,0.055275879780229964,0.5175146261442298,68.03789209731531,-0.24829482904888778,-0.46452776061688306,25.617082595825195,25.249235153198242,0.01456865684821973,0.14,5.0,237.498
2015-09-15,26.081378936767578,26.137453453474166,25.664184395569876,26.00287495563004,173364800,24.964036750793458,26.32304801940918,25.345453140806818,26.086693910907503,0.03534872740386685,0.6097807285162218,68.36554948793899,-0.15775714395114804,-0.4031736372837361,25.863807678222656,25.617082595825195,0.009631271690464516,0.14,5.0,237.498
2015-09-16,26.110536575317383,26.139694705489024,25.892967195070767,26.074648066252323,148694000,24.96302709579468,26.2839591217041,25.418318231143267,26.08762967345028,0.05683168839654873,0.5751389571226254,61.86442001186664,-0.08269929559261868,-0.33907876894551264,26.081378936767578,25.863807678222656,0.008412189776995538,0.14,5.0,237.498
2015-09-17,25.55203628540039,26.128482269521882,25.50717735491766,25.94231616788589,256450400,24.950802898406984,26.247633171081542,25.43105328414083,26.066609693091877,0.011992487311592637,0.5771165529657706,51.81291140341113,-0.06750353416492416,-0.284763721989395,26.110536575317383,26.081378936767578,0.0011179485034320535,0.14,5.0,237.498
2015-09-18,25.446613311767578,25.6372680249508,25.09222369020749,25.168484206474112,297141200,24.959774684906005,26.220363235473634,25.43253519155609,26.04227796121973,-0.006654515923893656,0.5361649175269174,50.28899443331654,-0.0632385543975218,-0.24045868847102034,25.55203628540039,26.110536575317383,-0.02138984345671968,0.14,5.0,237.498
2015-09-21,25.841381072998047,25.877269586482125,25.493720082728235,25.495961831377105,200888000,25.065755939483644,26.186653594970704,25.471472895079103,26.03439400207898,-0.0008671037731035058,0.43762124024498383,54.23731455847592,-0.02768495942467908,-0.1979039426617521,25.446613311767578,25.55203628540039,-0.004125814962662955,0.14,5.0,237.498
2015-09-22,25.43539810180664,25.61035029936734,25.238014731218577,25.430911182697873,201384800,25.1810453414917,26.13419578552246,25.468037200439536,26.01088778234797,-0.024767894233164278,0.42084948243405,61.05918497639647,-0.031900162003807964,-0.16470318653016328,25.841381072998047,25.446613311767578,0.015513567813281837,0.14,5.0,237.498
2015-09-23,25.64175033569336,25.731469888596294,25.412967101486103,25.486984149717248,143026800,25.29969882965088,26.086088256835936,25.484581308742776,25.996402221616133,-0.017953910608913826,0.284369912176046,54.50407945901758,-0.018378001289512724,-0.13543814948203317,25.43539810180664,25.841381072998047,-0.01571057560911948,0.14,5.0,237.498
2015-09-24,25.794269561767578,25.906418559862217,25.20436644784261,25.401748068436333,200878000,25.359249782562255,26.03562759399414,25.514075428374984,25.988470409385727,0.009479998919130761,0.2406735678579449,61.18888864685445,0.00459248788458666,-0.1074320220087092,25.64175033569336,25.43539810180664,0.008112797490362977,0.14,5.0,237.498
2015-09-25,25.729225158691406,26.173335982439163,25.574458980357516,26.117261478551004,224607600,25.37932415008545,25.976318893432616,25.53456587906769,25.978297717013664,0.011106069144106279,0.23697558689219242,63.682039366522034,0.017348249542283867,-0.08247596769851058,25.794269561767578,25.64175033569336,0.005948081705713815,0.14,5.0,237.498
2015-09-28,25.220067977905273,25.69782210773061,25.220067977905273,25.536327271942337,208436000,25.369791126251222,25.901870193481447,25.504613697758103,25.948545761886606,-0.02404333937639236,0.28507088062712016,50.34010063739389,-0.013472125389615286,-0.06867519923673153,25.729225158691406,25.794269561767578,-0.0025216609805683854,0.14,5.0,237.498
2015-09-29,24.46194839477539,25.46007589130481,24.192791379564408,25.307553126349635,293461600,25.328296184539795,25.801317977905274,25.40531223959179,25.890214945142894,-0.03827145551781663,0.4482971200681499,47.319281895981995,-0.09794235841486909,-0.07452863107235905,25.220067977905273,25.729225158691406,-0.01978906001427483,0.14,5.0,237.498
2015-09-30,24.74007225036621,25.018201315562724,24.38792442798784,24.710912412608344,265892000,25.357230567932127,25.712223052978516,25.34195604971492,25.84508686917823,-0.035164451471630276,0.4582062362298546,44.073011629817444,-0.14082008000326596,-0.08778692085854044,24.46194839477539,25.220067977905273,-0.03006017207384426,0.14,5.0,237.498
2015-10-01,24.578580856323242,24.58755298372046,24.069423321895563,24.464188371081597,255716400,25.32627754211426,25.64459384918213,25.26925364990115,25.7953941090687,-0.0471301853511773,0.5185139553638614,37.30107567007808,-0.185691447572772,-0.10736782620138675,24.74007225036621,24.46194839477539,0.011369652617296166,0.12,5.0,237.733
2015-10-02,24.758018493652344,24.89932736235935,24.123256303717053,24.22643320282759,232079200,25.326389598846436,25.580821342468262,25.22056458713276,25.75469236377426,-0.03774721776691303,0.5405036933421059,36.25204054821859,-0.20441682766029245,-0.1267776264931679,24.578580856323242,24.74007225036621,-0.006527523137713431,0.12,5.0,237.733
2015-10-05,24.84774398803711,24.980080760853248,24.464194430906268,24.64587534974226,208258800,25.343324375152587,25.5217907333374,25.185057863232206,25.719108668575434,-0.014763005008327057,0.5036718896714252,34.158994922296344,-0.2096005862285395,-0.14334221844024223,24.758018493652344,24.578580856323242,0.007300569482755037,0.12,5.0,237.733
2015-10-06,24.966617584228516,25.06306582262484,24.621198351629094,24.814094828421737,192787200,25.332109642028808,25.47286331176758,25.164254027042706,25.68958558932823,0.020630784650045086,0.4928270344627707,35.641852018016664,-0.20179053407767,-0.1550318815677278,24.84774398803711,24.758018493652344,0.0036240983666673277,0.12,5.0,237.733
2015-10-07,24.84774398803711,25.06979863453207,24.540456677043768,25.063069965132033,187062400,25.339175415039062,25.418834190368653,25.134110213680955,25.65655754843872,0.004352118966398866,0.45355904734757707,40.063293183065845,-0.20285473090626738,-0.16459645143543572,24.966617584228516,24.84774398803711,0.00478408004560249,0.12,5.0,237.733
2015-10-08,24.56063461303711,24.715400803406812,24.27128994512158,24.715400803406812,247918400,25.304745388031005,25.360804634094237,25.079493489608282,25.61356186159555,-0.0007301578309601986,0.3723333305398216,38.10951447721674,-0.2242800733985142,-0.17653317582805142,24.84774398803711,24.966617584228516,-0.004761301597638101,0.12,5.0,237.733
2015-10-09,25.148296356201172,25.184183152026744,24.55839142763354,24.67278390489033,211064400,25.281306076049805,25.317297134399414,25.086046143591414,25.595308684312386,0.01576369541241318,0.24818449786346414,41.15618708649888,-0.19163142570543457,-0.17955282580352808,24.56063461303711,24.84774398803711,-0.011554746182922182,0.12,5.0,237.733
2015-10-12,25.031658172607422,25.28960123253007,24.99577138000303,25.285116025176293,121868800,25.239698600769042,25.276235237121583,25.080866336815365,25.573196046713186,0.007401645181907002,0.2193188333284243,44.43750696375902,-0.17317263501462676,-0.17827678764574784,25.148296356201172,24.56063461303711,0.02392697714952874,0.12,5.0,237.733
2015-10-13,25.074275970458984,25.222311774450123,24.825305030272983,24.856706616309225,132197200,25.189343452453613,25.248797798156737,25.080238682874946,25.553623158189275,0.00431209337297167,0.2009830274440637,41.81226553005619,-0.15333743261373556,-0.1732889166393454,25.031658172607422,25.148296356201172,-0.004638015312913635,0.12,5.0,237.733
2015-10-14,24.71988868713379,25.01371859456382,24.574094607652142,24.96213099969483,177849600,25.119811058044434,25.23124240875244,25.045919635576517,25.520915815359565,-0.0051455496710235415,0.20236607101998078,35.35172655550707,-0.1643198010323914,-0.1714950935179546,25.074275970458984,25.031658172607422,0.0017025559216927721,0.12,5.0,237.733
2015-10-15,25.089977264404297,25.14380831136145,24.782688353476704,24.881380032279928,150694000,25.09670810699463,25.217694778442382,25.050115600236182,25.504010368014864,0.02155248264986631,0.189418471105608,41.95369129063608,-0.14152890093164672,-0.16550185500069306,24.71988868713379,25.074275970458984,-0.01413350015540682,0.12,5.0,237.733
2015-10-16,24.906049728393555,25.121375599610698,24.79165727106454,25.07202976659591,156930400,25.069679927825927,25.199347190856933,25.036395040985262,25.480553070511494,-0.00963272519046332,0.182352756275805,45.69493096137373,-0.13673219690483407,-0.15974792338152127,25.089977264404297,24.71988868713379,0.01497128817829707,0.12,5.0,237.733
2015-10-19,25.06081771850586,25.065302925807504,24.697454321783546,24.85222049818976,119036800,25.030651760101318,25.182345352172852,25.038721010277204,25.4640875593347,0.0011649066832635224,0.18548571460167018,59.83777293725733,-0.11906973148903433,-0.1516122850030239,24.906049728393555,25.089977264404297,-0.007330717524072217,0.12,5.0,237.733
2015-10-20,25.51838493347168,25.60810448355111,24.856706460244805,24.973340677467405,195871200,25.03480110168457,25.155653762817384,25.084403288752483,25.46621752700329,0.01771173626452538,0.26084536750916953,62.07372410152746,-0.06737361516739426,-0.134764551035898,25.06081771850586,24.906049728393555,0.006214072155162675,0.12,5.0,237.733
2015-10-21,25.51614761352539,25.924370011535668,25.502688566360003,25.569978668411807,167180800,25.02852096557617,25.15686504364014,25.125521795935445,25.46817615172826,0.032211266663431104,0.30121308522187384,65.30015133471491,-0.02628164514286624,-0.11306796985729163,25.51838493347168,25.06081771850586,0.018258271541871318,0.12,5.0,237.733
2015-10-22,25.906423568725586,25.906423568725586,25.592405971095445,25.643995273146963,166616400,25.034128665924072,25.158031425476075,25.19989339344505,25.48536723388264,0.03254073511974043,0.34888438124192134,67.53423149571353,0.03734554438193172,-0.08298526700944696,25.51614761352539,25.51838493347168,-8.767482550808836e-05,0.12,5.0,237.733
2015-10-23,26.709415435791016,26.743060489612784,26.092595723673156,26.175584917007193,237467600,25.083138179779052,25.175661315917967,25.343657397654674,25.533382297248203,0.07240673358736527,0.5903108838932764,73.34081028471402,0.1508266391119406,-0.03622288578516943,25.906423568725586,25.51614761352539,0.015295253856946633,0.12,5.0,237.733
2015-10-26,25.857074737548828,26.49632373414479,25.776327315741124,26.485109860218078,265335200,25.11498851776123,25.17261074066162,25.392554287222772,25.5460794653391,0.03177298634014569,0.5979966809343884,59.429841747939136,0.17002452449191452,0.005026596270247371,26.709415435791016,25.906423568725586,0.03099585957649542,0.12,5.0,237.733
2015-10-27,25.693334579467773,26.13968708548346,25.567726545614473,25.883987522338167,279537600,25.17655782699585,25.160902366638183,25.421200029370162,25.551855638555594,0.006855827531883296,0.5883729861451023,58.870417508856754,0.17006610981519543,0.038034498979237,25.857074737548828,26.709415435791016,-0.03191161934229525,0.12,5.0,237.733
2015-10-28,26.752023696899414,26.758754074856693,26.032027268696027,26.22716715926366,342205600,25.27715539932251,25.173328247070312,25.547945140678785,25.598932507621367,0.04843505775609014,0.6386458028807789,69.78526735758683,0.25261443952442875,0.08095048708827536,25.693334579467773,25.857074737548828,-0.006332508984215335,0.12,5.0,237.733
2015-10-29,27.034635543823242,27.070524042409595,26.5277216244667,26.624169825345273,204909200,25.39995813369751,25.19809055328369,25.689534702999616,25.65524775304958,0.04354950702109428,0.7224970556786285,68.02390490815323,0.33695479229347924,0.13215134812931617,26.752023696899414,25.693334579467773,0.041204815753174584,0.12,5.0,237.733
2015-10-30,26.803617477416992,27.18941040444977,26.792401890203436,27.1378210990291,197461200,25.502238082885743,25.22881935119629,25.79563782445176,25.700291977520923,0.003526922625934459,0.681817010934429,66.56884863768747,0.38076468548851494,0.18187401560115596,27.034635543823242,26.752023696899414,0.010564129657098853,0.12,5.0,237.733
2015-11-02,27.180438995361328,27.220812714635596,26.82829110940293,27.095206348563828,128813200,25.618872833251952,25.29799301147461,25.927523650341577,25.758349487835652,0.051179968006618726,0.6569993024981663,68.53538629292274,0.44080931080872077,0.23366107464266897,26.803617477416992,27.034635543823242,-0.00854526283632595,0.12,5.1,238.017
2015-11-03,27.492212295532227,27.698566093648566,27.072774320250645,27.092962034880685,182076000,25.74515256881714,25.385245056152343,26.0765416166411,25.82635820895081,0.07001340018753277,0.6925743856141849,74.58234423021112,0.5077001553131169,0.2884688907767586,27.180438995361328,26.803617477416992,0.014058606763128978,0.12,5.1,238.017
2015-11-04,27.36435890197754,27.77258123681901,27.279126268991515,27.61781505280359,179544400,25.87098331451416,25.4671586227417,26.19919088197892,25.886683979292382,0.022889304077175154,0.647620121299446,71.0722946114362,0.5441226248578985,0.3395996375929866,27.492212295532227,27.180438995361328,0.01147050274736583,0.12,5.1,238.017
2015-11-05,27.23821449279785,27.63692237202805,27.0715239466286,27.44770463648238,158210800,26.004862308502197,25.519857902526855,26.298145511630132,25.939695322306715,0.007530301218398483,0.6066524316767868,71.84152255414804,0.5563951187820706,0.3829587338308035,27.36435890197754,27.492212295532227,-0.004650531291563786,0.12,5.1,238.017
2015-11-06,27.26974868774414,27.43869228536737,27.170636279108386,27.281012281685616,132169200,26.110934925079345,25.55869812011719,26.390679147492314,25.991863871336662,0.017390608216218517,0.6217592070708099,71.17619609753386,0.5621851835526783,0.4188040237751785,27.23821449279785,27.36435890197754,-0.00460980685246648,0.12,5.1,238.017
2015-11-09,27.159378051757812,27.43869770715078,27.04224455710382,27.247228602394177,135485600,26.217320919036865,25.593671112060548,26.463888566976088,26.037656832003787,-0.000774856638890542,0.5132812139615842,66.85350712747973,0.5515103955796974,0.4453452981360823,27.26974868774414,27.23821449279785,0.0011577188715738984,0.12,5.1,238.017
2015-11-10,26.30340576171875,26.596242181560243,26.14347260640302,26.33269043485336,236511600,26.278777408599854,25.613902282714843,26.448604490279262,26.048080128060104,-0.04324157405137852,0.35170023338897216,56.87905660176104,0.46857925264626843,0.44999208903811955,27.159378051757812,27.26974868774414,-0.004047365351626198,0.12,5.1,238.017
2015-11-11,26.154720306396484,26.449807892021965,25.951987655798305,26.21328789847664,180872000,26.35051898956299,25.653768997192383,26.420615520376302,26.052262778017365,-0.04420489439983333,0.44746289763051145,52.26525509112075,0.38640382852441846,0.4372744369353794,26.30340576171875,27.159378051757812,-0.031516638135373753,0.12,5.1,238.017
2015-11-12,26.066875457763672,26.31465909867427,26.051107454758,26.188515074628896,130102400,26.399363899230956,25.671153678894044,26.38692599059347,26.05283591409317,-0.043003517552293924,0.5352065673253891,43.25827855919809,0.31061034533907517,0.4119416186161185,26.154720306396484,26.30340576171875,-0.005652707359237064,0.12,5.1,238.017
2015-11-13,25.30549430847168,26.033078732806032,25.289726310103216,25.94973261652534,183249600,26.419336128234864,25.6821480178833,26.283932497029852,26.023523987052645,-0.07203052737171933,0.7376098702832093,44.100037825109254,0.18695131241331353,0.36694355737555756,26.066875457763672,26.154720306396484,-0.0033586613660452347,0.12,5.1,238.017
2015-11-16,25.7199764251709,25.73349136463906,25.003655417441404,25.089252898378675,152426800,26.452294063568115,25.706366577148437,26.230222394934742,26.01161843893386,-0.05299832801192417,0.7866362461898687,50.27046557721397,0.12100105467311195,0.31775505683506844,25.30549430847168,26.066875457763672,-0.029208761538208283,0.12,5.1,238.017
2015-11-17,25.609601974487305,25.91595322409796,25.526255832645884,25.88666856201623,110467600,26.456854915618898,25.714740371704103,26.171115688212208,25.99585089602207,-0.026376956410762098,0.7765736738104909,35.63666413432172,0.05914689626360925,0.2660334247207766,25.7199764251709,25.30549430847168,0.016379135362728725,0.12,5.1,238.017
2015-11-18,26.420528411865234,26.465579354077473,26.01731612030753,26.07588372005007,186698800,26.502073955535888,25.749022369384765,26.194869280945888,26.012507140347882,0.010162911411587316,0.7027843245394712,43.184436326133685,0.07470090869327706,0.2277669215152767,25.609601974487305,25.7199764251709,-0.0042913900409168315,0.12,5.1,238.017
2015-11-19,26.756160736083984,26.97466139984939,26.301140064054348,26.499366602206727,173183200,26.544560813903807,25.77916088104248,26.248325610016472,26.041673768325246,0.026442957439880566,0.6475299492999648,49.48526208168364,0.11280989608346559,0.20477551642891448,26.420528411865234,25.609601974487305,0.031664937166371754,0.12,5.1,238.017
2015-11-20,26.873294830322266,27.01295376704762,26.771927643562183,26.85076764309796,137148400,26.55275478363037,25.80428512573242,26.307846488150712,26.07429037937286,0.06195494554420633,0.5895035051510586,46.46969584033042,0.15072581200611168,0.19396557554435395,26.756160736083984,26.420528411865234,0.012703467507789057,0.12,5.1,238.017
2015-11-23,26.52414894104004,26.9701608641234,26.431792268427206,26.866540595821984,129930000,26.586108493804932,25.81749195098877,26.32844672176231,26.091933981091053,0.031266456180812696,0.5075955809976681,38.967892939368014,0.15086224784188218,0.1853449100038596,26.873294830322266,26.756160736083984,0.004377836394154677,0.12,5.1,238.017
2015-11-24,26.7786922454834,26.88456386674009,26.382239079760044,26.42954309208214,171212800,26.640376377105714,25.831438217163086,26.37132724783681,26.118868742471687,0.0456504662649877,0.5421917714648712,43.513021786214374,0.16955536241252034,0.18218700048559178,26.52414894104004,26.873294830322266,-0.012992299287702957,0.12,5.1,238.017
2015-11-25,26.58722496032715,26.857535830351882,26.562446420943623,26.85302970396378,85553200,26.6321364402771,25.84097198486328,26.391888934743182,26.137237661095938,0.006309357097757928,0.5534550820353384,42.89234285752366,0.16699496693729543,0.17914859377593254,26.7786922454834,26.52414894104004,0.009596662460657157,0.12,5.1,238.017
2015-11-27,26.537662506103516,26.672818773030528,26.490358500112393,26.64578717592846,52185600,26.607287788391112,25.860684509277345,26.405772132017137,26.152942245717572,-0.008166277371992159,0.5548266630396503,42.03825381903447,0.1591321825635923,0.1751453115334645,26.58722496032715,26.7786922454834,-0.007149986392204877,0.12,5.1,238.017
2015-11-30,26.64803695678711,26.898073613791787,26.52414430022331,26.5782057691861,156721200,26.59950876235962,25.884712982177735,26.428844972473744,26.17235968410367,-0.008382220154150466,0.43359682823414386,44.43895440975628,0.1599632085628535,0.1721088909393423,26.537662506103516,26.58722496032715,-0.001864145441940246,0.12,5.1,238.017
2015-12-01,26.431793212890625,26.76292300239936,26.323670252183778,26.749408061956874,139409600,26.562076473236083,25.896521224975587,26.42912575727538,26.182534534511177,-0.00348194878390673,0.35200130935969215,51.621955580315614,0.14154114187186195,0.16599534112584627,26.64803695678711,26.537662506103516,0.004159162498136748,0.24,5.0,237.761
2015-12-02,26.19301986694336,26.60524273261725,26.14796892014572,26.431792978421072,133546400,26.49711685180664,25.91167366027832,26.40663948200381,26.18294576232656,-0.021870835706654823,0.2008403899536317,50.47308102973342,0.10644744818195662,0.15408576253706835,26.431793212890625,26.64803695678711,-0.00811480951663146,0.24,5.0,237.761
2015-12-03,25.949743270874023,26.307904693128734,25.72899120307998,26.253843207752347,166278000,26.426386070251464,25.917833518981933,26.363125557131067,26.17379974799133,-0.023976992348933024,0.2804768519150256,48.606669815845635,0.05833263295854252,0.1349351366213632,26.19301986694336,26.431793212890625,-0.009033565903913687,0.24,5.0,237.761
2015-12-04,26.812477111816406,26.862034179405825,25.92946558311689,25.970012118546116,231108000,26.405099201202393,25.93819766998291,26.40592094329446,26.198848073094503,0.010355644761466332,0.2860770366638182,67.50404428755184,0.08879315287705225,0.125706739872501,25.949743270874023,26.19301986694336,-0.009287840703559369,0.24,5.0,237.761
2015-12-07,26.64353370666504,26.9994419961202,26.53766210119315,26.80121544281288,128336800,26.37378845214844,25.956483840942383,26.428550730283515,26.216288166299293,-0.00016898993833480702,0.2641503734005818,61.37629137740972,0.09816937817923943,0.12019926753384869,26.812477111816406,25.949743270874023,0.033246334344691375,0.24,5.0,237.761
2015-12-08,26.632272720336914,26.71561713872775,26.323668425837894,26.472337916140933,137238000,26.347433185577394,25.984727935791014,26.44795282457539,26.23260258111038,0.0075847864664935205,0.26696299859131667,62.91245020927757,0.10349837199921907,0.11685908842692276,26.64353370666504,26.812477111816406,-0.006300924918157369,0.24,5.0,237.761
2015-12-09,26.044347763061523,26.51063206197819,25.922708156572398,26.499368467113474,185445600,26.33448028564453,26.016375923156737,26.409514247286435,26.225219476135518,-0.005676019971621038,0.2884717573409968,44.96683208516628,0.05959404490804232,0.10540607972314668,26.632272720336914,26.64353370666504,-0.0004226536334145381,0.24,5.0,237.761
2015-12-10,26.168243408203125,26.341693176169983,26.019573897100837,26.138960462318146,116850800,26.335156440734863,26.044939346313477,26.386536072134607,26.22298495679241,0.008420127129902921,0.29632538263861724,41.66140947549644,0.034400346616706656,0.09120493310185868,26.044347763061523,26.632272720336914,-0.022075658485820493,0.24,5.0,237.761
2015-12-11,25.494718551635742,25.9925388777188,25.4203829465679,25.94748793326861,187544800,26.306548595428467,26.063262100219728,26.301601070178865,26.19442347911039,-0.04914721436162717,0.4075455065980623,33.11259825483617,-0.039458810704992686,0.0650721843404884,26.168243408203125,26.044347763061523,0.00475710301017096,0.24,5.0,237.761
2015-12-14,25.337039947509766,25.382090894484865,24.731094914768907,25.26946180846365,257274800,26.30812587738037,26.074842529296873,26.209738106111743,26.16079832104263,-0.049036054058716916,0.48692910625596103,34.74232773595831,-0.10945434886627226,0.03016687769913626,25.494718551635742,26.168243408203125,-0.025738252509384996,0.24,5.0,237.761
2015-12-15,24.88877296447754,25.40912046906789,24.857236960391255,25.215398319061666,213292400,26.2665657043457,26.075663108825683,26.083931902142368,26.11091173162445,-0.06546567670614178,0.6210237246784711,26.86149618383358,-0.19880600418962047,-0.015627698678615097,25.337039947509766,25.494718551635742,-0.0061847556311172,0.24,5.0,237.761
2015-12-16,25.080244064331055,25.226662219957333,24.508089819376277,25.01942511402226,224954000,26.24009780883789,26.077935638427736,25.988342584252678,26.07049086781782,-0.0370177708999051,0.6825148138788004,31.54987305922596,-0.25127121911399186,-0.06275640276569047,24.88877296447754,25.337039947509766,-0.017692160724413486,0.24,5.0,237.761
2015-12-17,24.54863739013672,25.28523088788774,24.54863739013672,25.233420749936244,179091200,26.146503257751466,26.071953506469725,25.851227803856922,26.010806758701392,-0.06189204192279474,0.8051388100766721,28.21905470853666,-0.33192032452237896,-0.11658918711702819,25.080244064331055,24.88877296447754,0.007693071093813675,0.24,5.0,237.761
2015-12-18,23.88412094116211,24.670271389359083,23.834563874077595,24.53286550142011,385813200,26.00290126800537,26.058423233032226,25.663884293119438,25.927402507493063,-0.06317377488249609,0.9078286509240595,23.00925042914362,-0.44433423659194204,-0.182138197012011,24.54863739013672,25.080244064331055,-0.021196232095300194,0.24,5.0,237.761
2015-12-21,24.17696189880371,24.185972432616467,23.780507003960455,24.165698301891865,190362400,25.868084621429443,26.038996543884277,25.522272636514767,25.858753976041665,-0.04578585545546621,0.8891046282665276,28.305221915344603,-0.503983644295424,-0.24650728646869363,23.88412094116211,24.54863739013672,-0.027069382239586215,0.24,5.0,237.761
2015-12-22,24.15443229675293,24.26480830958003,23.978729495298605,24.19272576997696,131157600,25.74959878921509,26.021452026367186,25.39200212796338,25.791914275386446,-0.029504896395362468,0.7936518137149341,29.53418752520392,-0.5467713405694035,-0.30656009728883565,24.17696189880371,23.88412094116211,0.012260905827893298,0.24,5.0,237.761
2015-12-23,24.465290069580078,24.519351549372036,24.147675223812477,24.163443227026107,130629600,25.63392868041992,26.00927230834961,25.30374383668716,25.739887137054584,-0.024519458150949913,0.71060201056076,35.29677140729372,-0.5492656810712191,-0.35510121404531236,24.15443229675293,24.17696189880371,-0.0009318624128656916,0.24,5.0,237.761
2015-12-24,24.33462905883789,24.553129661995854,24.316608000754563,24.553129661995854,54281600,25.52129888534546,26.00156711578369,25.211447191176177,25.684776270291803,-0.008717727501438177,0.5401278932989176,21.29448439466576,-0.5553835990065039,-0.3951576910375507,24.465290069580078,24.15443229675293,0.012869595484922058,0.24,5.0,237.761
2015-12-28,24.06207847595215,24.258053709263866,23.917913379694166,24.235526516624457,106816800,25.397519683837892,25.98100914001465,25.10198350401034,25.621138059582776,0.007450872285751364,0.47302510270027726,20.79528348789195,-0.5755896084696346,-0.43124407452396757,24.33462905883789,24.465290069580078,-0.00534066877484729,0.24,5.0,237.761
2015-12-29,24.49457550048828,24.650004204080133,24.071090715043937,24.093616190696064,123724800,25.28984661102295,25.97277965545654,25.044135122721745,25.57695713255901,0.01313703529062038,0.36980040062906416,27.920101970657825,-0.5503599148205858,-0.45506724258329123,24.06207847595215,24.33462905883789,-0.011200112491000058,0.24,5.0,237.761
2015-12-30,24.174705505371094,24.485561145461162,24.143169500662683,24.45853126633016,100855200,25.176992225646973,25.95505741119385,24.96133230202066,25.521964477111908,0.0008393162947939459,0.334075316583575,29.556774352050326,-0.54983784762846,-0.47402136359232505,24.49457550048828,24.06207847595215,0.017974217188609698,0.24,5.0,237.761
2015-12-31,23.710676193237305,24.109382410367616,23.611562045406348,24.104878003004163,163649200,25.05287504196167,25.91890323638916,24.842222196420924,25.45093059102936,-0.030844264433269597,0.27045425274673096,24.988634488649055,-0.5801794454192581,-0.4952529799577118,24.174705505371094,24.49457550048828,-0.013058809494812862,0.24,5.0,237.761
2016-01-04,23.730945587158203,23.735451712532264,22.97633113383233,23.113738741825244,270597600,24.94193515777588,25.883199195861817,24.736386328871024,25.383477486308802,-0.024807588815924042,0.2770700537543274,29.296716355890723,-0.5957226892405352,-0.5153469218142765,23.710676193237305,24.174705505371094,-0.01919482791758076,0.34,4.8,237.652
2016-01-05,23.136268615722656,23.84357919872016,23.06869218950172,23.82105372331318,223164000,24.75812473297119,25.82779609680176,24.583994165712646,25.295348243383636,-0.038475888986678974,0.4143720594896543,26.57080873328964,-0.6485502004732204,-0.5419875775460653,23.730945587158203,23.710676193237305,0.0008548635962848383,0.34,4.8,237.652
2016-01-06,22.683496475219727,23.059678916016708,22.496533504828697,22.65196046967987,273829600,24.560122871398924,25.747277717590332,24.40299438566421,25.192918881691472,-0.07393796333528835,0.5921479859092412,26.545345665047577,-0.7186669659551868,-0.5773234552278896,23.136268615722656,23.730945587158203,-0.025059135096468732,0.34,4.8,237.652
2016-01-07,21.726146697998047,22.555096713640157,21.721642291419773,22.2284731013443,324377600,24.314816570281984,25.664659156799317,24.148056510646484,25.05696218257571,-0.10128598285629709,0.8945083121419714,19.32430589014328,-0.8417815993881135,-0.6302150840599344,22.683496475219727,23.136268615722656,-0.01956979960870786,0.34,4.8,237.652
2016-01-08,21.841028213500977,22.32533353970958,21.795977274655915,22.199189536076883,283192000,24.104650592803956,25.587613029479982,23.928339529964475,24.930842803418994,-0.07885257950887048,1.0072065715156464,23.193594109553814,-0.9194816431708333,-0.6880683958821142,21.726146697998047,22.683496475219727,-0.04220468296267832,0.34,4.8,237.652
2016-01-11,22.194683074951172,22.314069607807568,21.926625352707706,22.29379720120922,198957600,23.90597257614136,25.496466217041014,23.76322939139077,24.823538889275362,-0.06473667501215652,1.0114002893555742,32.17682322185162,-0.941667538803042,-0.7387882244662999,21.841028213500977,21.726146697998047,0.005287707806627129,0.34,4.8,237.652
2016-01-12,22.516803741455078,22.681242941827485,22.264514002903095,22.64970693933139,196616800,23.757076835632326,25.406109580993654,23.644522186634333,24.733075825987967,-0.026774623192549307,0.9783957727641456,32.59325417379448,-0.922622161306105,-0.775555011834261,22.194683074951172,21.841028213500977,0.0161922258418028,0.34,4.8,237.652
2016-01-13,21.937891006469727,22.79387266060429,21.917618597967834,22.597897452169544,249758400,23.587119388580323,25.308795051574705,23.481985883760704,24.62345740368946,-0.03286995325277686,0.8795844076638475,29.187811258904375,-0.9433674293715733,-0.8091174953417236,22.516803741455078,22.194683074951172,0.014513415912095207,0.34,4.8,237.652
2016-01-14,22.417694091796875,22.633943464420273,21.566218416957746,22.06629186880513,252680400,23.46356544494629,25.213540153503416,23.38062476071607,24.53695435589298,0.03183019075640092,0.7294283104807637,31.36532864149666,-0.9105953286129385,-0.8294130619959666,21.937891006469727,22.516803741455078,-0.025710253623587365,0.34,4.8,237.652
2016-01-15,21.879322052001953,22.00997218287025,21.480615908897953,21.66983191753492,319335600,23.303519344329835,25.10128234863281,23.23764355036176,24.432730557389753,0.0017532983395582846,0.6412447884620596,29.19851904614471,-0.9174890837864886,-0.8470282663540711,22.417694091796875,21.937891006469727,0.02187097589215159,0.34,4.8,237.652
2016-01-19,21.773456573486328,22.22171987191926,21.51215625892898,22.167658389749423,212350800,23.164760303497314,24.989464302062988,23.098197171611204,24.32844249220642,-0.018978712155626076,0.46712874731073917,30.047149307693047,-0.9208795673495125,-0.8617985265531594,21.879322052001953,22.417694091796875,-0.024015495866362313,0.34,4.8,237.652
2016-01-20,21.802738189697266,22.118099967207257,21.043617548233343,21.42205133752865,289337600,23.060691165924073,24.880754776000977,22.974820125714224,24.229392699628463,-0.03171256275788226,0.34892736780908296,24.75704989929993,-0.910705719648135,-0.8715799651721546,21.773456573486328,21.879322052001953,-0.004838608722153581,0.34,4.8,237.652
2016-01-21,21.69236183166504,22.04826842385823,21.386010591829923,21.863556798538532,208646000,22.936461162567138,24.769207038879394,22.852681240566312,24.129898817553133,-0.011192013613901097,0.29406589829729984,25.769559445858363,-0.9011612952143011,-0.877496231180584,21.802738189697266,21.773456573486328,0.0013448308545824794,0.34,4.8,237.652
2016-01-22,22.845678329467773,22.85468886058117,22.15864208825636,22.21720796261881,263202000,22.87102346420288,24.682933044433593,22.85201429665216,24.079536025857838,0.019091358634762745,0.38613431116489205,42.5580738961201,-0.7914113698560854,-0.8602792589156842,21.69236183166504,21.802738189697266,-0.005062499814100563,0.34,4.8,237.652
2016-01-25,22.39967155456543,22.870460275096484,22.347861422573573,22.868207212335967,207178000,22.767742538452147,24.604858360290528,22.808934035500936,24.013657474693172,0.02378270685566619,0.38649615396016046,39.32827735644637,-0.7319849160965042,-0.8346203903518482,22.845678329467773,21.69236183166504,0.05316693990043997,0.34,4.8,237.652
2016-01-26,22.52356719970703,22.72404686256047,22.09107186311873,22.510052257496053,300308000,22.677189445495607,24.53223529815674,22.781756241615742,23.955221272440035,0.034450691082926976,0.40466230127181996,44.68750702859464,-0.6672006069541858,-0.8011364336723158,22.39967155456543,22.845678329467773,-0.019522588406887253,0.34,4.8,237.652
2016-01-27,21.043621063232422,21.76669969383574,21.02559999440265,21.63379817802954,533478800,22.52626657485962,24.431770210266112,22.61621955795985,23.841038451223124,-0.03481751328021543,0.5197725131920848,37.93105868526873,-0.7268986250164602,-0.7862888719411448,22.52356719970703,22.39967155456543,0.005531136688312177,0.34,4.8,237.652
2016-01-28,21.19454002380371,21.29140110397176,20.811601828860308,21.12696360512257,222715200,22.361264801025392,24.349551124572756,22.48082150708759,23.73725208502442,-0.02294917500106608,0.583866654341338,45.56058637245042,-0.753347712122352,-0.7797006399773864,21.043621063232422,22.52356719970703,-0.06570656074823966,0.34,4.8,237.652
2016-01-29,21.926631927490234,21.926631927490234,21.253110404073695,21.352224560051493,257666000,22.24886112213135,24.27368423461914,22.42804154712585,23.666245983281605,-0.040228457598131206,0.561043843743229,50.64806495984484,-0.7070842785570868,-0.7651773676933266,21.19454002380371,21.043621063232422,0.0071717201197363245,0.34,4.8,237.652
2016-02-01,21.72164535522461,21.784717367715892,21.48962971559591,21.730655888235283,163774000,22.149409580230714,24.195925102233886,22.36076571932563,23.589985701138602,-0.03026947058974294,0.5641514067747467,46.336389001485486,-0.6791322633839236,-0.7479683468314461,21.926631927490234,21.19454002380371,0.03454153300162721,0.38,4.9,237.336
2016-02-02,21.28238868713379,21.633790816826192,21.237336030389166,21.494130158792558,149428800,22.02698173522949,24.09316230773926,22.25806314483103,23.499490065658474,-0.05510576995056926,0.5961211795207999,40.61000051941857,-0.6845335553257428,-0.7352813885303056,21.72164535522461,21.926631927490234,-0.009348748724541944,0.38,4.9,237.336
2016-02-03,21.703622817993164,21.81399883237092,21.192287564028874,21.39952465347622,183857200,21.955349445343018,23.99211154937744,22.20525930417974,23.429062676610396,0.03136350691630274,0.5976921472443865,48.17415947473638,-0.6473616618953848,-0.7176974432033215,21.28238868713379,21.72164535522461,-0.02022207162060896,0.38,4.9,237.336
2016-02-04,21.87801170349121,22.04334319664708,21.558675159051454,21.7104166498697,185886800,21.91507520675659,23.89220588684082,22.174092866018892,23.368236133835328,0.032247535399205995,0.595705468571926,45.58356878871513,-0.5969496786129582,-0.6935478902852489,21.703622817993164,21.28238868713379,0.019792615248777512,0.38,4.9,237.336
2016-02-05,21.2936954498291,21.950489233076475,21.218958199443556,21.859896689195967,185672400,21.893452644348145,23.787596817016603,22.090245493048354,23.28688029362604,-0.028866105827571098,0.5029948584719813,45.24335738220982,-0.5972623879470227,-0.6742907898176037,21.87801170349121,21.703622817993164,0.008035012723934365,0.38,4.9,237.336
2016-02-08,21.517908096313477,21.674178432256767,21.071741332145493,21.092123743304253,216085600,21.87729663848877,23.682381134033204,22.035737169549744,23.21750776692844,-0.009379457936050328,0.43933676083793444,47.963506949226066,-0.5728150700454009,-0.6539956458631632,21.2936954498291,21.87801170349121,-0.026707923077345597,0.38,4.9,237.336
2016-02-09,21.513378143310547,21.72853561437277,21.27330941163505,21.354842514451022,177324800,21.843231391906738,23.58090419769287,21.985988690860257,23.15067816575236,0.010853549362924708,0.2994311000115876,47.68492604667261,-0.5474947452042613,-0.6326954657313828,21.517908096313477,21.2936954498291,0.010529531945859372,0.38,4.9,237.336
2016-02-10,21.35030746459961,21.82138713152791,21.31180620964419,21.724000486229354,169374400,21.784906578063964,23.477157096862793,21.92544762169253,23.080074389801965,-0.016279095723163883,0.25970578104533865,47.28621828347537,-0.5344261146904508,-0.6130415955231965,21.513378143310547,21.517908096313477,-0.0002105201389769329,0.38,4.9,237.336
2016-02-11,21.221221923828125,21.45223299889895,20.969828433379384,21.241606067115114,200298800,21.749073123931886,23.368620796203615,21.858378507610162,23.00717721934335,-0.03002054247727992,0.25589165927242474,34.61088819913262,-0.5283942551176644,-0.5961121274420901,21.35030746459961,21.513378143310547,-0.007579966178470343,0.38,4.9,237.336
2016-02-12,21.286897659301758,21.402403176130246,21.0649477791782,21.332194787425067,161405600,21.69253330230713,23.265722885131837,21.803951760152184,22.939714390811737,-0.0003192395863536035,0.22708364544221424,38.63962258125571,-0.5124077622524759,-0.5793712544041673,21.221221923828125,21.35030746459961,-0.006046074089823605,0.38,4.9,237.336
2016-02-16,21.887069702148438,21.934630387457513,21.42731468291873,21.520170765310173,196231600,21.692920684814453,23.179603881835938,21.81186775462802,22.89843368664477,0.017156017405716373,0.25159549875689996,44.077865768648685,-0.4461663554693409,-0.552730274617202,21.286897659301758,21.221221923828125,0.0030948140361271026,0.38,4.9,237.336
2016-02-17,22.222267150878906,22.242649566362235,21.77610029204698,21.893869391071842,179452800,21.715361213684083,23.105054359436036,21.85095341141384,22.871917030802006,0.03295107829398636,0.3279554092561728,63.93482843440133,-0.3624439029089963,-0.5146730002755608,21.887069702148438,21.286897659301758,0.028194434550890213,0.38,4.9,237.336
2016-02-18,21.801008224487305,22.396651175658235,21.762505235441324,22.38532646219024,156084000,21.715274715423583,23.004824981689453,21.846196726944644,22.829920118401763,0.021109801844071407,0.3331929186061607,56.73931824289896,-0.32632367461762257,-0.4770031351439732,22.222267150878906,21.887069702148438,0.015314861847292693,0.38,4.9,237.336
2016-02-19,21.751184463500977,21.91425067774679,21.69682963472199,21.742125037386337,141496800,21.71821584701538,22.90697799682617,21.837147939950007,22.787616286493652,0.024973233943601736,0.3235908302246186,47.70188830655014,-0.29828010717776365,-0.44125852955073125,21.801008224487305,22.222267150878906,-0.018956613361339247,0.38,4.9,237.336
2016-02-22,21.941431045532227,21.9459616233322,21.724009964680704,21.812337224779473,137123200,21.673003482818604,22.81316116333008,21.847079664291172,22.754432195153367,0.030748181191375012,0.323742622258497,52.890039020078866,-0.25773308219142166,-0.40455344007886934,21.751184463500977,21.801008224487305,-0.0022853879267090704,0.38,4.9,237.336
2016-02-23,21.4454345703125,21.855363635836255,21.41372744523932,21.832715936199516,127770400,21.625291633605958,22.721182899475096,21.808827750578903,22.70309842525424,-0.020177901283541244,0.3277958175398913,52.11242615540564,-0.2625950112593465,-0.3761617543149648,21.941431045532227,21.751184463500977,0.008746492971474229,0.38,4.9,237.336
2016-02-24,21.7647705078125,21.828184756206117,21.13515514460634,21.284633068313013,145022800,21.58735179901123,22.633113441467284,21.804631822696386,22.666300887200848,-0.02058730731478542,0.3264710319394766,50.81371613873303,-0.23793758732933767,-0.3485169209178394,21.4454345703125,21.941431045532227,-0.02260547519395839,0.38,4.9,237.336
2016-02-25,21.91425323486328,21.91425323486328,21.572267202742797,21.753452290359903,110330800,21.630883407592773,22.561504135131838,21.815071957188476,22.636808541474956,0.005194485007751881,0.31413141067753647,50.485498414547834,-0.20398300531607205,-0.319610137797486,21.7647705078125,21.4454345703125,0.01489062562257737,0.38,4.9,237.336
2016-02-26,21.948226928710938,22.199618703705234,21.873487946137665,22.013904755677466,115964400,21.668567752838136,22.49372787475586,21.82775338304776,22.609805093841057,0.00905893035575156,0.2652868241528925,60.28470608403559,-0.17234566770220283,-0.2901572437784294,21.91425323486328,21.7647705078125,0.00686810490361589,0.38,4.9,237.336
2016-02-29,21.89839744567871,22.24717758078485,21.889338019426862,21.9368987113174,140865200,21.66715602874756,22.433920364379883,21.834481389012613,22.581906509384638,-0.001961294127270641,0.19635276301900756,56.325298530652105,-0.14956952812965696,-0.2620397006486749,21.948226928710938,21.91425323486328,0.0015503012347053424,0.38,4.9,237.336
2016-03-01,22.768083572387695,22.82243840662474,22.063729104403325,22.115820377816053,201628400,21.719477939605714,22.387677154541016,21.9233958826674,22.58920763236019,0.06167508509742081,0.34925758987328465,66.19879723080393,-0.06064380722112972,-0.22176052196316584,21.89839744567871,21.948226928710938,-0.0022703192924912186,0.36,5.0,238.08
2016-03-02,22.817903518676758,22.849610640916676,22.566510100982722,22.76354869882384,132678400,21.79625368118286,22.353062477111816,22.008587086096878,22.59817617128693,0.048387048716467485,0.4405590570397643,69.51806220368778,0.013692679885910053,-0.17466988159335065,22.768083572387695,21.89839744567871,0.03971460143904748,0.36,5.0,238.08
2016-03-03,22.98776626586914,23.03532695424258,22.7499610960932,22.779404661211583,147822800,21.86046085357666,22.33513538360596,22.101842246075204,22.613454333359755,0.04898697753925796,0.5302036676235574,73.24179265680426,0.08532778004426689,-0.12267034926582714,22.817903518676758,22.768083572387695,0.0021881484285082298,0.36,5.0,238.08
2016-03-04,23.32975959777832,23.497354704142662,22.958331671290157,23.184812198559,184220400,21.933048248291016,22.31819133758545,22.218786755761233,22.641544946362114,0.06294506948350209,0.6321500158876717,75.0554657768437,0.16776126926238533,-0.06458402556018464,22.98776626586914,22.817903518676758,0.007444274933205319,0.36,5.0,238.08
2016-03-07,23.071565628051758,23.28898666744624,22.865467575179874,23.189334709757958,143315600,22.02194175720215,22.296534004211427,22.300003791217485,22.658408623907132,0.05357324367151595,0.6647578598105368,65.8579746575563,0.20983743252848086,-0.00969973394245152,23.32975959777832,22.98776626586914,0.014877188499038851,0.36,5.0,238.08
2016-03-08,22.881328582763672,23.04666013654313,22.738646465215737,22.824708448003626,126247600,22.09011278152466,22.264854774475097,22.355368057079033,22.667150643543142,0.004973849029319188,0.5875458691425979,59.17979148357808,0.2252361729858947,0.03728744744321774,23.071565628051758,23.32975959777832,-0.011067150891308386,0.36,5.0,238.08
2016-03-09,22.901702880859375,23.005883676665537,22.709193123136984,22.944732989793426,108806800,22.1595290184021,22.236196250915526,22.40739994505812,22.676348831622114,0.0036725267995820765,0.5282632348370288,67.2584559050027,0.236359219368925,0.07710180182835921,22.881328582763672,23.071565628051758,-0.008245519543623181,0.36,5.0,238.08
2016-03-10,22.913026809692383,23.155360823111348,22.682017509985283,22.96738336201888,134054400,22.23766498565674,22.21321521759033,22.455554884547105,22.68563038021876,-0.003251270928734229,0.4637852075421545,68.43985629299374,0.24328363784509222,0.11033816903170583,22.901702880859375,22.881328582763672,0.0008904333514554441,0.36,5.0,238.08
2016-03-11,23.159896850585938,23.164425700391348,22.987771183525282,23.155366272871404,109632800,22.334598731994628,22.186521644592286,22.522635071788905,22.704229179423436,-0.007280947173093022,0.3815068499728246,68.99709227117471,0.2656296255202051,0.1413964603294057,22.913026809692383,22.901702880859375,0.0004944579401766624,0.36,5.0,238.08
2016-03-14,23.218774795532227,23.307103760030373,23.05117974763284,23.080623311768452,100304400,22.43119258880615,22.16740303039551,22.588934093097798,22.724407557806472,0.006380545206758015,0.18422448372479208,82.01135514613983,0.2848068636025971,0.17007854098404399,23.159896850585938,22.913026809692383,0.010774222146378687,0.36,5.0,238.08
2016-03-15,23.685327529907227,23.821215463816046,23.51999602958046,23.54490901905311,160270800,22.52110548019409,22.166896057128906,22.693352515651085,22.76209090735651,0.03513777376324212,0.2641686288444386,82.91919191258731,0.3338039849124286,0.20282362976972096,23.218774795532227,23.159896850585938,0.0025422369247209975,0.36,5.0,238.08
2016-03-16,24.00013542175293,24.077137951320523,23.68759127068511,23.692121847664875,153214000,22.609998893737792,22.1722798538208,22.817808030517934,22.81064193677496,0.047962919901977985,0.36919642954430176,83.83532365922947,0.393500889161988,0.2409590816481744,23.685327529907227,23.218774795532227,0.020093770600883465,0.36,5.0,238.08
2016-03-17,23.961639404296875,24.1133809360807,23.771394871388694,23.89822340805467,137682800,22.71803045272827,22.188787269592286,22.92674435183022,22.85577932830931,0.04576490933798949,0.42659970326232377,82.61193817742787,0.43271671999746175,0.2793106093180319,24.00013542175293,23.685327529907227,0.013291261919354813,0.36,5.0,238.08
2016-03-18,23.988811492919922,24.120170583094062,23.823481713829104,24.08393287770441,176820800,22.82991180419922,22.214893569946287,23.02789360336258,22.900212185369742,0.03579094707034547,0.4774693734872903,84.10951605263175,0.46067770313461054,0.31558402808134767,23.961639404296875,24.00013542175293,-0.0016039916766954487,0.36,5.0,238.08
2016-03-21,23.98655128479004,24.38062688248228,23.81216032706883,23.991080134642278,142010800,22.93216781616211,22.26010166168213,23.119194334927105,22.942813924247595,0.03306705439968116,0.4993441784618223,77.73225395866217,0.47715426644664305,0.3478980757544068,23.988811492919922,23.961639404296875,0.0011339828700607235,0.36,5.0,238.08
2016-03-22,24.169994354248047,24.299088144055386,23.828008384512952,23.83706781003208,129777600,23.068395805358886,22.30668098449707,23.21927052724339,22.990938870104625,0.020462745289413276,0.4969033570618469,79.00903149770632,0.4992592345080844,0.37817030750514236,23.98655128479004,23.988811492919922,-9.42192626154359e-05,0.36,5.0,238.08
2016-03-23,24.036365509033203,24.24925764929279,23.984275981889954,24.11563503557814,102814000,23.18197555541992,22.34351463317871,23.297089096937658,23.03193617581372,0.001509578452104643,0.44714839918179855,72.85295276670674,0.5002285268528297,0.4025819513746799,24.169994354248047,23.98655128479004,0.0076477467427478185,0.36,5.0,238.08
2016-03-24,23.932193756103516,24.063552859351564,23.755539244519138,23.886898347767186,104532000,23.282872581481932,22.371822433471678,23.357575254953456,23.06724054573759,-0.0012288661763301123,0.3504957640889377,64.64771632173972,0.48697733655503583,0.4194610284107511,24.036365509033203,24.169994354248047,-0.005528708168330954,0.36,5.0,238.08
2016-03-28,23.823484420776367,24.04996492146888,23.79404084982452,24.00693307340639,77645600,23.376635456085204,22.409534301757812,23.401947556460403,23.09689729023024,-0.006891840898093249,0.26538667660688947,69.71547683585756,0.46237378080814295,0.4280435788902295,23.932193756103516,24.036365509033203,-0.004333922817513214,0.36,5.0,238.08
2016-03-29,24.38741683959961,24.412329829288048,23.75327083865382,23.755536127146087,124760400,23.50108642578125,22.44892875671387,23.495801773902237,23.1475060999414,0.01671209629304915,0.18761227568546748,83.0192639972167,0.48281433571646915,0.4389977302554774,23.823484420776367,23.932193756103516,-0.00454238906951121,0.36,5.0,238.08
2016-03-30,24.813203811645508,25.007977186036836,24.595782732119893,24.60710744864161,182404400,23.60334243774414,22.507606391906737,23.621268634639694,23.21282782676781,0.026611899364569425,0.29024714166645177,85.58222765053205,0.5272927701147125,0.4566567382273245,24.38741683959961,23.823484420776367,0.02367128203678881,0.36,5.0,238.08
2016-03-31,24.68410301208496,24.890201044722406,24.659190025108817,24.849434495844047,103553600,23.69665241241455,22.56581932067871,23.72249095630115,23.27052510326716,0.026948229873119844,0.3381257772519218,81.58338344657565,0.5458328726544899,0.4744919651127576,24.813203811645508,24.38741683959961,0.017459289552738344,0.36,5.0,238.08
2016-04-01,24.91058349609375,24.912848784343115,24.5051832948904,24.636542366815014,103496000,23.79279327392578,22.62797622680664,23.83564262675759,23.33484134402053,0.04088174071968265,0.39833880194839316,81.44847510542624,0.5722050956170683,0.4940345912136198,24.68410301208496,24.813203811645508,-0.0052029073125960945,0.37,5.1,238.992
2016-04-04,25.16651153564453,25.408845579897044,24.97400174550099,25.007974163050374,149424800,23.88463087081909,22.69745922088623,23.962392046651587,23.40667178942031,0.05637408412418954,0.4721497397782496,82.67498600111992,0.6067621498605256,0.516580102943001,24.91058349609375,24.68410301208496,0.009175155520048994,0.37,5.1,238.992
2016-04-05,24.869815826416016,25.078179138251425,24.781488595666413,24.801872733174786,106314800,23.974543380737305,22.737941970825194,24.048813359010108,23.464050172530744,0.01978065122637762,0.47068821012699547,71.07170268687426,0.6032540628500094,0.5339148949244027,25.16651153564453,24.91058349609375,0.010273867715339335,0.37,5.1,238.992
2016-04-06,25.130273818969727,25.134804396192514,24.73166769090215,24.964944036425578,105616400,24.086990642547608,22.792554016113282,24.151809593291976,23.529392479364073,0.012778277635208335,0.49773717031280357,70.50127467344278,0.6144081472147711,0.5500135453824764,24.869815826416016,25.16651153564453,-0.011789306150289947,0.37,5.1,238.992
2016-04-07,24.582191467285156,25.00797414695786,24.487070080535233,24.90152804506245,127207600,24.171015071868897,22.833726501464845,24.19279834319609,23.57067883745071,-0.00412863067172875,0.46060120101108293,59.50062082200806,0.5724236308746207,0.5544955624809053,25.130273818969727,24.869815826416016,0.010472855704747985,0.37,5.1,238.992
2016-04-08,24.609365463256836,24.860757162220555,24.498388803456823,24.665985573310813,94326800,24.25583200454712,22.90504138946533,24.232471402249494,23.611411763150535,-0.012091970181435041,0.3911588685277721,59.50064447477496,0.5351741589946997,0.5506312817836642,24.582191467285156,25.130273818969727,-0.0218096450374069,0.37,5.1,238.992
2016-04-11,24.69090461730957,25.05100952930948,24.647874495078657,24.67958162847372,117630000,24.3323823928833,22.97496868133545,24.276131708445693,23.653744932927722,-0.018898404638296284,0.2444057623568451,60.528038353027576,0.5063957969162765,0.5417841848101866,24.609365463256836,24.582191467285156,0.0011054342330643063,0.37,5.1,238.992
2016-04-12,25.01250457763672,25.026092853404545,24.609369602707936,24.763374669167092,108929200,24.422068881988526,23.036686134338378,24.346262457892458,23.707029765974415,0.005737426936195611,0.20894548683092387,62.09360622829564,0.5037324525566369,0.5341738383594767,24.69090461730957,24.609365463256836,0.0033133383375723024,0.37,5.1,238.992
2016-04-13,25.3748722076416,25.442815312275144,25.09403690709012,25.09403690709012,133029200,24.506546115875246,23.10975067138672,24.444225291201896,23.77243551832356,0.009733216216977203,0.2664467054441867,68.02932527511715,0.5248120654650208,0.5323014837805856,25.01250457763672,24.69090461730957,0.013025037572000908,0.37,5.1,238.992
2016-04-14,25.38846206665039,25.4541416147626,25.21407285317995,25.27975240129216,101895600,24.575962448120116,23.19187213897705,24.534152603149373,23.835809263362915,0.03279897158226297,0.2938123656417262,70.10617902964165,0.5364307587418828,0.5331273387728451,25.3748722076416,25.01250457763672,0.014487458818053245,0.37,5.1,238.992
2016-04-15,24.87888526916504,25.43376359090041,24.851708712088698,25.390731738317168,187756000,24.621824741363525,23.25537738800049,24.56698428562705,23.876714300832912,0.010951920166759832,0.29473668363465455,63.11933044076155,0.49877055158168915,0.5262559813346139,25.38846206665039,25.3748722076416,0.0005355636433390654,0.37,5.1,238.992
2016-04-18,24.34211540222168,24.675040155874022,24.219815772592725,24.661451884106942,243286000,24.639489936828614,23.3046594619751,24.545568201493204,23.89496536559874,-0.014126222610870709,0.3448205931303304,49.433044544351716,0.4207614477366626,0.5051570746150237,24.87888526916504,25.38846206665039,-0.020071195968767164,0.37,5.1,238.992
2016-04-19,24.213027954101562,24.459890837790415,24.059021164895416,24.43271255925679,129539600,24.65081377029419,23.363046112060548,24.51389770174162,23.90743843532583,-0.03196307755001693,0.4058120400544594,41.88611657339949,0.3445506275211372,0.4730357851962464,24.34211540222168,24.87888526916504,-0.021575318232148977,0.37,5.1,238.992
2016-04-20,24.26285743713379,24.480278528550794,24.02052335033376,24.151882466369837,122444000,24.655456924438475,23.417945098876952,24.4899891051123,23.9213764644284,-0.043823462889122644,0.42491421314889477,44.18037072093058,0.28488979406111525,0.4354065869692202,24.213027954101562,24.34211540222168,-0.005303049713926478,0.37,5.1,238.992
2016-04-21,24.00013542175293,24.217556463242936,23.89821817461431,24.217556463242936,126210000,24.65364542007446,23.467680244445802,24.443336373363792,23.924465057171123,-0.05468336921128947,0.4840074765102613,37.54660204863781,0.21394248691484918,0.391113766958346,24.26285743713379,24.213027954101562,0.0020579616529863287,0.37,5.1,238.992
2016-04-22,23.934452056884766,24.11563709314863,23.69438335255742,23.7827105825612,134732400,24.653758335113526,23.519363136291503,24.39487120036579,23.924856704971756,-0.037961235081975575,0.53852100903795,32.22226503371405,0.15067920022205072,0.343026853611087,24.00013542175293,24.26285743713379,-0.01082815641404089,0.37,5.1,238.992
2016-04-25,23.798566818237305,23.9276606095132,23.669473026961406,23.78044796699292,112126400,24.65251245498657,23.570910034179686,24.338080306829745,23.919904151244854,-0.022329554149380426,0.5946032538489583,33.79039608320984,0.08855695713515033,0.2921328743158997,23.934452056884766,24.00013542175293,-0.0027367914269613713,0.37,5.1,238.992
2016-04-26,23.63323974609375,23.848397257080617,23.533589501423272,23.533589501423272,224064800,24.61480360031128,23.61783687591553,24.2709526343787,23.90866238991336,-0.02394529957619773,0.626909962050457,26.676148233379678,0.025688003581240793,0.2388439001689679,23.798566818237305,23.934452056884766,-0.005677390830778339,0.37,5.1,238.992
2016-04-27,22.154321670532227,22.355889170290585,21.669653555617863,21.74212724398144,458408400,24.481859493255616,23.623181915283205,24.06936873305999,23.83986459732282,-0.08690385178517734,0.848591397307953,20.67839650896599,-0.1418374105414415,0.162707638026886,23.63323974609375,23.798566818237305,-0.006946933964815938,0.37,5.1,238.992
2016-04-28,21.477148056030273,22.167912603024718,21.34578894016183,22.106763623104847,328970800,24.32151174545288,23.60827953338623,23.822490573342872,23.74720889487467,-0.10512388040260401,1.0468038513004523,17.3050948961844,-0.32549268247161933,0.06506757392718492,22.154321670532227,23.63323974609375,-0.06257788146908505,0.37,5.1,238.992
2016-04-29,21.23027801513672,21.45222962808324,20.951708014622803,21.286898130612904,274126000,24.13749647140503,23.596864929199217,23.575613186847047,23.648505567744326,-0.112982492154868,1.2026803328762243,15.08227109720842,-0.4853661588131608,-0.04501917262088427,21.477148056030273,22.154321670532227,-0.030566208461379807,0.37,5.1,238.992
2016-05-02,21.20762825012207,21.307280196590593,20.926792988511885,21.282367209973465,192640400,23.939552307128906,23.58599380493164,23.350090811920857,23.552784743849994,-0.10886952092130808,1.306241451600602,9.144024894718882,-0.6068987365313205,-0.15739508540297156,21.23027801513672,21.477148056030273,-0.011494544818032248,0.37,4.8,239.557
2016-05-03,21.55640411376953,21.683232582324546,21.216683520504354,21.33445256588997,227325200,23.773881721496583,23.578293266296388,23.17926350733502,23.474495193611553,-0.08787773723099013,1.3002661330601002,8.878047978900625,-0.6673777671418257,-0.2593916217507425,21.20762825012207,21.23027801513672,-0.0010668614418756217,0.37,4.8,239.557
2016-05-04,21.33219337463379,21.719474722918175,21.24839498908705,21.560937376849367,164102000,23.583977699279785,23.576028442382814,23.003352066125377,23.390483240280584,-0.037109161278991554,1.2443294911323342,8.212775104819158,-0.7250419353614497,-0.35252168447288396,21.55640411376953,21.20762825012207,0.01644577411174941,0.37,4.8,239.557
2016-05-05,21.24560546875,21.43472914791066,21.118004788077215,21.418779062826562,143562000,23.417148399353028,23.565645141601564,22.835947628280103,23.30637027366666,-0.010780881459503733,1.160811440034317,8.996867214584825,-0.7688651259132513,-0.43579037276095745,21.33219337463379,21.55640411376953,-0.010401119683617566,0.37,4.8,239.557
2016-05-06,21.12712860107422,21.29346502698993,20.928890252623656,21.27523759209386,174799600,23.243036556243897,23.54990264892578,22.6732029590224,23.22090970577739,-0.004858599307505873,1.0132703039868898,9.934838632081906,-0.8038886848676583,-0.5094100351822977,21.24560546875,21.33219337463379,-0.004059024984592097,0.37,4.8,239.557
2016-05-09,21.1430721282959,21.366373347698225,21.097499209131772,21.1909223895964,131745600,23.065644931793212,23.53379955291748,22.527476213238923,23.139425778312248,-0.0030440047828450556,0.772984153470981,10.632038418433964,-0.8208958222203186,-0.5717071925899019,21.12712860107422,21.24560546875,-0.005576535243961289,0.37,4.8,239.557
2016-05-10,21.286623001098633,21.320802256007195,20.988127767650703,21.26611649121097,134747200,22.879350852966308,23.521564064025878,22.40929971684461,23.066766759430905,-0.012515125957328399,0.30573181637518376,12.729749818951689,-0.8134142126608772,-0.620048596604097,21.1430721282959,21.12712860107422,0.0007546471421993051,0.37,4.8,239.557
2016-05-11,21.079273223876953,21.320803627490353,21.06787955869815,21.300297116283584,114876400,22.664570903778078,23.487787857055665,22.282630527038165,22.98882574737878,-0.011856265612967154,0.15203190910002365,12.90877004824317,-0.8148235980816594,-0.6590035968996095,21.286623001098633,21.1430721282959,0.0067894992710457736,0.37,4.8,239.557
2016-05-12,20.584810256958008,21.140787557366593,20.386573759971643,21.127116554382336,305258800,22.424388313293456,23.44312599182129,22.120933358459105,22.894550526573468,-0.03110267734021277,0.24773586072737513,11.641068227895488,-0.8460864176602172,-0.6964201610517311,21.079273223876953,21.286623001098633,-0.009740848851928163,0.37,4.8,239.557
2016-05-13,20.625831604003906,20.88787025509507,20.507345483894703,20.507345483894703,177571200,22.2117356300354,23.395887298583986,21.97854271517766,22.80558106318551,-0.02372764451506315,0.30176378875228516,12.860001402160663,-0.8576657110966224,-0.7286692710607094,20.584810256958008,21.079273223876953,-0.02345730622054165,0.37,4.8,239.557
2016-05-16,21.39143943786621,21.507648216408324,20.883313959085207,21.051929425106646,245039200,22.064201831817627,23.35712089538574,21.922628117338473,22.75012447263937,0.011746983033649183,0.3131550294626638,26.991125322566944,-0.7958897096793471,-0.7421133587844371,20.625831604003906,20.584810256958008,0.0019927969475468377,0.37,4.8,239.557
2016-05-17,21.30257225036621,21.57828188250692,21.19320072507569,21.54410436737179,187667600,21.91867904663086,23.321741027832033,21.86357517762683,22.69335766353338,0.0007492616027799937,0.28436807831232647,37.767663342708786,-0.7455088607378251,-0.7427924591751147,21.39143943786621,20.625831604003906,0.03711888318305112,0.37,4.8,239.557
2016-05-18,21.546384811401367,21.694493772549624,21.393719427055466,21.455242440014104,168249600,21.782855415344237,23.295042152404786,21.833366571319644,22.648378293906553,0.022159757718558604,0.3097429443454074,51.135703773414896,-0.6780914231001063,-0.7298522519601132,21.30257225036621,21.39143943786621,-0.004154334155872186,0.37,4.8,239.557
2016-05-19,21.46435546875,21.564614164242855,21.320804668009217,21.564614164242855,121768400,21.656066417694092,23.2662952041626,21.7982226567892,22.601945984505434,0.04272787559432034,0.3258625500434668,54.05912797743474,-0.6240876070074037,-0.7086993229695714,21.546384811401367,21.30257225036621,0.011445216951721182,0.37,4.8,239.557
2016-05-20,21.696767807006836,21.744618062384657,21.53726521731853,21.564608965432527,128104000,21.544182205200194,23.241970024108888,21.78856029014326,22.566448770409696,0.05192208603094772,0.36754356223403944,57.906923684080716,-0.5561247998145191,-0.678184418338561,21.46435546875,21.546384811401367,-0.003807104689226626,0.37,4.8,239.557
2016-05-23,21.972482681274414,22.145656317313065,21.799309045235763,21.844881969682415,152074400,21.45287799835205,23.218221740722655,21.806076708346225,22.543155963267964,0.02716241911143502,0.43721310042826017,56.888608194521204,-0.4745456327011901,-0.6374566612110869,21.696767807006836,21.46435546875,0.010827827492663644,0.37,4.8,239.557
2016-05-24,22.307435989379883,22.350728093988742,22.065903839115222,22.152491525191518,140560800,21.386587810516357,23.19999496459961,21.85382521130181,22.533912035351953,0.04717100485348191,0.541709007665101,65.57502089633712,-0.3785024813795168,-0.585665825244773,21.972482681274414,21.696767807006836,0.012707647365730601,0.37,4.8,239.557
2016-05-25,22.69935417175293,22.726696187300238,22.355285989205374,22.48288669757087,152675200,21.413839435577394,23.180275497436522,21.934351778963823,22.54039996724042,0.05351103539845181,0.6644387047726605,71.15392194467219,-0.26767745105072294,-0.522068150405963,22.307435989379883,21.972482681274414,0.015244217640955293,0.37,4.8,239.557
2016-05-26,22.87936019897461,22.9522751279102,22.476048140151935,22.713022093799868,225324800,21.483950042724608,23.157859992980956,22.02435258086961,22.553692535132466,0.06592346703746665,0.6864125978929938,75.04869733271676,-0.16343881313955677,-0.45034228295268175,22.69935417175293,22.307435989379883,0.017568947975896032,0.37,4.8,239.557
2016-05-27,22.86568260192871,22.893026346387384,22.615037695557884,22.65833152301028,145364800,21.56572027206421,23.135940856933594,22.104479249541907,22.565927448365795,0.05387506587706503,0.6277694737280788,74.64121777508092,-0.0809989044192001,-0.37647360724598544,22.87936019897461,22.69935417175293,0.00793000654818976,0.37,4.8,239.557
2016-05-31,22.754037857055664,22.877082131035774,22.51706389291943,22.694793931414328,169228800,21.64304075241089,23.111245384216307,22.166341974067027,22.573304332150613,0.03556972542057402,0.6258432238609604,71.18412212395228,-0.024392301401157113,-0.3060573460770198,22.86568260192871,22.87936019897461,-0.0005978137905495728,0.37,4.8,239.557
2016-06-01,22.435033798217773,22.6811223398301,22.405412705375742,22.56263449160384,116693200,21.686972236633302,23.080215034484862,22.191931671605193,22.567881954730826,0.0057199674986689875,0.554035786447845,68.96098429416575,-0.005212041036156023,-0.24588828506884702,22.754037857055664,22.86568260192871,-0.004882633368820999,0.38,4.9,240.222
2016-06-02,22.266416549682617,22.29375855981205,22.018048947623726,22.23907280112426,160766400,21.733683395385743,23.042143478393555,22.199025469517327,22.556059774568254,-0.019072684570429765,0.49424934891186884,75.87654573182543,-0.003576323641457435,-0.1974258927833691,22.435033798217773,22.754037857055664,-0.014019668106466376,0.38,4.9,240.222
2016-06-03,22.311986923217773,22.391737347275814,22.204892751584605,22.282365833833033,114019600,21.78700246810913,23.007655906677247,22.209783703203083,22.546488284433195,-0.024798476479349407,0.39026197109654104,75.91027153833032,0.0013812206237666658,-0.15766447010194196,22.266416549682617,22.435033798217773,-0.007515800958969421,0.38,4.9,240.222
2016-06-06,22.473770141601562,23.21659221106314,22.227683331115195,22.327940276709967,93170000,21.854334545135497,22.97848743438721,22.234925268764844,22.543636590906235,-0.017139766485435692,0.2966424741730671,70.4212487827208,0.01815537989779159,-0.12250050010199524,22.311986923217773,22.266416549682617,0.0020465966507667854,0.38,4.9,240.222
2016-06-07,22.564910888671875,22.756313644418277,22.54896080389541,22.615040223234715,89638000,21.925426483154297,22.953315963745116,22.266352470660753,22.544470877557256,-0.008311798089284839,0.23259242809815542,73.79719408210067,0.03836111550671717,-0.09032817698025276,22.473770141601562,22.311986923217773,0.007250955234983536,0.38,4.9,240.222
2016-06-08,22.544408798217773,22.685680508647046,22.485164869544324,22.562636228369513,83392400,21.988315773010253,22.91645580291748,22.292834025666185,22.544468443072052,0.00487518766335393,0.21595347250974584,70.54414589291407,0.05211916193894339,-0.06183870919641353,22.564910888671875,22.473770141601562,0.004055427571611592,0.38,4.9,240.222
2016-06-09,22.706188201904297,22.783659558832454,22.435034975797432,22.444149559864716,106405600,22.06966152191162,22.874315490722655,22.332201090069816,22.550810397655678,0.01975044575495244,0.21638529942230952,74.7502839669306,0.07520978707947634,-0.03442900994123555,22.544408798217773,22.564910888671875,-0.00090858282380335,0.38,4.9,240.222
2016-06-10,22.51934242248535,22.637828532439826,22.4395919890132,22.45098391469261,126851600,22.16638813018799,22.831020278930666,22.35002407410939,22.549576358804824,0.009293457368057423,0.18933633470712458,66.69756327222154,0.07753856469087594,-0.012035495014813245,22.706188201904297,22.544408798217773,0.007176032209782912,0.38,4.9,240.222
2016-06-13,22.179828643798828,22.585419753465544,22.12514288569783,22.487440161885598,152082000,22.244087982177735,22.776405181884765,22.333814985508383,22.53507644153867,-0.013079314060377212,0.18408321144887818,54.102681580522514,0.051395754950579686,0.0006507549782653446,22.51934242248535,22.706188201904297,-0.008228848354356333,0.38,4.9,240.222
2016-06-14,22.207172393798828,22.439589907996815,22.04539246135026,22.175272223368346,127727600,22.284874629974365,22.71721839904785,22.32175378629795,22.522217453417547,-0.015853751722664233,0.17307382076659136,47.741146481925995,0.03250905780418378,0.007022415543449034,22.179828643798828,22.51934242248535,-0.015076540527556581,0.38,4.9,240.222
2016-06-15,22.134262084960938,22.423644497893772,22.109197411764256,22.289206547254377,117780800,22.3264591217041,22.66250732421875,22.303897433789665,22.507003510741967,-0.018192835169368426,0.19508107414732842,35.13180939954333,0.011525107394113832,0.007922953913581995,22.207172393798828,22.179828643798828,0.0012328206154850196,0.38,4.9,240.222
2016-06-16,22.227684020996094,22.27325520327819,21.890451361449387,21.977037303157044,125307200,22.360524082183836,22.604455528259276,22.296639013523613,22.49604980065633,-0.02107373446627525,0.19818549449431117,32.03516557475314,0.002405812284816733,0.006819525587828942,22.134262084960938,22.207172393798828,-0.003283187411029842,0.38,4.9,240.222
2016-06-17,21.721834182739258,22.022608481926333,21.714998679780535,22.01577297896761,244032800,22.3733980178833,22.54724838256836,22.241895696306056,22.465688391610637,-0.03541436622722116,0.2897192911186244,25.197647584307305,-0.04511904490999896,-0.0035681885117366426,22.227684020996094,22.134262084960938,0.004220693496650663,0.38,4.9,240.222
2016-06-20,21.66942596435547,22.004379519882672,21.653475877826985,21.874499747171008,137647600,22.37203092575073,22.48844959259033,22.18737476945362,22.434462401951997,-0.023012020860948446,0.35009729511549076,25.862011880334123,-0.08602015506293625,-0.020058581821976573,21.721834182739258,22.227684020996094,-0.02275764932500457,0.38,4.9,240.222
2016-06-21,21.85399055480957,21.95424748420919,21.573722796302224,21.632966712603476,142185600,22.36610631942749,22.431711311340333,22.15562389186847,22.411698791614878,-0.015903953584287978,0.35066293939683607,36.24587783585028,-0.10236179648485333,-0.03651922475455193,21.66942596435547,21.721834182739258,-0.0024126976544841527,0.38,4.9,240.222
2016-06-22,21.77196502685547,22.077295769638027,21.726392106599683,21.931465901677825,116876400,22.33933277130127,22.366900520324705,22.11908495234342,22.386611184008725,-0.016368156151527202,0.34563498953464783,37.795295608688654,-0.1205419075612113,-0.05332376131588381,21.85399055480957,21.66942596435547,0.008517281018781686,0.38,4.9,240.222
2016-06-23,21.89728546142578,21.940579298719243,21.70360534149718,21.86082886562265,128960800,22.29922933578491,22.29734878540039,22.097961191303646,22.367421933380538,-0.014864281823433356,0.2752826359551263,40.15152544614668,-0.12341481567456114,-0.06734197218761928,21.77196502685547,21.85399055480957,-0.003753343250898822,0.38,4.9,240.222
2016-06-24,21.282066345214844,21.569169649500544,21.111171810973445,21.17041573627061,301245600,22.219364643096924,22.21522087097168,22.020256920247572,22.32485895506226,-0.020245428347568595,0.30182486913074147,26.714033984012787,-0.17333654137933152,-0.08854088602596173,21.89728546142578,21.77196502685547,0.005756046108641666,0.38,4.9,240.222
2016-06-27,20.972183227539062,21.20232175046967,20.849138920381,21.1909280830102,181958400,22.124689674377443,22.13708683013916,21.920440378084855,22.271812831245065,-0.032176336279664985,0.40047522093101157,21.328942164015118,-0.23519368012068398,-0.1178714448449062,21.282066345214844,21.89728546142578,-0.02809567958981518,0.38,4.9,240.222
2016-06-28,21.325359344482422,21.34131117057632,20.994963926386347,21.168137548481333,161779600,22.05325574874878,22.076751708984375,21.863765993932244,22.234696996903633,-0.024189230291893238,0.3914259587237245,30.402784617148868,-0.25280338712631334,-0.14485783330118765,20.972183227539062,21.282066345214844,-0.014560762693301976,0.38,4.9,240.222
2016-06-29,21.509925842285156,21.544105097006888,21.334473145980517,21.41194623924505,146124000,22.007000350952147,22.022689666748047,21.830066931870615,22.206274590346474,-0.012035623989249067,0.36048111654819875,30.90897468678088,-0.24899596245271738,-0.1656854591314936,21.325359344482422,20.972183227539062,0.016840217020400505,0.38,4.9,240.222
2016-06-30,21.78335189819336,21.82208756760016,21.48713580819995,21.519035975761877,143345600,21.982847118377684,21.973099555969238,21.82561788104421,22.18968938205865,-0.00520309074077363,0.29999989418665535,38.570259826198026,-0.2213636114542048,-0.17682108959603585,21.509925842285156,21.325359344482422,0.008654789578047106,0.38,4.9,240.222
2016-07-01,21.849437713623047,21.981596582765608,21.721837005998097,21.758293605992687,104106000,21.95971965789795,21.930085601806642,21.82788643652791,22.176346175762035,0.02665959964624265,0.30933131817873233,44.392933581414134,-0.19191986842731268,-0.17984084536229122,21.78335189819336,21.509925842285156,0.012711622434824488,0.39,4.8,240.101
2016-07-05,21.644359588623047,21.737782758376927,21.5235944089345,21.735503678072735,110820800,21.918249130249023,21.884283752441405,21.8104076891084,22.155483951231318,0.0320508529699155,0.30873066008787137,40.99192718223126,-0.1830237963301471,-0.18047743555586243,21.849437713623047,21.78335189819336,0.0030337762406147384,0.39,4.8,240.101
2016-07-06,21.76740264892578,21.79702547596092,21.503086716361018,21.555493391466726,123796400,21.87837371826172,21.843660469055177,21.80631197099577,22.140265072827226,0.020728527819988685,0.30160460687606916,44.22099047788449,-0.16415279718337317,-0.17721250788136458,21.644359588623047,21.849437713623047,-0.00938596808247083,0.39,4.8,240.101
2016-07-07,21.860830307006836,21.98843100837468,21.7879153721639,21.806142802052754,100558400,21.84419479370117,21.808212280273438,21.811504193473013,22.129306844085086,0.016313606438933315,0.3090943986661611,44.221091033207166,-0.14004422060113697,-0.16977885042531907,21.76740264892578,21.644359588623047,0.005684763265872306,0.39,4.8,240.101
2016-07-08,22.02944564819336,22.07729591094634,21.88589485993442,21.986151808280546,115648400,21.810357666015626,21.80571475982666,21.832260522494,22.12539071785245,0.011297331611321404,0.32608821643007135,55.421728060048906,-0.10610899269304142,-0.15704487887886354,21.860830307006836,21.76740264892578,0.004292090314489849,0.39,4.8,240.101
2016-07-11,22.097801208496094,22.250466560475083,22.040836369241642,22.045392791473265,95179600,21.78928060531616,21.818127822875976,21.857550111637057,22.124308776069224,0.011367042856127663,0.33882295329105344,57.50801306694872,-0.0728594789210355,-0.14020779888729792,22.02944564819336,21.860830307006836,0.007713126117285585,0.39,4.8,240.101
2016-07-12,22.198060989379883,22.261861339375837,22.12970421656814,22.141096142822185,96670000,21.790192222595216,21.837483482360838,21.889979719041136,22.12720102034447,0.025581787185234184,0.2667672749443155,56.2140625925778,-0.03798105137763841,-0.11976244938536602,22.097801208496094,22.02944564819336,0.003102917857959797,0.39,4.8,240.101
2016-07-13,22.072744369506836,22.255030876722028,22.06590712609078,22.195788674552603,103568800,21.783470821380615,21.854785804748534,21.907385876228346,22.125065464972657,0.01402747610754207,0.21701729035258138,55.34857028895405,-0.02021858293462131,-0.09985367609521709,22.198060989379883,22.097801208496094,0.004537093077171983,0.39,4.8,240.101
2016-07-14,22.510229110717773,22.555800292868337,22.175275532780702,22.19122562037632,155676000,21.802269172668456,21.8738623046875,21.96479951760829,22.140169924638187,0.02970604476549976,0.254158496594133,59.81043360077858,0.028827359821711696,-0.07411746891183134,22.072744369506836,22.198060989379883,-0.005645385871000275,0.39,4.8,240.101
2016-07-15,22.50794792175293,22.62643576573226,22.444147577346676,22.539848093956056,120548000,21.8162823677063,21.89737739562988,22.016527937050636,22.154592593916107,0.021721031078183906,0.2919176755869119,74.41022964905844,0.06674317613991576,-0.04594533990148191,22.510229110717773,22.072744369506836,0.019820133549651286,0.39,4.8,240.101
2016-07-18,22.74720573425293,22.815562515447628,22.466937889909502,22.489723483641068,145975600,21.867550945281984,21.92740940093994,22.08611629868895,22.177832329127465,0.02938774403976252,0.3536076914255142,86.36783202900601,0.114774787344885,-0.013801314452208523,22.50794792175293,22.510229110717773,-0.00010134010425322248,0.39,4.8,240.101
2016-07-19,22.756315231323242,22.78593632270833,22.635548308532545,22.68567764659114,95119600,21.92189540863037,21.959993133544923,22.149944768463644,22.200517937090876,0.02514878404066212,0.35400469306359417,84.13038671821333,0.15182510030772178,0.01932396849977755,22.74720573425293,22.50794792175293,0.010629925630348813,0.39,4.8,240.101
2016-07-20,22.776826858520508,22.890756565739053,22.726697509195645,22.785941443709515,105104000,21.96803722381592,21.992668228149412,22.209647824659534,22.223118290737187,0.031898275865793524,0.34333971545881353,82.78300233846664,0.18075917787203366,0.05161101037422879,22.756315231323242,22.74720573425293,0.0004004666409023194,0.39,4.8,240.101
2016-07-21,22.65605926513672,23.013798438655886,22.58770075262052,22.747203369015253,130808000,22.012241935729982,22.020056953430174,22.252163199943073,22.240096370897476,0.006478394942213583,0.30604201154744487,74.51983880302673,0.1917345112166302,0.07963571054270908,22.776826858520508,22.756315231323242,0.0009013597759022218,0.39,4.8,240.101
2016-07-22,22.480606079101562,22.62643593553281,22.40085390956624,22.617321352202232,113254800,22.041407966613768,22.04808361053467,22.273919664624835,22.24952812561902,-0.0012147639023520895,0.270794826393907,66.70675309988286,0.1841521448801977,0.10053899741020683,22.65605926513672,22.776826858520508,-0.005302213259728572,0.39,4.8,240.101
2016-07-25,22.179828643798828,22.521617674180654,22.084128132514852,22.387181490009677,161531600,22.08629608154297,22.079983978271486,22.26495861502236,22.246794812200328,-0.024942715913442548,0.25889945088700533,63.490188691575675,0.15211930296989706,0.11085505852214489,22.480606079101562,22.65605926513672,-0.007744205820698236,0.39,4.8,240.101
2016-07-26,22.02716827392578,22.323386195929274,21.970203422650442,22.061347532376846,224959200,22.139045333862306,22.108010711669923,22.242311915870303,22.238182005548236,-0.03204152122105497,0.28457379665308813,56.44810626648814,0.11311075854352381,0.11130619852642067,22.179828643798828,22.480606079101562,-0.013379418430464085,0.39,4.8,240.101
2016-07-27,23.458127975463867,23.777131529941126,23.412556784151196,23.75890235804425,369379200,22.24568376541138,22.149344482421874,22.35810392154588,22.286023030538246,0.029912029501532267,0.38749324442806043,73.82738656836513,0.19541012860516815,0.12812698454217017,22.02716827392578,22.179828643798828,-0.006882847127663849,0.39,4.8,240.101
2016-07-28,23.774845123291016,23.79990979231886,23.42849965611466,23.430778736506912,159479200,22.35892972946167,22.19878993988037,22.493031655045417,22.344408218340348,0.04938130877314095,0.5310643401797903,74.9349032841007,0.28292798157294996,0.15908718394832613,23.458127975463867,22.02716827392578,0.06496339809742846,0.39,4.8,240.101
2016-07-29,23.745227813720703,23.822700913535343,23.62446261013216,23.74067139063949,110934800,22.457023525238036,22.24276679992676,22.612288432062112,22.39934232707543,0.05625389859016128,0.6101448503231757,73.7986677335379,0.3459092151110639,0.19645159018087371,23.774845123291016,23.458127975463867,0.013501382043717314,0.39,4.8,240.101
2016-08-01,24.16448974609375,24.18727533810684,23.79080047410553,23.79080047410553,152671600,22.572776126861573,22.296769485473632,22.760117128636555,22.468563802908662,0.08948045244929359,0.7331791866070899,76.00975023474936,0.42475689735887556,0.24211265161647413,23.745227813720703,23.774845123291016,-0.0012457414303531644,0.4,4.9,240.545
2016-08-02,23.806751251220703,24.169046868471003,23.697377972592157,24.16449044530824,135266400,22.680895709991454,22.338969154357912,22.859796568882665,22.521041748191713,0.08079036556875385,0.7684756597399204,71.60703446263042,0.4531540687898392,0.2843209350511472,24.16448974609375,23.745227813720703,0.017656681825170217,0.4,4.9,240.545
2016-08-03,24.10524559020996,24.116637516895125,23.872828033938575,23.88194261834424,120810400,22.797787857055663,22.38162441253662,22.978410761390027,22.583167396031595,0.027586072316723165,0.818265251954028,70.58825556924417,0.49404993021449783,0.32626673408381734,23.806751251220703,24.16448974609375,-0.014804305765689807,0.4,4.9,240.545
2016-08-04,24.2541561126709,24.283937671156025,24.118989890337996,24.187718714961047,109634800,22.917454147338866,22.42055881500244,23.09991031865487,22.64869637238159,0.020160425310629115,0.8471313774973237,71.71772714376671,0.5323395507268351,0.36748129741242097,24.10524559020996,23.806751251220703,0.012538222281545108,0.4,4.9,240.545
2016-08-05,24.622995376586914,24.661940892005887,24.32517282231439,24.345790419472735,162213600,23.047131633758546,22.45903163909912,23.24496603845792,22.726119870768343,0.0369660619705241,0.8596934857514424,72.60086408971824,0.5856950687542763,0.4111240516807921,24.2541561126709,24.10524559020996,0.00617751525922694,0.4,4.9,240.545
2016-08-08,24.826889038085938,24.826889038085938,24.549685824604097,24.63215796233773,112148800,23.183586025238036,22.497982215881347,23.395625371755827,22.808502983574012,0.027412095142595128,0.7721421685844231,73.82926592628137,0.6370882587955933,0.45631689310375234,24.622995376586914,24.2541561126709,0.015207260240372777,0.4,4.9,240.545
2016-08-09,24.927692413330078,24.957475721883466,24.74441844707523,24.794819355845505,105260800,23.320067596435546,22.539222412109375,23.54153651857242,22.89160845935992,0.047085011738084104,0.494119119663833,74.30414596371683,0.6781346084623081,0.5006804361754635,24.826889038085938,24.622995376586914,0.008280619736983574,0.4,4.9,240.545
2016-08-10,24.742128372192383,24.948313124863354,24.687146354095738,24.904784747119802,96034000,23.453536796569825,22.57898422241211,23.65587859986956,22.964177874378116,0.02642092069126578,0.4541871817677378,73.2317681659856,0.6877625702077204,0.538096862981915,24.927692413330078,24.826889038085938,0.004060249960818885,0.4,4.9,240.545
2016-08-11,24.726091384887695,24.95518516154825,24.70776346327162,24.861255874150956,109938000,23.56432991027832,22.62480537414551,23.757803627014145,23.03327252795233,0.01945791352312809,0.43172530580240304,75.9277473438661,0.6861887911610722,0.5677152486177465,24.742128372192383,24.927692413330078,-0.007444092219240694,0.4,4.9,240.545
2016-08-12,24.783361434936523,24.842926298107884,24.691723587252874,24.691723587252874,74641600,23.6781005859375,22.675144271850584,23.855475799197226,23.10190347130568,0.006512857428470964,0.380673656238899,81.85320653043928,0.6817045091066412,0.5905131007155254,24.726091384887695,24.742128372192383,-0.0006481652290961648,0.4,4.9,240.545
2016-08-15,25.081180572509766,25.094925636036056,24.760449023407794,24.774194086934088,103472800,23.794799327850342,22.730528144836427,23.972209587131754,23.179522187485823,0.010242585530298554,0.40176741135652766,86.08300717341491,0.694180122356375,0.6112465050436954,24.783361434936523,24.726091384887695,0.002316178855661377,0.4,4.9,240.545
2016-08-16,25.058277130126953,25.25300824220447,25.019331606850184,25.11555057536226,135177600,23.90989742279053,22.782218284606934,24.075644591226535,23.2531988576751,0.005238540119623991,0.3175970417900981,78.33255995693408,0.6942165234034725,0.6278405087156509,25.081180572509766,24.783361434936523,0.012016898448384605,0.4,4.9,240.545
2016-08-17,25.02161979675293,25.055984209017407,24.820016176986197,24.994127917372026,101424000,24.022137069702147,22.831352462768553,24.165737467943334,23.322548703643196,0.011296175509083017,0.24722479026435512,74.50605051102619,0.6834095116082182,0.6389543092941644,25.058277130126953,25.081180572509766,-0.0009131724209152647,0.4,4.9,240.545
2016-08-18,24.98954200744629,25.10866996616933,24.975795196475197,25.023906413104605,87938800,24.13881120681763,22.880255126953124,24.24419504313409,23.387920994794438,0.010654762148117447,0.15897353312369752,74.43405476790272,0.6645954250249879,0.6440825324403292,25.02161979675293,25.058277130126953,-0.0014628832295078276,0.4,4.9,240.545
2016-08-19,25.053695678710938,25.129297044864174,24.824601900923053,24.918529440935743,101472400,24.267465686798097,22.927205276489257,24.321290341760456,23.453245496741808,0.010907892558647436,0.13934918589454767,70.29073816155989,0.6473989785432828,0.64474582166092,24.98954200744629,25.02161979675293,-0.001282002906574542,0.4,4.9,240.545
2016-08-22,24.858963012695312,24.99412748465648,24.70776030048799,24.939145474693174,103280800,24.40142240524292,22.97399768829346,24.372497262801872,23.508371677518095,-0.008859932217784583,0.1372951144097489,75.94010559201307,0.6110139832581574,0.6379994539803675,25.053695678710938,24.98954200744629,0.0025672207696136873,0.4,4.9,240.545
2016-08-23,24.93685531616211,25.044529662541454,24.863545383200147,24.87729044942843,85030800,24.546906757354737,23.029138221740723,24.42624564883618,23.564390647332445,-0.0048455771054930485,0.13735116750707316,73.00372805559688,0.5817577292998308,0.6267511090442602,24.858963012695312,25.053695678710938,-0.0077726124126707985,0.4,4.9,240.545
2016-08-24,24.748994827270508,24.913942588893782,24.66881237310542,24.872705648487965,94700400,24.611450099945067,23.079974670410156,24.456983665829927,23.610845716075115,-0.010895576373428861,0.1363479241984673,63.399338911269496,0.537220423189563,0.6088449718733209,24.93685531616211,24.858963012695312,0.0031333689754886596,0.4,4.9,240.545
2016-08-25,24.64361000061035,24.71462849049414,24.439716741137445,24.60237306342222,100344800,24.654888343811034,23.130161628723144,24.47475760247568,23.651346278650898,-0.013843071102818016,0.15143526003260782,50.65110473340129,0.48779758552698027,0.5846354946040527,24.748994827270508,24.93685531616211,-0.007533447441941288,0.4,4.9,240.545
2016-08-26,24.499286651611328,24.730670085075193,24.354956467736542,24.60696099582057,111065200,24.692591285705568,23.17559368133545,24.47709370239336,23.684598844187995,-0.022128832177470414,0.1986889326187329,39.24821782252593,0.4320040685147575,0.5541092093861937,24.64361000061035,24.748994827270508,-0.004258145730590801,0.4,4.9,240.545
2016-08-29,24.47179412841797,24.613832881617334,24.350374721449985,24.425976077887384,99881200,24.707956504821777,23.230592880249024,24.476588981062374,23.715469249178344,-0.015574619266283118,0.22497768069067434,34.28119730739991,0.3811749400195019,0.5195223555128553,24.499286651611328,24.64361000061035,-0.005856420751482849,0.4,4.9,240.545
2016-08-30,24.283939361572266,24.398486245353265,24.169392477791263,24.23812130719856,99455600,24.731815910339357,23.28288314819336,24.45824139825379,23.737762195933055,-0.026182770293681545,0.2664494450026704,34.22713120168298,0.32202210934157804,0.4800223062785998,24.47179412841797,24.499286651611328,-0.0011221764773935439,0.4,4.9,240.545
2016-08-31,24.30684471130371,24.414519045422956,24.201461803910494,24.206044657362554,118649600,24.741895866394042,23.33194023132324,24.443822666163307,23.76007915844608,-0.017865376717425274,0.2812004727036986,35.635622683333594,0.2738347387395379,0.43878479277078747,24.283939361572266,24.47179412841797,-0.007676379012503842,0.4,4.9,240.545
2016-09-01,24.4511775970459,24.46721409021607,24.196883385456967,24.316011370743013,106806000,24.751746940612794,23.38552448272705,24.44452313577117,23.78718105931274,-0.007808612600170517,0.2663594187325161,39.259380773946226,0.24447421147532467,0.39992267651169494,24.30684471130371,24.283939361572266,0.0009432303956289356,0.4,5.0,241.176
2016-09-02,24.68026351928711,24.742118045348192,24.471787426420356,24.673389240528223,107210000,24.754610347747803,23.441184043884277,24.466974600867925,23.822203902511472,0.007387026008117692,0.22217121809981372,36.4340314798417,0.23695957893741593,0.3673300569968392,24.4511775970459,24.30684471130371,0.005937952352781828,0.4,5.0,241.176
2016-09-06,24.673398971557617,24.810856635409966,24.629872342661386,24.719218775457332,107521600,24.746935844421387,23.50901069641113,24.48663406474313,23.855584102791234,0.00823825347997409,0.2040515329372067,36.83383595912354,0.2278240530112008,0.3394288561997115,24.68026351928711,24.4511775970459,0.009369116122607046,0.4,5.0,241.176
2016-09-07,24.824594497680664,24.916232331036756,24.52906340272657,24.703175111318515,169457200,24.741780948638915,23.586058921813965,24.51882077264194,23.893584512067655,0.02226389746977997,0.18367315076864021,43.749818481049424,0.23013148574536757,0.3175693821088428,24.673398971557617,24.68026351928711,-0.0002781391586085258,0.4,5.0,241.176
2016-09-08,24.17397117614746,24.574885229446362,24.109825207275087,24.570304123604007,212008000,24.71337308883667,23.643031158447265,24.485977953928185,23.904580067975942,-0.005466506933927917,0.20602193504821187,31.419555453584735,0.17741514687352833,0.2895385350617799,24.824594497680664,24.673398971557617,0.006127875867339538,0.4,5.0,241.176
2016-09-09,23.626440048217773,24.219793825851863,23.626440048217773,23.97237213291147,186228000,24.658390522003174,23.685361442565917,24.404117201003384,23.89367261578785,-0.033729972536282515,0.3371171316984963,23.35300213306175,0.09041365012344116,0.24971355807411216,24.17397117614746,24.824594497680664,-0.026208819708776754,0.4,5.0,241.176
2016-09-12,24.155641555786133,24.21978751549921,23.488978014811718,23.516469889480028,181171200,24.627004528045653,23.73280723571777,24.380452853839834,23.903945907944205,-0.021256740759311388,0.34323719385857093,38.326802550012886,0.0634352341836859,0.21245789329602693,23.626440048217773,24.17397117614746,-0.022649614494036352,0.4,5.0,241.176
2016-09-13,24.730670928955078,24.923110598072498,24.568014567543866,24.629870862128524,248704800,24.60947904586792,23.790431900024416,24.413806956231763,23.93636649819116,0.002321202581917481,0.3614806925577306,47.06263728977884,0.08744667899440728,0.187455650435703,24.155641555786133,23.626440048217773,0.022398698512697823,0.4,5.0,241.176
2016-09-14,25.605806350708008,25.894464950249958,24.879579620064657,24.909362924653756,443554800,24.63685550689697,23.869660835266114,24.52733070808664,24.00183473000595,0.03146926944165518,0.5234906591791622,60.207524395387054,0.17507389385495742,0.1849792991195539,24.730670928955078,24.155641555786133,0.023805179085844008,0.4,5.0,241.176
2016-09-15,26.47637176513672,26.513027613998688,25.99985621701359,26.084621556621585,359934400,24.709593105316163,23.96384021759033,24.712953665900933,24.098875401331945,0.09524296079499939,0.800357714405516,68.46744934157599,0.31117936426872816,0.2102193121493888,25.605806350708008,24.730670928955078,0.03538664293690097,0.4,5.0,241.176
2016-09-16,26.327451705932617,26.604654916585687,26.12584984759761,26.373271501813186,319547600,24.77648859024048,24.053172645568846,24.866715383999185,24.18627055337154,0.11432156737123811,0.9339474523703118,68.40408279413103,0.40238883791259994,0.24865321730203105,26.47637176513672,25.605806350708008,0.03399875022504961,0.4,5.0,241.176
2016-09-19,26.020471572875977,26.616115042630625,25.944870207093928,26.38931269313128,188092000,24.82482738494873,24.1329931640625,24.976596925796972,24.25820000736223,0.07720059981777427,0.9890663504389194,64.75992107711488,0.44477518029102825,0.2878776098998305,26.327451705932617,26.47637176513672,-0.005624639981834489,0.4,5.0,241.176
2016-09-20,26.018171310424805,26.144173543940205,25.775332548936447,25.899043356066237,138057200,24.882787799835206,24.211400566101073,25.07579448623772,24.327218491905324,0.052060875548762375,1.0213322089480008,67.13440766396218,0.47273169335162635,0.3248484265901897,26.020471572875977,26.327451705932617,-0.011660077719845008,0.4,5.0,241.176
2016-09-21,26.013599395751953,26.11439947032936,25.759305160343047,26.082326480984708,144012800,24.936625003814697,24.287711334228515,25.16510923952479,24.393351078275614,0.01592580368134633,1.042290536957891,66.9242411117714,0.48888297741834563,0.3576553367558209,26.018171310424805,26.020471572875977,-8.840202779303308e-05,0.4,5.0,241.176
2016-09-22,26.258726119995117,26.332036049706506,26.116687366496414,26.196869829017217,124296000,25.012111568450926,24.371430969238283,25.26926322814101,24.46650304272131,-0.008220372756216898,0.9962130207514216,67.5724518094317,0.5155200699752776,0.38922828339971227,26.013599395751953,26.018171310424805,-0.00017572006188693035,0.4,5.0,241.176
2016-09-23,25.82115364074707,26.297669010181558,25.555405827538955,26.212903702359732,209924800,25.070988750457765,24.437649459838866,25.32182421981778,24.51962659699819,-0.019230804061125983,0.7409282333607816,60.65930118052355,0.49560864762288404,0.41050435624434667,26.258726119995117,26.013599395751953,0.00942302218597213,0.4,5.0,241.176
2016-09-26,25.86009979248047,25.97693808498759,25.55540645783113,25.57602405470779,119477600,25.13902940750122,24.50469249725342,25.373088560071366,24.572194174635115,-0.006163292619288274,0.488184779908907,61.0212395694905,0.4774673841218444,0.42389696181984626,25.82115364074707,26.258726119995117,-0.01666388831082144,0.4,5.0,241.176
2016-09-27,25.90821075439453,25.928830100301912,25.736390445834793,25.887593156333715,98429600,25.21085023880005,24.56791259765625,25.424052578578333,24.624586982971024,-0.004226298409612528,0.2598688186603492,60.26032277394446,0.4616508312281695,0.4314477357015109,25.86009979248047,25.82115364074707,0.0015083040934289471,0.4,5.0,241.176
2016-09-28,26.105226516723633,26.263301729645175,25.9860985613157,26.04566341294278,118564400,25.301914596557616,24.63489082336426,25.488926286973122,24.682651279782178,0.003522277697051157,0.21280086642583462,70.00468637261325,0.4597143240331327,0.4371010533678353,25.90821075439453,25.86009979248047,0.0018604321831756643,0.4,5.0,241.176
2016-09-29,25.699737548828125,26.07087006177409,25.61268255100721,25.92425019815642,143548000,25.37155923843384,24.69334903717041,25.509003550006934,24.722537016727294,-0.02128772616815333,0.1932769061623266,72.12713906568126,0.42061150957204063,0.43380314460867636,26.105226516723633,25.90821075439453,0.007604375469876246,0.4,5.0,241.176
2016-09-30,25.8990478515625,25.972357778011098,25.61268067827166,25.763881636889035,145516400,25.443952751159667,24.758208808898925,25.54615062634556,24.768674697529555,0.0030166820545349804,0.15763243640464977,70.01580598017004,0.40108150518878105,0.42725881672469734,25.699737548828125,26.105226516723633,-0.015532865330080248,0.4,5.0,241.176
2016-10-03,25.777620315551758,25.899041435136354,25.722638321298597,25.8211486744188,86807200,25.4988205909729,24.82414909362793,25.56819535865091,24.808241193181853,-0.003189449290241897,0.16584986536797708,63.417363523254764,0.37152296321027833,0.4161116460218135,25.8990478515625,25.699737548828125,0.0077553438962438825,0.4,4.9,241.741
2016-10-04,25.88759422302246,26.187706481695248,25.802828904748836,25.9013392889627,118947200,25.559530353546144,24.898304405212404,25.59861429811487,24.850568763830463,-0.0007957528046808049,0.16380312244075254,54.49234642681214,0.35290352877224507,0.40347002257189984,25.777620315551758,25.8990478515625,-0.004688494214408645,0.4,4.9,241.741
2016-10-05,25.8990478515625,26.038795171956153,25.81657396582702,25.979230310514634,85812400,25.613253021240233,24.975741996765137,25.62722701749084,24.89168559159453,-0.00789798414616516,0.16074814534490386,37.323813895208005,0.33520763992202873,0.38981754604192564,25.88759422302246,25.777620315551758,0.0042662552293222245,0.4,4.9,241.741
2016-10-06,26.091493606567383,26.194585120843946,25.91738182340201,26.04796522381428,115117200,25.70912914276123,25.028409309387207,25.67144288311718,24.93873688717252,0.0152435820402812,0.12545195227881617,44.916283672275156,0.3328751075762746,0.3784290583487955,25.8990478515625,25.88759422302246,0.00044243696194268267,0.4,4.9,241.741
2016-10-07,26.130430221557617,26.244977086281747,26.00442971906894,26.18770365391968,97433600,25.834328651428223,25.07552101135254,25.71515596296865,24.985469959942442,0.00893401067565347,0.14224397416928222,52.678415455920664,0.33036023120686764,0.36881529292040993,26.091493606567383,25.8990478515625,0.00743061119883115,0.4,4.9,241.741
2016-10-10,26.586328506469727,26.746693420990177,26.281633421034392,26.350360492466095,144944000,25.955862998962402,25.13234302520752,25.798124776635422,25.04824872754838,0.03137249214699889,0.24972581093951982,61.334675786826914,0.3609930518653428,0.36725084470939656,26.130430221557617,26.091493606567383,0.001492310696250554,0.4,4.9,241.741
2016-10-11,26.64360237121582,27.1911362640301,26.620691599187904,26.96433220544857,256164000,26.05150957107544,25.18192527770996,25.87864645230975,25.110811616565062,0.029203491899645995,0.3188922297287656,62.30964571052061,0.38544809940525937,0.3708902956485692,26.586328506469727,26.130430221557617,0.017447025596080357,0.4,4.9,241.741
2016-10-12,26.881858825683594,27.028480428464434,26.74669435697869,26.88415025249878,150347200,26.11531219482422,25.24342742919922,25.974190487869162,25.180264449393498,0.03794776471142747,0.4095609831517484,62.2081834562618,0.4192216788951555,0.3805565722978865,26.64360237121582,26.586328506469727,0.0021542600262445255,0.4,4.9,241.741
2016-10-13,26.79938316345215,26.904766061091546,26.51072459731605,26.75585479891876,140769600,26.13146276473999,25.297310180664063,26.05278026649611,25.243759301889916,0.02713104767243313,0.42274424106109537,72.26270718519831,0.434325750409851,0.39131040792027943,26.881858825683594,26.64360237121582,0.008942351381327152,0.4,4.9,241.741
2016-10-14,26.948299407958984,27.072010252913373,26.833752523502707,27.00557285018712,142608800,26.16250514984131,25.351193046569826,26.138067803778288,25.310604012907614,0.031299491798134405,0.4524679220417789,73.58489786064601,0.4530892020084103,0.40366616673790573,26.79938316345215,26.881858825683594,-0.0030680788395721637,0.4,4.9,241.741
2016-10-17,26.929969787597656,26.996405433972964,26.753566629321565,26.87956888523306,94499600,26.20798006057739,25.39733253479004,26.21348704033251,25.3741085539822,0.012925488415758801,0.4326829231107006,72.43452186513221,0.4611643103031504,0.41516579545095467,26.948299407958984,26.79938316345215,0.0055567041822783825,0.4,4.9,241.741
2016-10-18,26.91164207458496,27.081170953777765,26.907059220964147,27.07429842119308,98214000,26.2526535987854,25.43902759552002,26.279977995975596,25.434403986975195,0.010060190046174755,0.39663045648529865,69.21396149518372,0.46077348858088385,0.4242873340769406,26.929969787597656,26.948299407958984,-0.0006801772565995234,0.4,4.9,241.741
2016-10-19,26.83145523071289,26.978075061385127,26.070864203658324,26.861236782996038,80138400,26.293546390533447,25.477102851867677,26.332499637379147,25.48919031096833,-0.001875004079797682,0.3204725716098058,81.91150876543821,0.4488196379929512,0.42919379486014275,26.91164207458496,26.929969787597656,-0.0006805693863471962,0.4,4.9,241.741
2016-10-20,26.81771469116211,26.89102462364147,26.650477226996685,26.771896638805003,96503200,26.321495819091798,25.51861457824707,26.37871059488229,25.541289306918106,0.0006840279717692521,0.24739169000112715,78.9317885297856,0.4332432204115406,0.4300036799704223,26.83145523071289,26.91164207458496,-0.0029796340056037485,0.4,4.9,241.741
2016-10-21,26.71232795715332,26.783348200363697,26.63901803514478,26.76043742961082,92770800,26.36605453491211,25.558339309692382,26.410483677003338,25.58721239178989,-0.008756450536391625,0.12327195058907583,79.73741826178559,0.40769531081387456,0.42554200613911275,26.81771469116211,26.83145523071289,-0.0005121056399152168,0.4,4.9,241.741
2016-10-24,26.952882766723633,26.97350036734531,26.803971464573312,26.826880492324104,94154800,26.42069368362427,25.601729736328124,26.462140733167175,25.64076809338264,0.0008508356788625715,0.10352522717006767,81.29183782778334,0.4022225993761417,0.4208781247865186,26.71232795715332,26.81771469116211,-0.003929743276876563,0.4,4.9,241.741
2016-10-25,27.090333938598633,27.11553438906691,26.874985270177547,27.02160511953125,192516000,26.479799842834474,25.6419128036499,26.52196865749398,25.69761381343001,0.0066399465152826576,0.10434567443902105,82.58119777609227,0.40431589501608656,0.4175656788324322,26.952882766723633,26.71232795715332,0.009005385451847037,0.4,4.9,241.741
2016-10-26,26.480941772460938,26.50614222102865,25.95860838005083,26.187702095869042,264536800,26.498585605621336,25.670366096496583,26.51806133510988,25.728332557247025,-0.013063527685622245,0.16574615323331424,58.67318894938633,0.3527358724208298,0.4045997175501117,27.090333938598633,26.952882766723633,0.005099683513063669,0.4,4.9,241.741
2016-10-27,26.226652145385742,26.542800877615743,26.139595405493818,26.435126540073536,138248000,26.524931335449217,25.69446674346924,26.490308078945674,25.74787450207893,-0.0220400042502934,0.25767662674728564,51.95534883720931,0.2880191793681668,0.3812836099137228,26.480941772460938,27.090333938598633,-0.022494819278304545,0.4,4.9,241.741
2016-10-28,26.052541732788086,26.393890933552548,25.990685441011692,26.086906145125347,151446800,26.532606029510497,25.715726737976073,26.448616045978287,25.75982223673345,-0.024699690173897726,0.33936553275928927,37.74983322565227,0.22014379800152994,0.34905564753128426,26.226652145385742,26.480941772460938,-0.009602741067904375,0.4,4.9,241.741
2016-10-31,26.011306762695312,26.16938202274203,25.93341397229303,26.0365072171331,105677600,26.544290351867676,25.734878959655763,26.40696754280848,25.769684375099175,-0.03493414831272901,0.39082904445983857,35.38148243202602,0.16116691985216036,0.3114779019954595,26.052541732788086,26.226652145385742,-0.006638682346205904,0.4,4.9,241.741
2016-11-01,25.541656494140625,26.063989858062815,25.32172674869161,25.99297136934333,175303200,26.526993465423583,25.748532829284667,26.324556966744876,25.760742105176895,-0.05716715962114571,0.4982265119866157,22.009687930718542,0.07565832529370553,0.2643139866551087,26.011306762695312,26.052541732788086,-0.0015827618861801174,0.41,4.7,242.026
2016-11-02,25.564565658569336,25.738677363470607,25.48209353292795,25.52103904322871,113326800,26.510269355773925,25.761087036132814,26.25217684215673,25.753048911125525,-0.03460511796618182,0.5545008771313762,23.552625128682777,0.009629720733176583,0.21337713347072226,25.541656494140625,26.011306762695312,-0.01805561992095861,0.41,4.7,242.026
2016-11-03,25.29054832458496,25.665887700158493,25.22607302147493,25.55535911106137,107730400,26.470222091674806,25.771918106079102,26.160593173816558,25.734911633070748,-0.03569284465327682,0.6166854633073406,16.300137492061054,-0.0640707649894452,0.15788755377868877,25.564565658569336,25.541656494140625,0.0008969333854274009,0.41,4.7,242.026
2016-11-04,25.062572479248047,25.387253847923535,24.8944764534618,24.991189379817154,123348000,26.416829204559328,25.780297355651854,26.056019774333844,25.708545391533153,-0.037998950877569326,0.6795950168709364,15.019893614892766,-0.13926926693588015,0.09845618963577497,25.29054832458496,25.564565658569336,-0.0107186383545117,0.41,4.7,242.026
2016-11-07,25.424110412597656,25.447137060209464,25.205352868233966,25.348120894340145,130240000,26.35871829986572,25.79879383087158,25.99583793035897,25.697391078547874,-0.02257465783840573,0.6173753226175588,25.31016819838102,-0.16775772515164888,0.0452134066782902,25.062572479248047,25.29054832458496,-0.009014270565075089,0.41,4.7,242.026
2016-11-08,25.573776245117188,25.725755232572485,25.260609019591147,25.401073808547093,97016800,26.30522699356079,25.820833473205568,25.955641579383563,25.692543437985332,0.0012575437690947044,0.4487796000243356,29.595831693291046,-0.176226818593765,0.000925361623879151,25.424110412597656,25.062572479248047,0.014425411982308178,0.41,4.7,242.026
2016-11-09,25.532333374023438,25.63365272194597,24.880670700924725,25.30206340643254,236705600,26.237750720977782,25.84580135345459,25.91532651220641,25.686260690334347,-0.001260818782387374,0.36274699813244116,29.332174472010678,-0.18415984939955266,-0.03609168058080722,25.573776245117188,25.424110412597656,0.005886767721295483,0.41,4.7,242.026
2016-11-10,24.820798873901367,25.580688677849547,24.369469969035215,25.580688677849547,228538000,26.138821506500243,25.85608043670654,25.811085784748787,25.652321011026867,-0.01857411095460315,0.37709905525123405,24.54725860465308,-0.24503708608733987,-0.07788076168211377,25.532333374023438,25.573776245117188,-0.001620522158969906,0.41,4.7,242.026
2016-11-11,24.968172073364258,25.069491418921867,24.535265176853336,24.666518985043695,136575600,26.039815139770507,25.86642032623291,25.730808288426452,25.625491640746493,-0.0037665888432623085,0.35158460403789377,22.606432549632018,-0.27818421474782795,-0.11794145229525663,24.820798873901367,25.532333374023438,-0.02786797781850936,0.41,4.7,242.026
2016-11-14,24.341835021972656,24.825401542133175,23.966495654149348,24.802374899615096,204702000,25.910408401489256,25.85965175628662,25.598525120192757,25.57515216518326,-0.042568859757969424,0.40955777972519286,16.575237927347203,-0.35094820609143795,-0.16454280305449293,24.968172073364258,24.820798873901367,0.005937488161102289,0.41,4.7,242.026
2016-11-15,24.664215087890625,24.795468892325932,24.445459332771897,24.539869101032913,129058000,25.79803705215454,25.859468078613283,25.509543212354462,25.539429142328057,-0.03556616545435776,0.4248015858135325,26.248579884076648,-0.37824069312683406,-0.20728238106896119,24.341835021972656,24.968172073364258,-0.02508541873034309,0.41,4.7,242.026
2016-11-16,25.327394485473633,25.38266054531642,24.546779397604602,24.56980604412884,235362000,25.722834014892577,25.86952407836914,25.49219571455629,25.531114057697163,-0.008026641574338411,0.4035801658787814,39.37888545767639,-0.3424100607333891,-0.2343079170018468,24.664215087890625,24.341835021972656,0.013243868657681901,0.41,4.7,242.026
2016-11-17,25.318185806274414,25.410294157671302,25.060284530547943,25.285948146808604,110528000,25.647857570648192,25.89240837097168,25.475623342338963,25.52276393014372,0.020039118599685324,0.40511736753076244,40.97498497448241,-0.3111701144839536,-0.2496803564982682,25.327394485473633,24.664215087890625,0.0268883236389148,0.41,4.7,242.026
2016-11-18,25.343509674072266,25.454040021063754,25.251403101203,25.265218735769338,113715600,25.57941665649414,25.92674976348877,25.463041088218326,25.51573435143651,0.01503264234182411,0.41166437099578435,41.76075071445515,-0.28112813734757225,-0.2559699126681291,25.318185806274414,25.327394485473633,-0.0003635857294559397,0.41,4.7,242.026
2016-11-21,25.72806739807129,25.787936332055246,25.332002724291176,25.35733256436925,117058400,25.518175888061524,25.95819828033447,25.4882816891567,25.524061137622006,0.05694855687121869,0.4455061387811833,52.34925721713989,-0.22371026688070828,-0.24951798351064491,25.343509674072266,25.318185806274414,0.0010002244233302537,0.41,4.7,242.026
2016-11-22,25.744184494018555,25.886950757404758,25.65207615055681,25.778723585598748,103862000,25.45086841583252,25.978468551635743,25.51265338485783,25.53269342615093,0.04378689539802805,0.46581052842743315,52.267541591179864,-0.17488965681679502,-0.23459231817187493,25.72806739807129,25.343509674072266,0.015173814871917601,0.41,4.7,242.026
2016-11-23,25.612926483154297,25.677401785977857,25.405683183492684,25.64286094323088,109705600,25.407467651367188,25.97861095428467,25.522203203743207,25.535839820558206,0.01127364276828513,0.4732434473606468,54.22193912598199,-0.1451175710884698,-0.21669736875519394,25.744184494018555,25.72806739807129,0.0006264402101370248,0.41,4.7,242.026
2016-11-25,25.741878509521484,25.7603005275793,25.548450833555098,25.589899495775015,45903600,25.383228969573974,25.963921089172363,25.543124661436376,25.54391976918197,0.01673471813853533,0.48358766578060197,59.13323602211147,-0.10985133006873937,-0.19532816101790304,25.612926483154297,25.744184494018555,-0.005098549961633281,0.41,4.7,242.026
2016-11-28,25.69121742248535,25.898460722164202,25.64976876254958,25.658979771070893,108776000,25.365162754058836,25.951196403503417,25.55722873391723,25.549696147768277,0.013719794648994865,0.4859915013608658,53.91883338025229,-0.08501055752261166,-0.17326464031884478,25.741878509521484,25.612926483154297,0.005034646331882442,0.41,4.7,242.026
2016-11-29,25.66588592529297,25.797139713781903,25.345810866402058,25.509302304216686,114115200,25.34789171218872,25.944104690551757,25.567577037857777,25.554252609651233,-0.0024168730521508808,0.33833146219604987,51.402547192059394,-0.06660037872236302,-0.15193178799954843,25.69121742248535,25.741878509521484,-0.001968041571534629,0.41,4.7,242.026
2016-11-30,25.449432373046875,25.836285933053308,25.39186488945556,25.69812432379819,144649200,25.343280506134032,25.9327299118042,25.55632516501864,25.550142012120652,-0.011449270068747519,0.18199592951331325,48.80154720190058,-0.06868442082473081,-0.13528231456458492,25.66588592529297,25.69121742248535,-0.0009859983190291244,0.41,4.7,242.026
2016-12-01,25.21225357055664,25.546146015557245,25.106329615983377,25.414892228714276,148347600,25.325664901733397,25.916702995300295,25.52355644173655,25.536891484948832,-0.015643386664978776,0.20114160694878724,56.55854161886543,-0.08845473525373748,-0.12591679870241543,25.449432373046875,25.66588592529297,-0.008433511817053096,0.54,4.7,242.637
2016-12-02,25.30666732788086,25.350417422829416,25.064883182701955,25.13856949489034,106112000,25.326470851898193,25.89766181945801,25.502900335655056,25.52786308659862,-0.016906737458171395,0.2026487353549067,55.77370413820791,-0.09540468488873088,-0.11981437593967852,25.21225357055664,25.449432373046875,-0.009319610709330628,0.54,4.7,242.637
2016-12-05,25.124752044677734,25.336599957307254,24.926719765578795,25.32969214054196,137298000,25.329579830169678,25.88373378753662,25.46688621270484,25.512054810387966,-0.02204898929047394,0.23636992575303065,65.74062711869607,-0.11427432973133733,-0.11870636669801028,25.30666732788086,25.21225357055664,0.0037447567731301312,0.54,4.7,242.637
2016-12-06,25.318185806274414,25.41259734958191,25.143181871123073,25.214565008965838,104782000,25.324283599853516,25.8728955078125,25.452724269235276,25.504452104318005,-0.013547169968362804,0.2332874374250089,63.867154480883116,-0.11232535448371905,-0.11743016425515204,25.124752044677734,25.30666732788086,-0.007188433026213081,0.54,4.7,242.637
2016-12-07,25.56687355041504,25.6037175875377,25.136269846671315,25.159296491462786,119994800,25.32393846511841,25.866068763732912,25.46359562934763,25.50690000417308,0.004614687496627301,0.21776809493621385,56.1610481377889,-0.08967997999092958,-0.11188012740230757,25.318185806274414,25.124752044677734,0.007698932162701899,0.54,4.7,242.637
2016-12-08,25.8178768157959,25.889259964073737,25.467865380685794,25.52773608136901,108273200,25.338215637207032,25.860321769714357,25.497336694723653,25.519095173295256,0.02402098818911269,0.24120144459923015,61.433072653004224,-0.05089283088510754,-0.09968266809886757,25.56687355041504,25.318185806274414,0.009822494630677525,0.54,4.7,242.637
2016-12-09,26.239255905151367,26.41195834004307,25.861613388067113,25.861613388067113,137610400,25.409138488769532,25.87111213684082,25.56799566714534,25.54733677070956,0.036851497085238716,0.3328832774101991,67.35039350006318,0.013690222760466497,-0.07700808992700076,25.8178768157959,25.56687355041504,0.009817518942466963,0.54,4.7,242.637
2016-12-12,26.089588165283203,26.48104640947774,25.90306829593507,26.0872849736857,105497600,25.46520929336548,25.874922943115234,25.617671143158475,25.568601531343734,0.038401816618518714,0.3743464630441858,57.70355961590516,0.05219416049602188,-0.05116763984239622,26.239255905151367,25.8178768157959,0.016321213876799634,0.54,4.7,242.637
2016-12-13,26.524799346923828,26.69289544716425,26.19321001618473,26.213933470945666,174935200,25.574357509613037,25.889866523742675,25.704064305421845,25.606099485002055,0.04765797794051996,0.48008089086089467,64.11320996756425,0.11648395913200815,-0.017637320047515344,26.089588165283203,26.239255905151367,-0.005703962810880703,0.54,4.7,242.637
2016-12-14,26.524799346923828,26.757370759958963,26.476442862327794,26.490258498835086,136127200,25.667386722564697,25.902610626220703,25.78222954746965,25.64212693066561,0.03746745939114793,0.5427820133956979,67.30776192758663,0.16552600696211783,0.018995345354411303,26.524799346923828,26.089588165283203,0.0166814124808512,0.54,4.7,242.637
2016-12-15,26.66986846923828,26.8794149900372,26.534010027083767,26.568549117922718,186098000,25.73451042175293,25.91802703857422,25.86676658763809,25.68243052051889,0.03300006656322396,0.5706162060057998,67.50656315307691,0.21363539314513247,0.057923354912555555,26.524799346923828,26.524799346923828,0.0,0.54,4.7,242.637
2016-12-16,26.704404830932617,26.82644761625008,26.63071852148697,26.819539799242705,177404400,25.80382137298584,25.930285263061524,25.946541658428043,25.72250794455731,0.017727214806039227,0.5753277432227231,69.23081378763064,0.2516483782026526,0.09666835957057499,26.66986846923828,26.524799346923828,0.005469188302503758,0.54,4.7,242.637
2016-12-19,26.858692169189453,27.02909147416928,26.65375201347598,26.66526621599408,111117600,25.8795804977417,25.94485050201416,26.03341313564341,25.767064188768018,0.02947934628303872,0.5215765925667086,71.58349508397689,0.2908706655223092,0.13550882076092186,26.704404830932617,26.66986846923828,0.001294958081033304,0.54,4.7,242.637
2016-12-20,26.930072784423828,27.056721972983006,26.86790066438054,26.881716300652275,85700000,25.939680767059325,25.95172538757324,26.118809292670118,25.812672369095523,0.01527903876667791,0.4524788247360675,78.27631072827303,0.32397979252338516,0.17320301511341454,26.858692169189453,26.704404830932617,0.005777598835609243,0.54,4.7,242.637
2016-12-21,26.955402374267578,27.03369507833526,26.89092706316505,26.895533446426928,95132800,26.000241661071776,25.957961387634278,26.19848482425083,25.857485310574614,0.016233978689595085,0.37781398101199354,86.22029768500684,0.34824850839468624,0.20821211376966894,26.930072784423828,26.858692169189453,0.002657635553687143,0.54,4.7,242.637
2016-12-22,26.778093338012695,26.82875300931792,26.628417515561896,26.79190897316127,104343600,26.058500003814697,25.95588607788086,26.253685635085294,25.893587586237665,0.0040579453512956665,0.2875346041051415,79.55608273317074,0.34914950502116326,0.23639959201996782,26.955402374267578,26.930072784423828,0.0009405689337163015,0.54,4.7,242.637
2016-12-23,26.831052780151367,26.831052780151367,26.616901664526413,26.616901664526413,56998000,26.112958717346192,25.956519470214843,26.308672982234445,25.93035092725103,0.004742586476671695,0.25814853480533173,86.1465445556316,0.35010118716383687,0.2591399110487417,26.778093338012695,26.955402374267578,-0.00657786642517888,0.54,4.7,242.637
2016-12-27,27.00145149230957,27.12579746076243,26.824142668900457,26.831050485455602,73187600,26.178470420837403,25.957582511901855,26.374651887955885,25.97235487106178,0.005315200093170658,0.1697003137659254,86.0100083566187,0.36045010961685975,0.2794019507623653,26.831052780151367,26.778093338012695,0.0019777151969029294,0.54,4.7,242.637
2016-12-28,26.886322021484375,27.176460916964754,26.757369644450435,27.061325932682575,83623600,26.239492225646973,25.95670955657959,26.42338237686336,26.008196720165973,-0.0016246061898784747,0.1467558628770987,79.93764676250461,0.35526642885620063,0.29457484638113235,27.00145149230957,26.831052780151367,0.006350802316793747,0.54,4.7,242.637
2016-12-29,26.87940788269043,26.966909817713006,26.803418389296596,26.814930830925345,60158000,26.31099100112915,25.9560648727417,26.46681337741832,26.04236186385667,-0.0028192675635847486,0.10640106621098706,77.0857910412895,0.34660496500766413,0.3049808701064387,26.886322021484375,27.00145149230957,-0.004263825256134335,0.54,4.7,242.637
2016-12-30,26.66986846923828,26.987640402700062,26.580063319416027,26.8609929703761,122345200,26.38387174606323,25.952833137512208,26.486151957591645,26.066969966071603,-0.004041544982621437,0.10640106621098706,62.31918063111485,0.31915360889643907,0.3078154178644388,26.87940788269043,26.886322021484375,-0.00025716194235936296,0.54,4.7,242.637
2017-01-03,26.745859146118164,26.78730781374833,26.425784007070973,26.66526500262077,115127600,26.4558313369751,25.951396026611327,26.510885975546547,26.093593071216276,-0.0031751878963253155,0.10078005578516208,69.60123597592309,0.30007099233365864,0.30626653275828275,26.66986846923828,26.87940788269043,-0.007795536805224268,0.65,4.7,243.618
2017-01-04,26.715917587280273,26.82875112245921,26.653745476663897,26.676772119232176,84472400,26.535389614105224,25.951467819213867,26.530412795711666,26.117997954238643,-0.010574761327576065,0.10970059633394505,57.53154271815324,0.2793121115029997,0.30087564850722615,26.745859146118164,26.66986846923828,0.0028493082733997976,0.65,4.7,243.618
2017-01-05,26.851778030395508,26.909345515795238,26.66756137438828,26.69289120850978,88774400,26.61206922531128,25.949445724487305,26.5610190085387,26.1467736435444,-0.0012848165346402984,0.10520772932724552,61.63918532288486,0.2707028571804493,0.2948410902418708,26.715917587280273,26.745859146118164,-0.0011194839049407657,0.65,4.7,243.618
2017-01-06,27.151126861572266,27.20869434104453,26.819537617629607,26.8909207299928,127007600,26.691281890869142,25.95066158294678,26.617219756446662,26.186160044310167,0.010108815643101066,0.14243545424940696,65.4355789489139,0.28475246089989525,0.29282336437347567,26.851778030395508,26.715917587280273,0.005085374390431552,0.65,4.7,243.618
2017-01-09,27.39982032775879,27.501139665978368,27.158037939035147,27.160339373579944,134247600,26.770379066467285,25.969039154052734,26.691753144190677,26.23375456529798,0.02736990845539622,0.22103683121812912,69.61035105195104,0.3123537379154868,0.29672943908187793,27.151126861572266,26.851778030395508,0.011148194016720403,0.65,4.7,243.618
2017-01-10,27.427457809448242,27.489629931843083,27.240939685443166,27.349165101699334,97848400,26.82978916168213,25.993055267333986,26.76182025516759,26.28056645728994,0.025484268783678488,0.2711675256225687,67.27266408327107,0.33262378268736725,0.30390830780297584,27.39982032775879,27.151126861572266,0.0091596001688794,0.65,4.7,243.618
2017-01-11,27.574825286865234,27.616273946295752,27.310014504771377,27.342252155792867,110354400,26.90405101776123,26.023500938415527,26.83924930580546,26.33132170557577,0.03214966121896912,0.3317308900757859,68.71647450179614,0.3564700976423332,0.3144206657708473,27.427457809448242,27.39982032775879,0.0010086738292021113,0.65,4.7,243.618
2017-01-12,27.459693908691406,27.471208109913796,27.22021292919338,27.379099770596024,108344800,26.95079574584961,26.052468681335448,26.898339267985072,26.375571595950312,0.02263968805372052,0.3529641302038113,63.913628297720514,0.36190650115566214,0.3239178328478103,27.574825286865234,27.427457809448242,0.005372990761332019,0.65,4.7,243.618
2017-01-13,27.411334991455078,27.544891983763733,27.3583721300843,27.427453817642654,104447600,26.995122528076173,26.089862251281737,26.947196003553643,26.416189768372686,0.009583695410119164,0.35815032046088513,68.80984998623259,0.35818380964262886,0.330771028206774,27.459693908691406,27.574825286865234,-0.004175235091287033,0.65,4.7,243.618
2017-01-17,27.63239860534668,27.68766291064761,27.222518307125334,27.250149581365502,137759200,27.04324903488159,26.131218910217285,27.012453394200598,26.463884232623744,0.008488313967236705,0.3466910665336723,71.64190329406772,0.3688200084583251,0.33838082425708427,27.411334991455078,27.459693908691406,-0.0017610872647426667,0.65,4.7,243.618
2017-01-18,27.63009262084961,27.747530794962067,27.565617311711918,27.63239581241036,94852000,27.089533424377443,26.17800979614258,27.071276177690983,26.5096178949587,0.007388027458073987,0.31917084545953656,68.67306875159343,0.3727661824599373,0.34525789589765493,27.63239860534668,27.411334991455078,0.008064678862248487,0.65,4.7,243.618
2017-01-19,27.58173179626465,27.653114912024936,27.487322038983635,27.49422985575784,102389200,27.1256854057312,26.22839298248291,27.119890998507525,26.551661577408424,0.0002504643031302489,0.24404616491144884,71.50954727858608,0.3677520230075828,0.34975672131964053,27.63009262084961,27.63239860534668,-8.345220152639055e-05,0.65,4.7,243.618
2017-01-20,27.63239860534668,27.736019397388496,27.57022648148571,27.736019397388496,130391600,27.160801696777344,26.27255874633789,27.16870124677792,26.59404342168543,0.006289388994267231,0.15267110173720067,72.6767977317688,0.36367444099296975,0.35254026525430643,27.58173179626465,27.63009262084961,-0.0017502954205975696,0.65,4.7,243.618
2017-01-23,27.65081214904785,27.818908205210384,27.579427279897413,27.63239013398838,88200800,27.195572185516358,26.314099464416504,27.21461657080363,26.63548533260385,0.008736428111488337,0.10314238621825879,83.3849397535615,0.3578042028324049,0.35359305276992614,27.63239860534668,27.58173179626465,0.0018369698268507761,0.65,4.7,243.618
2017-01-24,27.62548828125,27.65542274456876,27.51726111543693,27.52877531653976,92844000,27.237941932678222,26.355962562561036,27.25374720989376,26.674308977686117,-0.00025008050134822657,0.09326480790208823,81.00617327942192,0.3471073350152416,0.3522959092189893,27.65081214904785,27.63239860534668,0.0006663751476720936,0.65,4.7,243.618
2017-01-25,28.0653018951416,28.115961567076894,27.69687031309449,27.72910796672234,129510400,27.299654388427733,26.42085262298584,27.331038132298314,26.728857719597496,0.015751278154007453,0.17385061832232154,86.90177137015168,0.36985580566818754,0.355807888508829,27.62548828125,27.65081214904785,-0.0009158453524383825,0.65,4.7,243.618
2017-01-26,28.079113006591797,28.19424796002959,28.00082032470771,28.016939147916204,105350400,27.353537464141844,26.48307144165039,27.402283358421503,26.78180890736975,0.018032994229699062,0.22332511459022575,85.96487109751831,0.38456554164394774,0.36155941913585277,28.0653018951416,27.62548828125,0.015920573399968108,0.65,4.7,243.618
2017-01-27,28.081418991088867,28.173527320128414,28.000824861986857,28.12517084266721,82251600,27.41329231262207,26.557863121032714,27.466962942485058,26.83277400873552,0.01624977954882656,0.24192485831876293,83.00654390915673,0.3918917034464471,0.3676258759979717,28.079113006591797,28.0653018951416,0.000492106284899263,0.65,4.7,243.618
2017-01-30,28.007734298706055,28.007734298706055,27.784373915656673,27.846546031181685,121510000,27.46970863342285,26.624733505249022,27.51846497641087,26.87885088288975,0.012908197695397305,0.2250981114895594,74.62695101220831,0.3872875903273112,0.37155821886383966,28.081418991088867,28.079113006591797,8.212454918110623e-05,0.65,4.7,243.618
2017-01-31,27.94326400756836,27.95247501834034,27.77516789223655,27.897210710529123,196804000,27.533378410339356,26.67705089569092,27.558922026997294,26.92059257408647,0.011502990393622792,0.22101608777712536,70.29010625574908,0.3741239161936143,0.37207135832979465,28.007734298706055,28.081418991088867,-0.0026239661324164443,0.65,4.7,243.618
2017-02-01,29.647258758544922,30.047929772891518,29.24658950101878,29.25119412743658,447940000,27.678448390960693,26.763632354736327,27.757811239525637,27.02752065983236,0.056366999696417786,0.6051877881172627,86.64514492773175,0.4954781810819391,0.3967527228802236,27.94326400756836,28.007734298706055,-0.0023018745625801307,0.66,4.6,244.006
2017-02-02,29.59659767150879,29.794629977612935,29.423895201544966,29.469950247627544,134841600,27.82248239517212,26.84869411468506,27.932933756857363,27.128268778010508,0.05404318379148054,0.7555523270876432,88.66670209997577,0.5808684935689747,0.43357587701797384,29.647258758544922,27.94326400756836,0.060980519330706695,0.66,4.6,244.006
2017-02-03,29.723247528076172,29.748577364792464,29.51139958174031,29.545938671062146,98029200,27.966055870056152,26.928597717285157,28.103439830306773,27.23003265063313,0.05846672269333353,0.8538111077007369,90.68082627075981,0.651253274034918,0.47711135642136265,29.59659767150879,29.647258758544922,-0.0017087949833315408,0.66,4.6,244.006
2017-02-06,30.001874923706055,30.05023316675811,29.68179978377818,29.734764410368804,107383600,28.108593273162843,27.013751525878906,28.284243172535273,27.33873234768928,0.07119964091819186,0.9318626131063418,90.86586603050874,0.7212030421535225,0.5259296935677946,29.723247528076172,29.59659767150879,0.004279203237245843,0.66,4.6,244.006
2017-02-07,30.28740692138672,30.416357534095017,30.03871494817471,30.05943840086554,152735200,28.25297260284424,27.107241134643555,28.475020672425885,27.45436664477153,0.08388937359584969,0.9771712053551134,91.7512661452246,0.7905656347434444,0.5788568818029246,30.001874923706055,29.723247528076172,0.009374056296058919,0.66,4.6,244.006
2017-02-08,30.40484046936035,30.446290884477907,30.216020951008034,30.245957166724025,92016400,28.401841735839845,27.20050037384033,28.65881303403869,27.570071500709386,0.025553179030323614,1.0226080966293314,93.4138927084751,0.8452681696907867,0.632139139380497,30.28740692138672,30.001874923706055,0.009517138459071761,0.66,4.6,244.006
2017-02-09,30.624547958374023,30.6314857250858,30.323898461658306,30.446470378731956,113399600,28.554327869415282,27.299166984558106,28.84602588397539,27.68985489127728,0.03473204245550132,1.0356027696465109,93.73938403716075,0.8960201187624044,0.6849153352568785,30.40484046936035,30.28740692138672,0.0038773061120234154,0.66,4.6,244.006
2017-02-10,30.55516242980957,30.744804103372406,30.53897548606873,30.63379632285015,80262000,28.709101295471193,27.396952514648437,29.008800793102456,27.802219892852566,0.02798869473961707,0.9706032906009757,91.83253535412365,0.9200369584200665,0.7319396598895163,30.624547958374023,30.40484046936035,0.007226069455456452,0.66,4.6,244.006
2017-02-13,30.82576560974121,30.94834111676248,30.700882217831733,30.777201218561515,92141600,28.8798228263855,27.504479179382326,29.181845061353766,27.92079031318781,0.027461306606013425,0.8303518961094878,93.05289767942396,0.9499553974806467,0.7755428074077424,30.55516242980957,30.624547958374023,-0.002265683355024972,0.66,4.6,244.006
2017-02-14,31.22585678100586,31.24204373213722,30.816510771787087,30.867390096271922,132904800,29.059495735168458,27.62475124359131,29.37651284417777,28.050400762974533,0.030984820260610668,0.5432866228492251,92.97784763342385,0.9944861722588456,0.8193314803779631,30.82576560974121,30.55516242980957,0.00885621801400216,0.66,4.6,244.006
2017-02-15,31.339174270629883,31.514940483144198,31.133345570876376,31.34148921271568,142492400,29.24494981765747,27.74540138244629,29.563432980030353,28.179372273144033,0.030729771537893136,0.5831288802673913,93.1628749138238,1.0270813519866024,0.860881454699691,31.22585678100586,30.82576560974121,0.012979115468853664,0.66,4.6,244.006
2017-02-16,31.302169799804688,31.429364557891073,31.184220693315968,31.37617383020724,90338400,29.430971717834474,27.868949737548828,29.729026962866,28.301834921308004,0.022126754078189537,0.5516176545917058,92.25417349174009,1.0379623315708741,0.8962976300739278,31.339174270629883,31.22585678100586,0.0036289633433839175,0.66,4.6,244.006
2017-02-17,31.38774299621582,31.41318265769598,31.24435773816867,31.24435773816867,88792800,29.61873893737793,27.990340881347656,29.88699991842313,28.422850924302182,0.027248441840845405,0.4962942301129418,94.20563964916832,1.041485036866895,0.9253351114325212,31.302169799804688,31.339174270629883,-0.001180773638311039,0.66,4.6,244.006
2017-02-21,31.6143798828125,31.625944005042655,31.447866403547273,31.505683485823404,98028800,29.81691732406616,28.111291007995604,30.051512295984026,28.548008922731395,0.0255829581998146,0.4711246114790742,96.05915951071168,1.0504555116066214,0.9503591914673414,31.38774299621582,31.302169799804688,0.002733778423617883,0.66,4.6,244.006
2017-02-22,31.709213256835938,31.71152467064417,31.477944836475054,31.55194889597499,83347600,30.02110357284546,28.229117736816406,30.20938857796992,28.6719777202008,0.015479366321954569,0.46113168137324606,93.39026344223264,1.0530777138278609,0.9709028959394453,31.6143798828125,31.38774299621582,0.007220553788273465,0.66,4.6,244.006
2017-02-23,31.57505989074707,31.794764064225188,31.521869171223212,31.771639352154608,83152800,30.196591472625734,28.33583381652832,30.33945251252013,28.785824079877305,0.007526861367826543,0.411215597171972,90.22002121732872,1.0324295671185801,0.9832082301752724,31.709213256835938,31.6143798828125,0.002999691101801316,0.66,4.6,244.006
2017-02-24,31.605127334594727,31.605127334594727,31.28597594519853,31.43167610624884,87106400,30.37289218902588,28.44614459991455,30.45999297176533,28.896384991871084,0.009678483527743476,0.36931125139088805,89.82028049641812,1.0068852076148964,0.9879436256631973,31.57505989074707,31.709213256835938,-0.004230737767041415,0.66,4.6,244.006
2017-02-27,31.667560577392578,31.785509646346615,31.517237622650356,31.716128463821924,81029600,30.552199268341063,28.548999824523925,30.574999410396494,29.0050585442861,0.008914867858147435,0.2693659696638424,88.79511553254609,0.9803777748638041,0.9864304555033186,31.605127334594727,31.57505989074707,0.0009522529474748076,0.66,4.6,244.006
2017-02-28,31.681440353393555,31.785510365097114,31.614370581516106,31.702253649959545,93931600,30.735884571075438,28.65213264465332,30.680374738300976,29.11001469370149,0.0021212015174623122,0.17830473575767544,87.17184262483178,0.9495446655248365,0.9790532975076223,31.667560577392578,31.605127334594727,0.001975415005827541,0.66,4.6,244.006
2017-03-01,32.32898712158203,32.41224383275445,31.822512618229407,31.889578858039172,145658400,30.955170726776124,28.765315017700196,30.8373854414706,29.236248906604185,0.019545545319150426,0.2892022980368672,89.99916735062865,0.9662228016472341,0.9764871983355448,31.681440353393555,31.667560577392578,0.0004382963432580933,0.79,4.4,243.892
2017-03-02,32.13704299926758,32.44231530580074,32.090786518358094,32.37756046717631,104844000,31.079659938812256,28.873967781066895,30.961162351736984,29.35000553772767,0.017798322804929878,0.3119509210801566,81.80891936406469,0.9529668495169368,0.9717831285718234,32.32898712158203,31.681440353393555,0.02043930960730811,0.79,4.4,243.892
2017-03-03,32.326683044433594,32.33824716533462,32.05147319981067,32.095414741910034,84432400,31.216164207458498,28.983327598571776,31.091211941517614,29.466737989009143,0.02283033705891957,0.3339216161075421,85.4626899636281,0.9468490917697849,0.9667963212114158,32.13704299926758,32.32898712158203,-0.005937214227980436,0.79,4.4,243.892
2017-03-06,32.22492980957031,32.324377031281756,32.053793495595706,32.23186757749497,87000000,31.341248321533204,29.08922473907471,31.199185071808344,29.57490237416311,0.017600636803569936,0.3229187976692949,80.03949218714808,0.923148606517028,0.9580667782725383,32.326683044433594,32.13704299926758,0.0059009799118836526,0.79,4.4,243.892
2017-03-07,32.266544342041016,32.372925751356725,32.09771599385279,32.16015940385218,69785200,31.45448179244995,29.195447578430176,31.300838335640027,29.680456961170513,0.018468351884284973,0.3275555832798787,76.40805532323515,0.8973793160287187,0.9459292858237746,32.22492980957031,32.326683044433594,-0.0031476546703977926,0.79,4.4,243.892
2017-03-08,32.146297454833984,32.331312822219466,32.10467084983143,32.1347333327084,74828800,31.547426319122316,29.3028116607666,31.381358251753735,29.77715658840099,-0.005650955474138186,0.3206087060130709,70.40944777073935,0.8573708117831451,0.9282175910156487,32.266544342041016,32.22492980957031,0.0012913769779057116,0.79,4.4,243.892
2017-03-09,32.07229232788086,32.097731986936,31.69532732590461,32.086171392808566,88623600,31.63079891204834,29.407636451721192,31.447161497099174,29.867161911542883,-0.0020148297834431395,0.28461434756916626,69.11611532372302,0.8103509671411118,0.9046442662407415,32.146297454833984,32.266544342041016,-0.0037266738555067347,0.79,4.4,243.892
2017-03-10,32.17866897583008,32.229548280748425,32.0630348335382,32.204108628289255,78451200,31.708504962921143,29.511180801391603,31.516828876025926,29.957809247421505,-0.0045786964409576525,0.2403100475570057,69.43181551928546,0.77276317511107,0.8782680480148073,32.07229232788086,32.146297454833984,-0.0023021353254477628,0.79,4.4,243.892
2017-03-13,32.192562103271484,32.24575284971267,32.10468250673298,32.11162027675244,69686800,31.790374946594238,29.617305603027344,31.581184421477886,30.045446614340083,-0.0010044306221953514,0.1857550819360892,65.86331552682698,0.7356159160217608,0.8497376216161981,32.17866897583008,32.07229232788086,0.003316777200136123,0.79,4.4,243.892
2017-03-14,32.143985748291016,32.29662016078054,32.109293382231215,32.215678364390186,61236400,31.856285953521727,29.722597160339355,31.63478454784104,30.127742266672183,-0.0037983179249323484,0.08466159178463005,62.23931598231966,0.6942538138761769,0.8186408600681939,32.192562103271484,32.17866897583008,0.00043174959945790903,0.79,4.4,243.892
2017-03-15,32.48394775390625,32.551014009818594,32.15323224191797,32.24111532727662,102767200,31.91919050216675,29.838878746032716,31.715657234132966,30.22014248187973,0.010503551755740137,0.11810445739432474,72.92925560120372,0.6810553603482212,0.7911237601241995,32.143985748291016,32.192562103271484,-0.001508931001659275,0.79,4.4,243.892
2017-03-16,32.537139892578125,32.61345886020559,32.43769268183648,32.54407765973749,76928000,31.97908878326416,29.954704360961912,31.79389367779441,30.31100512545722,0.014493743070967513,0.15106665936903788,73.24146643316264,0.6671966245112735,0.7663383330016144,32.48394775390625,32.143985748291016,0.010576224376073418,0.79,4.4,243.892
2017-03-17,32.3752555847168,32.60883533337657,32.352127339597125,32.60883533337657,175540000,32.03274307250977,30.067891120910645,31.849261478453688,30.391956123877268,0.006109221268113307,0.15429168057909165,66.81373099915533,0.6358214123365613,0.7402349488686039,32.537139892578125,32.48394775390625,0.001637489971195949,0.79,4.4,243.892
2017-03-20,32.71522903442383,32.72447821761043,32.430766364957286,32.47008156903279,86168000,32.09911737442017,30.18516014099121,31.931734579022272,30.48306486548648,0.016235642552328233,0.20925717335543806,71.26604459252994,0.6311142544858619,0.7184108099920555,32.3752555847168,32.537139892578125,-0.004975369943264529,0.79,4.4,243.892
2017-03-21,32.34055709838867,33.025112795244745,32.31511744511997,32.865537109184174,158119600,32.13542623519898,30.288948745727538,31.97067005705717,30.555907698164024,0.0061153383913539194,0.20881095666416868,50.26810480926813,0.5903457654947779,0.6927978010926,32.71522903442383,32.3752555847168,0.010501027515208872,0.79,4.4,243.892
2017-03-22,32.70595932006836,32.747589444955736,32.322053133198985,32.342869960079604,103440800,32.185263538360594,30.39507152557373,32.040697605915376,30.640223448058986,0.006834500776938812,0.23129160108903501,62.20226212060716,0.5808259497469308,0.6704034308234662,32.34055709838867,32.71522903442383,-0.011452523705119622,0.79,4.4,243.892
2017-03-23,32.590328216552734,32.742966140564654,32.51863560860373,32.66895859115008,81385200,32.23602695465088,30.498328933715822,32.093043378357024,30.71669814487692,0.0016346957400130702,0.21338971284640548,55.840137094879736,0.5575241718891455,0.6478275790366022,32.70595932006836,32.34055709838867,0.011298575363684504,0.79,4.4,243.892
2017-03-24,32.52558135986328,32.779977962334236,32.45851508950733,32.72447228664738,89582400,32.28204965591431,30.597344055175782,32.13423747183381,30.78763474155576,0.004643230529968401,0.19614999940044986,56.770892396298315,0.5277492499924143,0.6238119132277646,32.590328216552734,32.70595932006836,-0.003535475060799542,0.79,4.4,243.892
2017-03-27,32.58108139038086,32.65971177065704,32.058412739296315,32.23649033017133,94300400,32.32772569656372,30.699771804809572,32.17679403550496,30.857965982698257,-0.004100464768313716,0.17432309646159908,57.03957680919873,0.5028344361260899,0.5996164178074297,32.52558135986328,32.590328216552734,-0.001986689310375489,0.79,4.4,243.892
2017-03-28,33.25637435913086,33.311876479489214,32.52093950452232,32.58800927178649,133499200,32.40647239685059,30.816672592163087,32.27961120918362,30.952021213162144,0.028317918518101726,0.2571899399884829,69.90021172184018,0.5314535004202696,0.5859838343299977,32.58108139038086,32.52558135986328,0.0017063501464746889,0.79,4.4,243.892
2017-03-29,33.33039855957031,33.415970261765054,33.11532065510559,33.22863990542014,116760000,32.45654296875,30.93063259124756,32.379686194934735,31.045290913036105,0.019092521744769497,0.3374443090062077,72.55376097752455,0.5537244585157808,0.5795319591671543,33.25637435913086,32.58108139038086,0.020726536380384575,0.79,4.4,243.892
2017-03-30,33.28644943237305,33.41827407587476,33.18700574316975,33.346581457356166,84829200,32.51401329040527,31.043759727478026,32.46604459850029,31.133179482435285,0.02135974854855105,0.37894289561936817,70.31357549371282,0.5613570513382271,0.5758969776013688,33.33039855957031,33.25637435913086,0.0022258650218474063,0.79,4.4,243.892
2017-03-31,33.2240104675293,33.36508429564354,33.07368392967407,33.23788600326598,78646800,32.558879661560056,31.15660530090332,32.5382318241221,31.21517285441178,0.021473224411843406,0.3755616069444841,68.58301008640383,0.5559588855410595,0.571909359189307,33.28644943237305,33.33039855957031,-0.0013185899088100639,0.79,4.4,243.892
2017-04-03,33.233253479003906,33.33038574000391,33.082930497929304,33.23556842044681,79942800,32.60929584503174,31.268622398376465,32.60442436268227,31.2943132710736,0.020016895105746668,0.38951609327324704,69.90684645769747,0.5461311738171375,0.5667537221148731,33.2240104675293,33.28644943237305,-0.0018758073002230757,0.9,4.4,244.193
2017-04-04,33.480716705322266,33.50846777533685,33.11068597037959,33.129187860014184,79565600,32.6700044631958,31.385220489501954,32.687880776267036,31.380054582232216,0.006745844985047489,0.37161678280261196,68.85382167673225,0.5519483388244524,0.563792645456789,33.233253479003906,33.2240104675293,0.00027820276193457616,0.9,4.4,244.193
2017-04-05,33.307273864746094,33.64030090445569,33.25870595109031,33.353526836066756,110871600,32.72805328369141,31.498856201171876,32.74687059421742,31.455631809007297,-0.0006938019292774822,0.36346113808669167,63.93320432090415,0.5363800410625785,0.5583101245779469,33.480716705322266,33.233253479003906,0.0074462533881825,0.9,4.4,244.193
2017-04-06,33.2240104675293,33.4229013804629,33.17544256357612,33.36970712163922,84596000,32.78563919067383,31.60203037261963,32.79231248691379,31.5249799917031,-0.0018758073002230757,0.321071278239565,65.80523620906193,0.511427969350791,0.5489336935325158,33.307273864746094,33.480716705322266,-0.005180380160398457,0.9,4.4,244.193
2017-04-07,33.150001525878906,33.344266075859544,33.13381457781785,33.240196033289536,66688800,32.83420581817627,31.70344814300537,32.82637810967237,31.588706326384308,-0.0022275739926919114,0.23693471704953095,58.98632336035651,0.48014653925290673,0.535176262676594,33.2240104675293,33.307273864746094,-0.0024998562642776223,0.9,4.4,244.193
2017-04-10,33.11068344116211,33.274885493579646,33.04824000952453,33.21013064924229,75733600,32.880111885070804,31.804033432006836,32.853454807909486,31.648391703441302,-0.0036881744942376393,0.10237150168229728,68.47955828616202,0.44703005547513186,0.5175470212363016,33.150001525878906,33.2240104675293,-0.0022275739926919114,0.9,4.4,244.193
2017-04-11,32.75453186035156,33.152313635689204,32.391438919949145,33.05749278170043,121517600,32.91063919067383,31.898969383239745,32.844033574808726,31.691769748815137,-0.021689644560543897,0.1900111178025714,51.17071923885321,0.38757878047945127,0.4915533730849315,33.11068344116211,33.150001525878906,-0.0011860658493817455,0.9,4.4,244.193
2017-04-12,32.793853759765625,32.874795567468055,32.6111497813907,32.74760079409637,81400000,32.926134490966795,31.995981178283692,32.839254544804625,31.734988729641326,-0.015414654080227685,0.2248393430674615,55.09281090172525,0.3397200837212253,0.4611867152121903,32.75453186035156,33.11068344116211,-0.010756394728107299,0.9,4.4,244.193
2017-04-13,32.620391845703125,32.927979083886925,32.620391845703125,32.81928270915754,71291600,32.93029708862305,32.055443840026854,32.818410478223534,31.76971042047083,-0.01816814446335746,0.2750975097799437,52.25002082179082,0.28451508219089305,0.42585238860793084,32.793853759765625,32.75453186035156,0.0012005025619572507,0.9,4.4,244.193
2017-04-17,32.80078887939453,32.81235300209678,32.5787697216858,32.71984354935364,66328400,32.95157375335693,32.119527664184574,32.81673223071601,31.81014486984436,-0.010534317659435355,0.2845606082038151,54.922254109498894,0.25241160980842636,0.39116423284803,32.620391845703125,32.793853759765625,-0.005289464157924528,0.9,4.4,244.193
2017-04-18,32.65509033203125,32.849354899207185,32.6342770274499,32.70365823826272,58790000,32.9485668182373,32.17816452026367,32.801337764174605,31.843279986011684,-0.0137597011532683,0.30090324729503615,32.33785355555705,0.21276015490647637,0.35548341725971927,32.80078887939453,32.620391845703125,0.005530192112488841,0.9,4.4,244.193
2017-04-19,32.534828186035156,32.84010408690004,32.48163745623287,32.81235301550316,69313600,32.958280372619626,32.228823585510256,32.775955899589896,31.870399523269967,-0.006707580961715753,0.27714620269385026,27.248886193158768,0.1696760215573292,0.31832193811924125,32.65509033203125,32.80078887939453,-0.0044419220494665845,0.9,4.4,244.193
2017-04-20,32.941856384277344,33.05286417738773,32.6458332500669,32.659708783096434,93278400,32.97007522583008,32.281912574768064,32.7917559457506,31.912417439391564,0.004513120830382578,0.2381104370260793,41.840088018976836,0.1664565024505933,0.28794885098551165,32.534828186035156,32.65509033203125,-0.003682799366753864,0.9,4.4,244.193
2017-04-21,32.90254211425781,32.99735943555886,32.805409851471275,32.94185730189468,69283600,32.98568592071533,32.331866607666015,32.80230700941796,31.951245858017025,0.008649505802667212,0.20230436086512396,42.303385666401795,0.1589009659129843,0.26213927397100617,32.941856384277344,32.534828186035156,0.012510537812426392,0.9,4.4,244.193
2017-04-24,33.21937942504883,33.29107203548828,33.112994451288344,33.187002003273776,68537200,33.02037582397461,32.38376323699951,32.842028191858994,32.00097658613992,0.01276159994789805,0.21539863705444562,49.71047096828634,0.17644532001740743,0.24500048318028642,32.90254211425781,32.941856384277344,-0.0011934442783344545,0.9,4.4,244.193
2017-04-25,33.425209045410156,33.51077719210791,33.27257111167275,33.28182382037621,75486000,33.06258220672608,32.44116416931152,32.89756922553053,32.056828839448954,0.02358342009005243,0.2750821578386448,48.82116093490501,0.2045995806121823,0.2369203026666656,33.21937942504883,32.90254211425781,0.009629569341200517,0.9,4.4,244.193
2017-04-26,33.22863006591797,33.44140002279601,33.15925239397346,33.41133401237041,80164800,33.06119499206543,32.48922145843506,32.929098829376954,32.10278182872566,0.021324897611741944,0.29415100930487814,48.34606251203388,0.20864462880401646,0.2312651678941358,33.425209045410156,33.21937942504883,0.006196070604682191,0.9,4.4,244.193
2017-04-27,33.25407028198242,33.33964196027927,33.14306247612717,33.28413629291438,56985200,33.05737857818603,32.52978572845459,32.96004849152986,32.14793039552327,0.009477726272101972,0.3091853832074269,50.64793892928914,0.21146552848304623,0.2273052400119179,33.22863006591797,33.425209045410156,-0.0058811593137719775,0.9,4.4,244.193
2017-04-28,33.2216911315918,33.3720176495641,33.13381157392462,33.32344975203475,83441600,33.054140663146974,32.56743606567383,32.984966838202425,32.190038659685705,0.009699828548982659,0.2942831144963182,51.57350766700883,0.20868281932882127,0.22358075587529858,33.25407028198242,33.22863006591797,0.0007656113422065403,0.9,4.4,244.193
2017-05-01,33.89931106567383,34.042696296088565,33.52465751323557,33.55703493716388,134411600,33.087905693054196,32.619378890991214,33.07204724081875,32.25706895012103,0.020467921207230733,0.3926234708844339,63.52093405328478,0.2581796337435449,0.23050053144894783,33.2216911315918,33.25407028198242,-0.000973689840553682,0.91,4.4,244.004
2017-05-02,34.11437225341797,34.24850823815863,33.95942297678811,34.121310017381035,181408800,33.1319616317749,32.67391147613525,33.17131628963772,32.329904373784345,0.020618067251921834,0.4622353697936383,74.49959450729199,0.3111728493729231,0.24663499503374292,33.89931106567383,33.2216911315918,0.020396912709770287,0.91,4.4,244.004
2017-05-03,34.010318756103516,34.10976596924904,33.36508169256447,33.67035404157906,182788000,33.15844173431397,32.72183025360108,33.25122128644399,32.39580297701656,0.023524553634466816,0.43467474555903285,71.4169237815976,0.340845057281129,0.2654770074832202,34.11437225341797,33.89931106567383,0.0063441167676681065,0.91,4.4,244.004
2017-05-04,33.88774490356445,34.028818712660346,33.721231439422596,33.88543349087821,93487600,33.187465286254884,32.765400886535645,33.311842583312604,32.45431050355127,0.019055550680223465,0.4213582100701508,72.7199615941702,0.35043026831970536,0.28246765965051723,34.010318756103516,34.11437225341797,-0.003050136656230773,0.91,4.4,244.004
2017-05-05,34.44972610473633,34.45434892975689,33.9409330425496,33.9409330425496,109310800,33.24875106811523,32.82289421081543,33.42021244249582,32.532562095759,0.03696485432605634,0.45375092771257686,76.00307518687535,0.3987769509269441,0.3057295179058026,33.88774490356445,34.010318756103516,-0.0036040195159025012,0.91,4.4,244.004
2017-05-08,35.386375427246094,35.5459511825163,34.46592821419008,34.46592821419008,195009600,33.36056976318359,32.89851917266846,33.60746606009108,32.644476344058646,0.043867096847229226,0.6767386940805921,84.47191751274902,0.5068294037575853,0.3459494950761592,34.44972610473633,33.88774490356445,0.016583611649908292,0.91,4.4,244.004
2017-05-09,35.613006591796875,35.81883523651143,35.48811973431324,35.58525199631485,156521600,33.48568592071533,32.97742809295654,33.79846992025354,32.76088929495638,0.04392970585084588,0.8436507968347904,87.83425669263576,0.6037888895718879,0.397517373975305,35.386375427246094,34.44972610473633,0.027188875744965424,0.91,4.4,244.004
2017-05-10,35.44417953491211,35.60144381901725,35.178222392852916,35.529751208316476,103222800,33.62016830444336,33.052682876586914,33.95520416926864,32.866116363195175,0.04215958071699255,0.877716463460329,82.6693082245882,0.6594058281698096,0.44989506481420594,35.613006591796875,35.386375427246094,0.00640447522003873,0.91,4.4,244.004
2017-05-11,35.75071334838867,35.7785825048383,35.36986794901809,35.40237901200923,109020400,33.768011283874515,33.121117401123044,34.12620504347055,32.979237813600335,0.05497469513317377,0.8932178901370481,84.75926044899316,0.719918596201417,0.5038997710916482,35.44417953491211,35.613006591796875,-0.004740601062412253,0.91,4.4,244.004
2017-05-12,36.25,36.32430949339063,35.91791937475135,35.9248857790242,130108000,33.94949169158936,33.20337654113769,34.32847122980669,33.10750299738661,0.05225800314900497,0.8957330713044185,85.40903219825447,0.7989538186202267,0.5629105805973639,35.75071334838867,35.44417953491211,0.008648354045679874,0.91,4.4,244.004
2017-05-15,36.1571159362793,36.37772705040875,36.00617242225423,36.229104490458674,104038800,34.11730804443359,33.27998519897461,34.50262786851837,33.2270956616622,0.021780713614420133,0.9054127416443185,82.78419333780738,0.8443615596644207,0.6192007764107753,36.25,35.75071334838867,0.013965781514506004,0.91,4.4,244.004
2017-05-16,36.10369110107422,36.240701748573535,35.92952394269511,36.21283613713365,80194000,34.28973808288574,33.35756042480469,34.65511008114274,33.33990332595765,0.013778238801954057,0.8814671821795805,85.72972685968278,0.8660532609828095,0.6685712733251822,36.1571159362793,36.25,-0.0025623189991917927,0.91,4.4,244.004
2017-05-17,34.89149856567383,35.89470341996121,34.766099730608424,35.66944687286726,203070800,34.40757160186767,33.410059509277346,34.6776232701457,33.40075019810586,-0.01559299655092583,0.7752769805412864,65.71398656900445,0.7764795112033624,0.6901529209008183,36.10369110107422,36.1571159362793,-0.0014775745747871438,0.91,4.4,244.004
2017-05-18,35.423274993896484,35.609053998391495,35.09584344055079,35.128354500579434,134272800,34.531642532348634,33.47559906005859,34.74863772002673,33.48006489598311,-0.009158932055461921,0.568387947411402,69.28002084572162,0.739872789710688,0.7000968946627922,34.89149856567383,36.10369110107422,-0.033575307632862095,0.91,4.4,244.004
2017-05-19,35.54402542114258,35.75766999729566,35.44417130613762,35.618338426816244,107843200,34.66371669769287,33.54503372192383,34.824388929656806,33.56100452442379,-0.019475160796066815,0.4195136134007633,65.95996239070725,0.7123932238803903,0.7025561605063119,35.423274993896484,34.89149856567383,0.015240859524039418,0.91,4.4,244.004
2017-05-22,35.76001739501953,35.89702810060654,35.509216155409966,35.762338349143555,91865600,34.790748596191406,33.61666069030762,34.913496402548496,33.6472403232738,-0.010982583399615775,0.40930787213635594,65.96611037666158,0.6999753371843767,0.7020399958419249,35.54402542114258,35.423274993896484,0.0034087877890143226,0.91,4.4,244.004
2017-05-23,35.715877532958984,35.97132055973454,35.60208705287404,35.97132055973454,79675600,34.90528202056885,33.68712699890137,34.98991365306378,33.728363351107404,-0.010741659821693283,0.4083446016842983,66.74203231111657,0.6787481681592098,0.6973816303053819,35.76001739501953,35.54402542114258,0.006076744862681727,0.91,4.4,244.004
2017-05-24,35.609046936035156,35.80179230492048,35.45345806936752,35.72515834788614,76712000,35.024302864074706,33.75642822265625,35.048878727632484,33.802115648558015,0.02056513477088795,0.39992862167041293,66.94895582060803,0.6458600745169747,0.6870773191477005,35.715877532958984,35.76001739501953,-0.0012343355869478545,0.91,4.4,244.004
2017-05-25,35.73213577270508,35.843605313747204,35.537069391041626,35.69962470909451,76942400,35.14820613861084,33.82139198303223,35.11395082716321,33.87780271225248,0.00871914804212226,0.3998159471890766,63.82202603758938,0.6225518733120623,0.6741722299805729,35.609046936035156,35.715877532958984,-0.0029911233967370165,0.91,4.4,244.004
2017-05-26,35.6717529296875,35.81805446236694,35.60208536443827,35.76231970147964,87710400,35.27070922851563,33.88408424377442,35.167074836927426,33.948153701173666,0.003593501496567786,0.3535731748057436,53.792149070338,0.5923789888986875,0.6578135817641959,35.73213577270508,35.609046936035156,0.003456673156432055,0.91,4.4,244.004
2017-05-30,35.68569564819336,35.86218379154213,35.60674070591421,35.627639918263306,80507600,35.360028457641604,33.95029304504394,35.216467295143225,34.01629260105881,-0.0020783476139059065,0.30862304377269606,51.02377434519813,0.5631007465878426,0.6388710147289253,35.6717529296875,35.73213577270508,-0.0016898750022018572,0.91,4.4,244.004
2017-05-31,35.474369049072266,35.801804189612106,35.38612675631136,35.75536031814212,97804800,35.42802829742432,34.00547584533692,35.24102936694599,34.073472069609984,-0.006761936163093063,0.25754242578298486,50.42016806722689,0.5168868879062885,0.6144741893643979,35.68569564819336,35.6717529296875,0.0003908616022694211,0.91,4.4,244.004
2017-06-01,35.57191467285156,35.60675024620759,35.34898259451556,35.56959371867109,65616400,35.506108093261716,34.07010299682617,35.27254225322271,34.13223452464067,-0.0010427761026655658,0.11375673759152749,47.357835173470455,0.4825704171848315,0.5880934349284846,35.474369049072266,35.68569564819336,-0.005921885374029157,1.04,4.3,244.163
2017-06-02,36.09904861450195,36.09904861450195,35.504558565386986,35.6647929311988,111082800,35.61667327880859,34.137964782714846,35.351257144773115,34.20936448895098,0.010268427393504753,0.1710075205236877,47.78755223470028,0.49223548627050207,0.5689218451968882,35.57191467285156,35.474369049072266,0.0027497493653618754,1.04,4.3,244.163
2017-06-05,35.74606704711914,35.86682393968477,35.636925550951005,35.841279280554346,101326800,35.68149032592773,34.201079559326175,35.38885808785369,34.26962733437086,0.002083276299264636,0.1641152681351632,44.402180237390695,0.4660402388823499,0.5483455239339805,36.09904861450195,35.57191467285156,0.014818823965432992,1.04,4.3,244.163
2017-06-06,35.866825103759766,36.18264837987697,35.71123619071204,35.73910180396234,106499600,35.705512809753415,34.2679044342041,35.43437875603522,34.33226254101508,0.00507568795497404,0.17129696681934228,46.83236150859848,0.44983901836572926,0.5286442228203303,35.74606704711914,36.09904861450195,-0.009778140447751604,1.04,4.3,244.163
2017-06-07,36.080474853515625,36.2221309800143,35.87379659125762,35.999198955536784,84278400,35.72888622283936,34.337892303466795,35.495911717700025,34.400819886604936,0.017085738821877916,0.20621028503570174,71.69427843970861,0.4490626687293471,0.5127279120021336,35.866825103759766,35.74606704711914,0.003378219385126835,1.04,4.3,244.163
2017-06-08,35.99223327636719,36.1199530533986,35.8552190543476,36.05260996266278,85003200,35.75628890991211,34.392609481811526,35.54318043757309,34.4632282548323,0.011816024169101436,0.21186191372502614,62.38608298191445,0.4362976801678755,0.49744186563528203,36.080474853515625,35.866825103759766,0.005956751096250823,1.04,4.3,244.163
2017-06-09,34.59657287597656,36.03867890361753,33.909194952599776,36.03867890361753,259530800,35.69858188629151,34.417932968139645,35.45302733646866,34.4684574556616,-0.0416209234367968,0.4346900068079304,36.73657711848749,0.30998983462367136,0.45995145943295995,35.99223327636719,36.080474853515625,-0.002445687799473073,1.04,4.3,244.163
2017-06-12,33.76986312866211,33.92545208992348,33.09409345041489,33.844176178277756,289229200,35.57457504272461,34.42760124206543,35.292725983344226,34.44106159970027,-0.05528451328231643,0.7439916255467995,26.207942618906245,0.1415496927776445,0.39627110610189686,34.59657287597656,35.99223327636719,-0.038776710232844236,1.04,4.3,244.163
2017-06-13,34.041561126708984,34.24127300390154,33.70715951434555,34.173929908036584,136661600,35.468797302246095,34.44395225524902,35.173567425569445,34.42539491448461,-0.050890034782014926,0.867019381864438,31.016606663079713,0.029641733138170423,0.3229452315091516,33.76986312866211,34.59657287597656,-0.02389571216426789,1.04,4.3,244.163
2017-06-14,33.709476470947266,34.25287719776067,33.40294054703805,34.25287719776067,126124800,35.34908657073974,34.45347671508789,35.0341301917959,34.397319681404184,-0.06571416790367801,1.0020931701359277,29.509312471247014,-0.08486432439669045,0.24138332032798318,34.041561126708984,33.76986312866211,0.008045575932946969,1.04,4.3,244.163
2017-06-15,33.50743103027344,33.55155393551454,33.024410655631954,33.2821781421212,128661600,35.279883193969724,34.45401100158691,34.88873027165091,34.362422087241555,-0.06903717885506411,1.1115958540859991,26.404022045834694,-0.1897275177396196,0.15516115271446262,33.709476470947266,34.041561126708984,-0.009755271050162384,1.04,4.3,244.163
2017-06-16,33.03834533691406,33.55620129202588,33.02208803682132,33.38900055920638,201444400,35.1606367111206,34.448632431030276,34.7125031350093,34.31049750879642,-0.045039939205785195,1.1767546000992983,24.297505152919598,-0.30714309469804846,0.06270030323196038,33.50743103027344,33.709476470947266,-0.005993728227964734,1.04,4.3,244.163
2017-06-19,33.98349380493164,34.07638507861162,33.36113821675473,33.36113821675473,130165600,35.08261013031006,34.46382209777832,34.64307367500191,34.29767383413484,0.0063260746854556515,1.1225804149207805,35.94167247413105,-0.3202386906532695,-0.01388749554508562,33.03834533691406,33.50743103027344,-0.013999452626958009,1.04,4.3,244.163
2017-06-20,33.67464065551758,34.10657538102148,33.6583868954916,34.10657538102148,99600400,34.978341293334964,34.4743148803711,34.55084195886054,34.27324116046318,-0.01077860295024835,1.027009119707129,35.37185818713087,-0.35148718725915984,-0.08140743388790049,33.98349380493164,33.03834533691406,0.02860762118620852,1.04,4.3,244.163
2017-06-21,33.874359130859375,33.9208065536216,33.58175950203796,33.79308322790719,85063200,34.88626537322998,34.48958839416504,34.48641502286043,34.25759872792945,0.004891285097655462,0.7992895448742029,36.427740107893925,-0.35603211748141916,-0.13633237060660425,33.67464065551758,33.98349380493164,-0.009088328327478856,1.04,4.3,244.163
2017-06-22,33.81861877441406,34.06709541067822,33.70018283912189,33.851129835517035,76425200,34.79674396514893,34.510870132446286,34.42281538015125,34.24038382779133,0.009287126305191018,0.39762315296752637,30.28120186170476,-0.359982138340861,-0.18106232415345563,33.874359130859375,33.67464065551758,0.005930827217574874,1.04,4.3,244.163
2017-06-23,33.969566345214844,34.17392363602884,33.6978659708955,33.702511421170456,141757600,34.70861549377442,34.534384384155274,34.379648805395405,34.229763534356806,0.028186066790103936,0.29432583631500314,34.08250863210452,-0.3469331218182461,-0.21423648368641376,33.81861877441406,33.874359130859375,-0.0016455029076707373,1.04,4.3,244.163
2017-06-26,33.86273956298828,34.43400582129584,33.76056093637986,34.17623830178447,102769600,34.61816482543945,34.55923133850098,34.33041935373758,34.21537043744019,-0.0035533204042085265,0.2968716036579788,31.998401865130305,-0.3412776741582775,-0.23964472178078652,33.969566345214844,33.81861877441406,0.004463445766595964,1.04,4.3,244.163
2017-06-27,33.37739562988281,33.94169910603165,33.3518509697536,33.67464065132807,99047600,34.502749824523924,34.570763473510745,34.23965518956094,34.18250868028064,-0.00882696948945949,0.2981952145527571,26.849683486406377,-0.3716744585566545,-0.26605066913596015,33.86273956298828,33.969566345214844,-0.0031447790984712176,1.04,4.3,244.163
2017-06-28,33.86506271362305,33.93008483596802,33.24502805476496,33.55388490762354,88329600,34.42228450775146,34.59496292114258,34.2039797156621,34.17005981884293,-0.0002744381731448753,0.3038168598167731,32.948613903106235,-0.35235177915665616,-0.2833108911400994,33.37739562988281,33.86273956298828,-0.014332683633073384,1.04,4.3,244.163
2017-06-29,33.365787506103516,33.70251357547515,33.04067683488191,33.60498037410866,125997600,34.31197814941406,34.611582107543946,34.12415188618033,34.13851972814688,-0.013389998903596378,0.3166750908931546,38.47826195640607,-0.37302574456668225,-0.30125386182541597,33.86506271362305,33.37739562988281,0.01461069908353263,1.04,4.3,244.163
2017-06-30,33.44474792480469,33.66303804957136,33.38901314504274,33.54460208550732,92096400,34.1792631149292,34.62163993835449,34.059446747001694,34.111312990760595,-0.01544966500533751,0.24203199056955044,46.46105780849426,-0.37867345335830294,-0.3167377801319934,33.365787506103516,33.86506271362305,-0.014743076418951562,1.04,4.3,244.163
2017-07-03,33.32398986816406,33.741991843491185,33.2311021151761,33.64445863982163,57111200,34.058159255981444,34.630068893432615,33.98940323473144,34.08043757418783,-0.0159098082959912,0.25296434377525545,41.92370872164065,-0.38841605076627417,-0.33107343425884955,33.44474792480469,33.365787506103516,0.0023665084687938265,1.15,4.3,244.243
2017-07-05,33.460994720458984,33.62355003161704,33.142850501232495,33.36810698363725,86278400,33.93786773681641,34.63490119934082,33.93907861432454,34.056145697570756,0.0025046618826463085,0.2602896312678999,47.07487893201512,-0.38069358415621934,-0.34099746423832356,33.32398986816406,33.44474792480469,-0.003610673248670593,1.15,4.3,244.243
2017-07-06,33.145164489746094,33.32397706616657,33.07085502459115,33.212511096714515,96515200,33.79110221862793,34.62930030822754,33.86346774531707,34.02042094432235,-0.02125784410809184,0.28696959227917945,45.846672474660004,-0.39549926451397255,-0.3518978242934534,33.460994720458984,33.32398986816406,0.004111297981932438,1.15,4.3,244.243
2017-07-07,33.48189926147461,33.61426802813637,33.18465420418292,33.18465420418292,76806800,33.6655855178833,34.63436569213867,33.827127889713026,33.99930244695556,0.003479964480078701,0.2731170312156891,55.244430372096346,-0.37573000933427636,-0.35666426130161805,33.145164489746094,33.460994720458984,-0.009438757973318168,1.15,4.3,244.243
2017-07-10,33.68625259399414,33.89293082888166,33.29379533435106,33.46564155235199,84362400,33.62006950378418,34.6430093383789,33.81371119488266,33.987025982133424,0.007221004318299418,0.23436808169130335,45.73910551838331,-0.33965776283199745,-0.35326296160769394,33.48189926147461,33.145164489746094,0.010159393592169108,1.15,4.3,244.243
2017-07-11,33.7953987121582,33.86971174179813,33.528343791700344,33.609619681498685,79127200,33.62134628295898,34.654483489990234,33.8119671489089,33.97951118723237,0.014146230564200835,0.22355002546358102,51.83617359427385,-0.29881847466091926,-0.34237406421833905,33.68625259399414,33.48189926147461,0.006103397269182631,1.15,4.3,244.243
2017-07-12,33.84416961669922,33.94634472494956,33.63052495563669,33.874356186742034,99538000,33.61147670745849,34.65338066101074,33.81503405060322,33.9742036746624,0.011451389877717766,0.24412679945491697,49.51887067749623,-0.25952598613431377,-0.325804448601534,33.7953987121582,33.68625259399414,0.0032400789568240995,1.15,4.3,244.243
2017-07-13,34.315582275390625,34.48278306318964,33.774502440352215,33.788435248762035,100797600,33.64178199768067,34.657404861450196,33.862705310106776,33.987591070769504,0.03531187138946357,0.3351173745267289,56.99351303298454,-0.1881781435909744,-0.2982791875994221,33.84416961669922,33.7953987121582,0.0014431226261422125,1.15,4.3,244.243
2017-07-14,34.61049270629883,34.67783931848978,34.21339360907738,34.36201609435176,80528400,33.69693508148193,34.669408340454105,33.93392315736316,34.012018585888505,0.03370756945448483,0.45410510670639,58.668207543762804,-0.10660873806615001,-0.2599450976927677,34.315582275390625,33.84416961669922,0.013928917861787404,1.15,4.3,244.243
2017-07-17,34.73125076293945,35.04242854839286,34.50135239677059,34.559408112419646,95174000,33.7815803527832,34.6862784576416,34.009859119798996,34.04022376930249,0.03102150249658897,0.5437270591350963,61.70208172928165,-0.03185304844355841,-0.21432668784292583,34.61049270629883,34.315582275390625,0.008594067515494297,1.15,4.3,244.243
2017-07-18,34.85200881958008,34.86362067178961,34.52457372184604,34.647651559699575,71475200,33.825006103515626,34.69432411193848,34.09006385311148,34.07205847715676,0.03126491024477107,0.5950379689712938,72.03322302310815,0.036712343083287635,-0.16411888165768312,34.73125076293945,34.61049270629883,0.0034890591609129107,1.15,4.3,244.243
2017-07-19,35.070316314697266,35.16320409165923,34.8218360189896,34.9449139180129,83692000,33.89478988647461,34.6880029296875,34.183421230405365,34.1112058433351,0.03622918546635123,0.6504191016644975,69.58500493421869,0.10742813556429098,-0.10980947821328829,34.85200881958008,34.73125076293945,0.003476927953584674,1.15,4.3,244.243
2017-07-20,34.912384033203125,35.2374981643027,34.877552021468006,35.18176340208686,68974800,33.9466911315918,34.67399047851563,34.25284625924325,34.14262459587916,0.017391567277600828,0.5826313964546893,78.2675689657817,0.14900940766737136,-0.058045701037156346,35.070316314697266,34.85200881958008,0.006263842530492614,1.15,4.3,244.243
2017-07-21,34.89612579345703,34.935603249499536,34.573336200225555,34.831103684276535,105010400,34.000566482543945,34.66302940368652,34.31411097678742,34.172173662451044,0.008252788817023182,0.5224326910383632,77.1495117697597,0.1785922609003805,-0.010718108649648965,34.912384033203125,35.070316314697266,-0.004503303593756169,1.15,4.3,244.243
2017-07-24,35.318782806396484,35.400062245206634,34.81021404818792,34.96812747527722,85972800,34.068027305603025,34.65439079284668,34.40979400817876,34.217138726919785,0.01691652418357381,0.5045916864600052,83.52779754691699,0.23345069952654285,0.038115652985589416,34.89612579345703,34.912384033203125,-0.0004656868958198279,1.15,4.3,244.243
2017-07-25,35.46973419189453,35.72517730746856,35.25144405481644,35.25144405481644,75415600,34.14837703704834,34.63878547668457,34.51074069234216,34.26626011770342,0.01772424010082907,0.4718985200275403,83.60466170000677,0.28581225684287404,0.08765497375704635,35.318782806396484,34.89612579345703,0.012111860652986861,1.15,4.3,244.243
2017-07-26,35.63692092895508,35.74606241096791,35.54402966078306,35.611376273137715,63124000,34.26135330200195,34.62838157653809,34.61799595297196,34.32001152206655,0.0161562447619088,0.4030644144141812,93.86682784325576,0.33691598297482983,0.13750717560060308,35.46973419189453,35.318782806396484,0.004273969075477613,1.15,4.3,244.243
2017-07-27,34.963478088378906,35.76000445134357,34.20643273532199,35.704269681568036,129905200,34.316274070739745,34.60557731628418,34.65089901348691,34.34524550505934,0.0014634937312556495,0.32951671048351716,73.3183956118642,0.3193930804627314,0.17388435657302875,35.63692092895508,35.46973419189453,0.00471350408649962,1.15,4.3,244.243
2017-07-28,34.71733474731445,34.88685652682671,34.64534619204657,34.80790156578718,68854800,34.38385143280029,34.60209403991699,34.65722622623238,34.35983724004981,-0.005123521367409234,0.3152445526441165,66.01737963794791,0.2823891372647793,0.19558531271137888,34.963478088378906,35.63692092895508,-0.018897335208020172,1.15,4.3,244.243
2017-07-31,34.53852081298828,34.910078976739044,34.399189159162695,34.810221258561505,79383600,34.438540077209474,34.58439895629883,34.645920948780564,34.366844438988615,-0.022091984247738394,0.3421081129541672,61.299475991549976,0.23591497461626432,0.20365124509235596,34.71733474731445,34.963478088378906,-0.007040013022796665,1.15,4.3,244.243
2017-08-01,34.84503936767578,34.884516826981724,34.464194035233156,34.62442836875929,141474400,34.51459255218506,34.570419235229494,34.66488460772297,34.385597181290166,-0.017612052597831496,0.34253495420054564,64.1124555711421,0.22126672648077061,0.2071743413700389,34.53852081298828,34.71733474731445,-0.005150566298583903,1.16,4.4,245.183
2017-08-02,36.49150466918945,37.09760655177292,36.26392722992396,36.988461510367614,279747200,34.66611804962158,34.58504898071289,34.83884842310073,34.46818178865917,0.02398029116875877,0.5743455567874609,73.04463687642865,0.33861058203404326,0.23346158950283982,34.84503936767578,34.53852081298828,0.00887468679817438,1.16,4.4,245.183
2017-08-03,36.12691879272461,36.50776421266773,35.99919548713142,36.47060769768784,108389200,34.81520576477051,34.5932698059082,34.961521791636336,34.53323029862283,0.03327588580875207,0.6367324804573928,65.82650807326212,0.39760406752692035,0.26629008510765595,36.49150466918945,34.84503936767578,0.047251067336747665,1.16,4.4,245.183
2017-08-04,36.317344665527344,36.551888554255555,36.154789319703795,36.2430351689112,82239600,34.95697803497315,34.60743576049805,35.09064777962596,34.603195567913524,0.04608677278536355,0.6926201773895788,66.31633803900209,0.4544836022246699,0.30392878853105876,36.12691879272461,36.49150466918945,-0.009990979538113454,1.16,4.4,245.183
2017-08-07,36.879302978515625,36.90484762872242,36.382346319124174,36.47291307105032,87481200,35.11663055419922,34.630379104614256,35.26099589380593,34.69245468205517,0.0677730866993902,0.8248163563319552,69.11947445486564,0.5386966232977599,0.350882355484399,36.317344665527344,36.12691879272461,0.00527102446503358,1.16,4.4,245.183
2017-08-08,37.17424774169922,37.580637876655814,36.753924797637495,36.83055879115649,144823600,35.28557300567627,34.66042900085449,35.44321035551005,34.78977990008083,0.06684476230450587,0.9602307088558041,69.55950308003844,0.6220648502808075,0.4051188544436808,36.879302978515625,36.317344665527344,0.015473551774331629,1.16,4.4,245.183
2017-08-09,37.401798248291016,37.45056658842457,36.948964561786056,36.983796559425585,104526000,35.46345443725586,34.69475105285645,35.6297425357749,34.892211992167915,0.02494535611380644,1.0870590738608423,72.84745489747118,0.6984449562744928,0.46378407480984324,37.17424774169922,36.879302978515625,0.007997568808592037,1.16,4.4,245.183
2017-08-10,36.21049118041992,37.30156010599023,36.04962763328621,37.27824520798239,163217200,35.558199882507324,34.7094734954834,35.685051930503,34.94390921523682,0.002313299624991716,1.0320154908883112,59.92280696499818,0.6552943905274162,0.5020861379533579,37.401798248291016,37.17424774169922,0.0061211865852108804,1.16,4.4,245.183
2017-08-11,36.714073181152344,36.968192857393895,36.385355764156465,36.50891694333438,105028400,35.66337890625,34.732316665649414,35.78305395437437,35.013327409978864,0.010923940593090098,0.9292132067015083,60.40659367547504,0.6541910084133136,0.5325071120453491,36.21049118041992,37.401798248291016,-0.03185159868417631,1.16,4.4,245.183
2017-08-14,37.2666130065918,37.35054170797339,37.01016320866023,37.14305180141279,88490800,35.79014701843262,34.75566795349121,35.92434529268079,35.101691551022824,0.010502097295651325,0.7470175541549006,62.644343692202796,0.6899486180921528,0.5639954132547098,36.714073181152344,36.21049118041992,0.013907074560886468,1.16,4.4,245.183
2017-08-15,37.674591064453125,37.81446983217427,37.33421263735661,37.45544374859917,117862000,35.93127613067627,34.79423843383789,36.091035366182915,35.20258957115769,0.013459406797697193,0.5396107234594899,63.86876569820909,0.7426464352130395,0.5997256176463758,37.2666130065918,36.714073181152344,0.015049809992836893,1.16,4.4,245.183
2017-08-16,37.5230598449707,37.88674970429978,37.33655122144509,37.75386466678621,110686400,36.053913307189944,34.82736312866211,36.227418649876995,35.29358840542516,0.0032421327946505762,0.5665543848315411,68.75331547194153,0.7633827310018759,0.6324570403174758,37.674591064453125,37.2666130065918,0.01094754862184999,1.16,4.4,245.183
2017-08-17,36.802669525146484,37.46710530600799,36.79800583183834,37.422809112969794,111762400,36.14842758178711,34.84180702209473,36.28220444752171,35.35276805717913,0.016353778295246313,0.4962108420999938,64.28587108434616,0.7134625642293599,0.6486581450998528,37.5230598449707,37.674591064453125,-0.00402210654982782,1.16,4.4,245.183
2017-08-18,36.7187385559082,37.185008251856246,36.5368936590769,36.80266724347307,109712400,36.23955821990967,34.85633712768555,36.3237791245109,35.40633552771769,0.00012707319977378617,0.4491819050951759,65.13260633686875,0.659525346970014,0.6508315854738851,36.802669525146484,37.5230598449707,-0.019198602747232396,1.16,4.4,245.183
2017-08-21,36.651119232177734,36.80964917030328,36.16153478588776,36.718726751118496,105474000,36.30617504119873,34.89742805480957,36.35495437286012,35.45515057495155,-0.016515956905050477,0.4636218307638141,62.96575222794822,0.6043567509624523,0.6415366185715986,36.7187385559082,36.802669525146484,-0.0022805674240813367,1.16,4.4,245.183
2017-08-22,37.25027847290039,37.3015684140581,36.83996250099347,36.88891881741825,86418400,36.395202255249025,34.96703636169433,36.44022333476872,35.52554774742033,-0.011262566614905656,0.4671564620620584,56.4112663562909,0.6020424143080518,0.6336377777188893,36.651119232177734,36.7187385559082,-0.001841548113846847,1.16,4.4,245.183
2017-08-23,37.29692077636719,37.41115815945632,37.04047451754638,37.084770718282094,77596400,36.47820224761963,35.0321435546875,36.521813567301905,35.59501335639882,-0.006026669187902733,0.4587680938455635,60.44726754234476,0.597089058923089,0.6263280339597292,37.25027847290039,36.651119232177734,0.016347638306134726,1.16,4.4,245.183
2017-08-24,37.13138961791992,37.47409814181354,36.96353223652894,37.40182334806708,79275600,36.58659782409668,35.10058181762695,36.579868429265524,35.65526340587039,0.008931963279153798,0.3626068487947521,57.30129023207754,0.573199026435681,0.6157022324549196,37.29692077636719,37.25027847290039,0.0012521330142734044,1.16,4.4,245.183
2017-08-25,37.26893615722656,37.4321298359122,37.13138745357405,37.21997627494317,101920400,36.71417789459228,35.17581192016601,36.64549392716658,35.71854469023746,0.014984109557048875,0.3381153087294824,53.78266035013495,0.5589219553838447,0.6043461770407047,37.13138961791992,37.29692077636719,-0.004438199052404168,1.16,4.4,245.183
2017-08-28,37.644283294677734,37.76784447658678,37.285253645188696,37.33421352733916,103864000,36.86946601867676,35.26793067932129,36.7406167240724,35.79406385119608,0.02709778264092022,0.3710320151885311,54.49308444885263,0.5713089567737129,0.5977387329873064,37.26893615722656,37.13138961791992,0.0037043197338419986,1.16,4.4,245.183
2017-08-29,37.979984283447266,38.028940590514004,37.30156128383258,37.32487618257661,118067600,37.02621326446533,35.3478604888916,36.85865172972715,35.87978622108848,0.019589271287669296,0.4236241677182945,55.41493752215019,0.6012827950662043,0.598447545403086,37.644283294677734,37.26893615722656,0.010071313435610074,1.16,4.4,245.183
2017-08-30,38.08258056640625,38.20847182478453,37.9100594904343,38.18749054128076,109078400,37.10576705932617,35.436019287109374,36.97521638083945,35.966170313061916,0.02106500412594081,0.4976020794150433,72.02408680440556,0.6260986647899145,0.6039777692804518,37.979984283447266,37.644283294677734,0.008917714972594304,1.16,4.4,245.183
2017-08-31,38.23411178588867,38.355342892488736,38.1128806792886,38.15018310552788,107140400,37.211126708984374,35.52321434020996,37.09511118132033,36.05510919434943,0.02969784269631992,0.5475553133604071,69.49745021035397,0.6504942307738659,0.6132810615791346,38.08258056640625,37.979984283447266,0.00270132505040821,1.16,4.4,245.183
2017-09-01,38.24576950073242,38.45325935674631,38.14785329919999,38.42062062290216,66364400,37.30754795074463,35.611757354736326,37.204697687931,36.14101744165874,0.026210389783730026,0.5413438484876966,64.58309660704953,0.663124486438015,0.6232497465509108,38.23411178588867,38.08258056640625,0.003979016579987116,1.15,4.3,246.435
2017-09-05,37.78649139404297,38.292393517744884,37.432125477758476,38.175826109776104,117874000,37.352907371521,35.68809585571289,37.260106612322616,36.20554583194844,0.0037776811488754447,0.4335527575999165,51.641507406760766,0.6288254419211654,0.6243648856249617,38.24576950073242,38.23411178588867,0.0003049035089146557,1.15,4.3,246.435
2017-09-06,37.74686050415039,37.99864654293107,37.42280323853875,37.93336907628665,86606800,37.381538009643556,35.76577827453613,37.306464125830026,36.265989544583924,-0.006138069398793244,0.40481412243921056,53.394455283311004,0.5916254307336715,0.6178169946467037,37.78649139404297,38.24576950073242,-0.01200859892963213,1.15,4.3,246.435
2017-09-07,37.59532165527344,37.823796351489214,37.38550172981959,37.78882399234343,87714000,37.39121417999267,35.850136795043944,37.3339743667294,36.31812021559145,-0.012794797618379872,0.3785270354538083,64.52962227974709,0.5436493835312461,0.6029834724236123,37.74686050415039,37.78649139404297,-0.001048811054704779,1.15,4.3,246.435
2017-09-08,36.982181549072266,37.56967879635614,36.958866641662645,37.50207125663692,114446000,37.429798698425294,35.91247917175293,37.30047028885729,36.34416183651231,-0.03274380333005311,0.4083329533929945,54.044357927433474,0.4509544163277539,0.5725776612044406,37.59532165527344,37.74686050415039,-0.004014608019130228,1.15,4.3,246.435
2017-09-11,37.65128707885742,37.779511987810864,37.27593974029716,37.41815217434437,126323200,37.47665939331055,35.99818916320801,37.33388141171445,36.395421649937695,-0.01554374325933261,0.37405257431917266,62.96089407568085,0.4265670123041474,0.543375531424382,36.982181549072266,37.59532165527344,-0.016308946943539904,1.15,4.3,246.435
2017-09-12,37.50208282470703,38.22480248907373,37.0148317028028,37.910068928736756,286856000,37.48843288421631,36.079335861206054,37.34990059390422,36.4388201273797,-0.007526726055882893,0.3830098218497562,53.693823761478676,0.3906965756320133,0.5128397402659083,37.65128707885742,36.982181549072266,0.0180926462896005,1.15,4.3,246.435
2017-09-13,37.219974517822266,37.29224930394388,36.81432218671921,37.27126446546717,179629600,37.465702056884766,36.15725555419922,37.33752668189641,36.4694536328873,-0.013958405528062157,0.4132736626390363,48.94418208789288,0.33563620816723017,0.47739903384617266,37.50208282470703,37.65128707885742,-0.003962792927580283,1.15,4.3,246.435
2017-09-14,36.90058517456055,37.16169507812137,36.856288982201704,37.066112489582196,95042800,37.434578323364256,36.22604736328125,37.29591320500729,36.48636075216863,-0.018479333335227444,0.45960993743402645,46.96132041737146,0.2631944774070831,0.43455812255835474,37.219974517822266,37.50208282470703,-0.007522470370603163,1.15,4.3,246.435
2017-09-15,37.273590087890625,37.52770614652858,36.83529555933749,36.944869191475775,196458400,37.45812435150147,36.30861587524414,37.29378719385332,36.51723249082443,0.007879701159102304,0.4065244123084252,50.05769478136516,0.23319414608108247,0.3942853272629003,36.90058517456055,37.219974517822266,-0.008581127402674138,1.15,4.3,246.435
2017-09-18,36.99150466918945,37.41814185365583,36.835304753131595,37.32721940826826,113077600,37.47176265716553,36.37880798339844,37.26499838198057,36.535831399779944,-0.01752350213914633,0.33472883167272627,41.7159482591689,0.18452958932152086,0.35233417967462444,37.273590087890625,36.90058517456055,0.010108373934059722,1.15,4.3,246.435
2017-09-19,37.005496978759766,37.2479592360703,36.937889431587216,37.18734189306476,83242400,37.48948154449463,36.44519287109375,37.2402839626262,36.554249657779174,-0.013241553762984748,0.31604568713841297,36.533769949794724,0.14541538191924985,0.31095042012354956,36.99150466918945,37.273590087890625,-0.007567970191119766,1.15,4.3,246.435
2017-09-20,36.38534927368164,36.89591148810429,35.863126050647985,36.811982819355215,211805600,37.44623508453369,36.49699188232422,37.15886161129815,36.54762611330475,-0.02242412185803555,0.38221450450957245,29.481294140543213,0.06364272008025296,0.26148888011489024,37.005496978759766,36.99150466918945,0.000378257378158775,1.15,4.3,246.435
2017-09-21,35.760555267333984,36.322411121667834,35.61134910242329,36.322411121667834,150046800,37.36941680908203,36.535319595336915,37.025689578539655,36.51676058993331,-0.030894629497976278,0.549050261759501,23.166468306845815,-0.05099057069975288,0.1989929899519616,36.38534927368164,37.005496978759766,-0.016758259061730008,1.15,4.3,246.435
2017-09-22,35.410850524902344,35.499442902004716,35.100780762399374,35.329251908375916,186581600,37.28338985443115,36.55722496032715,36.87189538295515,36.47339156777519,-0.04997478264358135,0.7369899535485188,21.347810363347122,-0.16811856349116994,0.1255706792633353,35.760555267333984,36.38534927368164,-0.01717158193667756,1.15,4.3,246.435
2017-09-25,35.098453521728516,35.396865854855974,34.774396211971876,34.967898570654704,177549200,37.17486572265625,36.56698417663574,36.702996158076424,36.41947242871448,-0.051175294554527184,0.8471501829370295,22.001025147911363,-0.28289018700269253,0.04387850601012969,35.410850524902344,35.760555267333984,-0.009779063546898614,1.15,4.3,246.435
2017-09-26,35.7022705078125,35.88411540480355,35.36422568942429,35.38520697199507,146640000,37.07776508331299,36.5864045715332,36.60768895328938,36.39134686318888,-0.03521710495322583,0.8140884230909682,30.94308065476126,-0.32141941807763175,-0.029181078807422618,35.098453521728516,35.410850524902344,-0.00882207003060087,1.15,4.3,246.435
2017-09-27,35.95638656616211,36.070623922187686,35.795522952065745,35.85614028917769,102016800,36.97658519744873,36.608492126464846,36.54566015451535,36.37428959663879,-0.011789434925936204,0.7649185414004556,35.01067234742102,-0.3276718717514484,-0.08887923739622779,35.7022705078125,35.098453521728516,0.017203521109845354,1.15,4.3,246.435
2017-09-28,35.734901428222656,35.96803622540958,35.59968281897168,35.87711379680086,88022000,36.85920124053955,36.62178382873535,36.46844503772557,36.34921555081853,-0.0007173780977266508,0.7430118780498731,37.71237747778422,-0.34650469549959695,-0.14040432901690167,35.95638656616211,35.7022705078125,0.007117644192797368,1.15,4.3,246.435
2017-09-29,35.93073272705078,35.933066351659704,35.43648811018328,35.71858277155957,105199200,36.744032287597655,36.642150802612306,36.41723434147083,36.332804459690365,0.014681437876868708,0.6258666572941232,31.30676463249965,-0.34168911539006075,-0.1806612862915335,35.734901428222656,35.95638656616211,-0.0061598274768769334,1.15,4.3,246.435
2017-10-02,35.85847473144531,36.00768090988704,35.604358570207296,35.963384714241606,74795200,36.6246675491333,36.661397781372074,36.36401914051602,36.314203293876815,0.02165397997510876,0.5194686338814601,31.8391112729676,-0.3397865025275877,-0.21248632953874436,35.93073272705078,35.734901428222656,0.005480113026797406,1.15,4.2,246.626
2017-10-03,36.0146598815918,36.15687223993574,35.88177490658272,35.905086250211006,64921200,36.53607597351074,36.675315322875974,36.33074683014229,36.30245649339504,0.00874984613964358,0.34808326172285603,36.3007771243451,-0.3219644263127961,-0.2343819488935547,35.85847473144531,35.93073272705078,-0.002011035960618468,1.15,4.2,246.626
2017-10-04,35.78153610229492,35.87012848444186,35.54374111446189,35.816508464521334,80655200,36.437809753417966,36.68155136108398,36.27844104653777,36.28202824276365,-0.004862848594239355,0.27767076189579337,37.02684917549079,-0.3229289196347125,-0.25209134304178626,36.0146598815918,35.85847473144531,0.004355599375494901,1.15,4.2,246.626
2017-10-05,36.22681427001953,36.23847172079551,35.91441451040859,35.94471961360071,85135200,36.369384384155275,36.69334922790527,36.27352421067889,36.279862988930546,0.013765613507705776,0.3202139955770459,38.06471704776966,-0.28448370963100444,-0.2585698163596299,35.78153610229492,36.0146598815918,-0.006473024597853594,1.15,4.2,246.626
2017-10-06,36.20585250854492,36.25014871095726,36.03333139319065,36.12891756077976,69630400,36.33056793212891,36.7181967163086,36.26707928666613,36.27696061715071,0.0076569488182749446,0.3194111783152915,40.47484705477539,-0.2527930023140428,-0.25741445355051246,36.22681427001953,35.78153610229492,0.012444355839045462,1.15,4.2,246.626
2017-10-09,36.33173751831055,36.53922741163713,36.250142447704626,36.32474375675449,65051600,36.264590454101565,36.750484771728516,36.27323721348941,36.279108730921685,0.01319807354912994,0.2188034732529358,42.04719218902812,-0.21504115959365322,-0.2489397947591406,36.20585250854492,36.22681427001953,-0.0005786255815476427,1.15,4.2,246.626
2017-10-10,36.34571838378906,36.83530294716818,36.15921336664957,36.38302081015903,62468000,36.20677223205566,36.78662872314453,36.280140182089376,36.28172087417139,0.009192326216205027,0.2244441435085471,49.454092597749955,-0.18189761081905687,-0.23553135797112387,36.33173751831055,36.20585250854492,0.003476924338017273,1.15,4.2,246.626
2017-10-11,36.497257232666016,36.59750349897214,36.31074866289442,36.36203860851548,67622400,36.170636367797854,36.81967308044434,36.30081799643001,36.290173280386874,0.020002526675348298,0.26407949058633984,61.66936967203804,-0.14176896658873517,-0.21677887969464615,36.34571838378906,36.33173751831055,0.0003848113642093143,1.15,4.2,246.626
2017-10-12,36.36904525756836,36.68843893974554,36.306097837024325,36.45064389743493,64500400,36.144059371948245,36.81722389221191,36.30731583082414,36.29326629909988,0.003926124623840677,0.24396903027925992,66.32320047412891,-0.11894128075694255,-0.19721135990710545,36.497257232666016,36.34571838378906,0.004169372779395664,1.15,4.2,246.626
2017-10-13,36.59983444213867,36.66744197058261,36.464615827895976,36.539217115925325,65576800,36.110371589660645,36.82668220520019,36.33517474618743,36.30528857921905,0.010881719564558523,0.2660236499961338,76.30805675799246,-0.08129035228189707,-0.17402715838206378,36.36904525756836,36.497257232666016,-0.00351292082800414,1.15,4.2,246.626
2017-10-16,37.273590087890625,37.30156512337973,36.75369696268831,36.81198065819359,96486000,36.1244758605957,36.84580711364746,36.424547635873445,36.34326118740228,0.02592368639417253,0.3954265841366308,76.87485646282649,0.0028815133044801655,-0.138645424044755,36.59983444213867,36.36904525756836,0.006345758678454327,1.15,4.2,246.626
2017-10-17,37.41115188598633,37.504404408582516,37.122063374168995,37.25028826075554,75989200,36.14475860595703,36.856444091796874,36.518509945408006,36.38513925401344,0.02931386555486193,0.49272943477446335,75.9145852530178,0.07976888461420373,-0.09496256231296324,37.273590087890625,36.59983444213867,0.018408707471535335,1.15,4.2,246.626
2017-10-18,37.24562454223633,37.467105508625025,37.208325667636494,37.39949440603615,65496800,36.18777236938477,36.85787162780762,36.58775895462975,36.418883775120236,0.020504754776490497,0.4711681658878023,77.45881804781115,0.12589477050229902,-0.05079109574991078,37.41115188598633,37.273590087890625,0.0036905969554135165,1.15,4.2,246.626
2017-10-19,36.364376068115234,36.620825848350755,36.14056858477861,36.5438909142801,170336800,36.21796340942383,36.8371231842041,36.566484394009315,36.416746217982784,-0.0001283836135939076,0.45927663027409005,56.30973116327915,0.0902995632710315,-0.02257296394572232,37.24562454223633,37.41115188598633,-0.004424545500615884,1.15,4.2,246.626
2017-10-20,36.42730712890625,36.77700927734375,36.35969961211085,36.51123578682542,95896400,36.26878623962402,36.84145950317383,36.553229416380454,36.41716037135233,-0.0047138823402377295,0.4396273544830322,58.29932699735742,0.0664026671470026,-0.004777837727177332,36.364376068115234,37.24562454223633,-0.02366045636103542,1.15,4.2,246.626
2017-10-23,36.40866470336914,36.763030628659415,36.25246479960394,36.576522059698476,87937200,36.334296798706056,36.83535133361816,36.53946134847461,36.41682720790201,-0.02320477803404508,0.4333569565190918,55.98894128070546,0.04543615712496063,0.005264961243250263,36.42730712890625,36.364376068115234,0.0017305689687383552,1.15,4.2,246.626
2017-10-24,36.62548828125,36.70008958734267,36.415664770818275,36.43664605465474,71028800,36.38045768737793,36.82252883911133,36.54765438969132,36.42500999509213,-0.021000786266370697,0.41708074504233195,62.89210321747532,0.0457880810454796,0.013369585203696134,36.40866470336914,36.42730712890625,-0.00051177061952834,1.15,4.2,246.626
2017-10-25,36.46461486816406,36.730388397479196,36.19884133884892,36.581182267992716,84828400,36.40586910247803,36.79832931518555,36.539745863831584,36.42656312736946,-0.02096916573882668,0.4191596947601386,53.97828656324747,0.032708796679543184,0.017237427498865546,36.62548828125,36.40866470336914,0.0059552740988271236,1.15,4.2,246.626
2017-10-26,36.697757720947266,36.795673931407954,36.55088162657848,36.65579159797525,68002000,36.45401191711426,36.781823272705076,36.55479461212831,36.43719820947056,0.0091678089624736,0.40117207089921564,57.68382791085687,0.04068703454444034,0.021927348907980506,36.46461486816406,36.62548828125,-0.004392389579917055,1.15,4.2,246.626
2017-10-27,38.012638092041016,38.1408629713092,36.998500069249204,37.13604877730256,177816800,36.55810718536377,36.80602264404297,36.693636848310476,36.49898016564982,0.04352039961462739,0.5593004806748086,69.14505538813404,0.15136486265068783,0.04781485165652198,36.697757720947266,36.46461486816406,0.006393673802016497,1.15,4.2,246.626
2017-10-30,38.86824035644531,39.18297380971977,38.16883584459568,38.20846834005119,178803200,36.70859546661377,36.84901268005371,36.90074194432332,36.59189232999478,0.06755467889621802,0.837814681774862,74.10883948975291,0.30460647712914124,0.09917317675104585,38.012638092041016,36.697757720947266,0.03582999215080673,1.15,4.2,246.626
2017-10-31,39.409114837646484,39.551327243344396,38.919533770178326,39.14334124177645,144187200,36.8783182144165,36.904172592163086,37.13963460083029,36.702371644020374,0.0760024422069352,1.1226393793163043,75.90222032798634,0.4643429544701334,0.1722071322948634,38.86824035644531,38.012638092041016,0.02250836320101235,1.15,4.2,246.626
2017-11-01,38.907875061035156,39.618937066593105,38.60946273695764,39.602615919526045,134551200,37.03463516235352,36.93732452392578,37.30803845418314,36.78886197409942,0.0670035924335024,1.2386002100589415,71.17847234995033,0.5442160191589593,0.24660890966768262,39.409114837646484,38.86824035644531,0.013915589598114675,1.16,4.2,247.284
2017-11-02,39.19227981567383,39.28320221857401,38.53250809930436,38.84024765210723,165573600,37.18290843963623,36.975231704711916,37.48749001242035,36.88311365416119,0.06797478237485555,1.292799663789001,71.43399620770091,0.6232802979130128,0.3219431873167487,38.907875061035156,39.409114837646484,-0.012718879342413114,1.16,4.2,247.284
2017-11-03,40.21577072143555,40.62608686959729,39.894043417310044,40.56547307553499,237594400,37.38340435028076,37.036919326782225,37.7473262704218,37.013806088172,0.05795789874041435,1.4261640499283847,72.99569051621378,0.7597683344572843,0.40950821674485594,39.19227981567383,38.907875061035156,0.0073096964095964445,1.16,4.2,247.284
2017-11-06,40.623748779296875,40.79626985390001,40.033917876444164,40.1854541103544,140105200,37.59800491333008,37.104015579223635,38.02127127126705,37.15537246821616,0.04516562640223709,1.4982967054575853,74.0908880265143,0.8905903354030542,0.5057246404764957,40.21577072143555,39.19227981567383,0.026114604982800715,1.16,4.2,247.284
2017-11-07,40.75429153442383,40.856871409850676,40.47220043435453,40.544471649126756,97446000,37.818433570861814,37.16621574401856,38.28155891537722,37.29650654924396,0.03413364401405761,1.4926820489300023,76.44986300235345,0.993350694554131,0.6032498512920228,40.623748779296875,40.21577072143555,0.010144728064203745,1.16,4.2,247.284
2017-11-08,41.08768081665039,41.08768081665039,40.64239246904859,40.7193273843951,97638000,38.04795475006104,37.22836967468262,38.548808620260374,37.445180049926606,0.0560247958079374,1.3595411697871325,88.81222344959369,1.089135868031839,0.7004270546399861,40.75429153442383,40.623748779296875,0.0032134590984247424,1.16,4.2,247.284
2017-11-09,41.00375747680664,41.05504742704472,40.36496672397675,40.82424265097337,117930400,38.27969036102295,37.28679321289062,38.78261327326478,37.58473210588273,0.04622026760505937,1.0671626820649396,87.4762042507783,1.1450746877429978,0.7893565812605886,41.08768081665039,40.75429153442383,0.008180470563326159,1.16,4.2,247.284
2017-11-10,40.8680419921875,41.03416430570005,40.77445426945602,40.970990629277786,100582000,38.49310073852539,37.3394718170166,38.9812255322098,37.71348935632609,0.016219290568122435,0.9029079942947489,85.83048640616542,1.165025807686753,0.8644904265458215,41.00375747680664,41.08768081665039,-0.002042542635060096,1.16,4.2,247.284
2017-11-13,40.70426940917969,40.828274771872465,40.57090313035342,40.59430185054368,67928400,38.664634704589844,37.388641815185544,39.145324949064076,37.83077484859489,0.0019821073215144924,0.8078369732171778,83.05424067506542,1.1543159000786858,0.9224555212523945,40.8680419921875,41.00375747680664,-0.003309830439220285,1.16,4.2,247.284
2017-11-14,40.088924407958984,40.58962637830053,40.05148787911344,40.48667770904722,99130000,38.798523330688475,37.43469047546387,39.235191564196924,37.91932973327586,-0.016326308258918676,0.7534933299582759,77.35616211954823,1.0836829991478893,0.9547010168314936,40.70426940917969,40.8680419921875,-0.004007350854712377,1.16,4.2,247.284
2017-11-15,39.56013488769531,39.85026254347845,39.396354586101126,39.76837060760995,116632400,38.914248847961424,37.47095596313476,39.26613854738724,37.98367503344919,-0.03717771114343482,0.6340652759498365,70.6820696319727,0.9738115281508897,0.9585231190953728,40.088924407958984,40.70426940917969,-0.015117455985634964,1.16,4.2,247.284
2017-11-16,40.032772064208984,40.21292866021531,39.84559299536479,40.05148675796399,94550000,39.09766864776611,37.51970497131347,39.33915126327503,38.06403177975351,-0.02368040083026257,0.4952383992359079,66.61921600970102,0.9143355746056017,0.9496856101974186,39.56013488769531,40.088924407958984,-0.013190414262116978,1.16,4.2,247.284
2017-11-17,39.81049346923828,40.10062119394135,39.69116855761888,40.01872923861939,87598000,39.26682796478271,37.57627120971679,39.38404099717629,38.13252047345881,-0.02587715171554794,0.535479541604911,58.653444617898394,0.8395862008661226,0.9276657283311595,40.032772064208984,39.56013488769531,0.011947309529035,1.16,4.2,247.284
2017-11-20,39.770721435546875,39.906426176309175,39.67245322399015,39.84325247954274,65049600,39.4349308013916,37.61865989685059,39.42086770559254,38.19676364844267,-0.022934890791143303,0.5720266503178101,53.657557851944404,0.7682812449539327,0.8957888316557141,39.81049346923828,40.032772064208984,-0.005552415771113428,1.16,4.2,247.284
2017-11-21,40.51007080078125,40.641095063383005,39.95789457257142,39.95789457257142,100525200,39.629159927368164,37.67881965637207,39.52460133370575,38.287481575985375,0.010505305369047369,0.5587667076267903,65.46106444226848,0.762639633474997,0.8691589920195706,39.770721435546875,39.81049346923828,-0.0009990339286333194,1.16,4.2,247.284
2017-11-22,40.9359016418457,40.945258987322624,40.48901252977826,40.56154356019002,102355600,39.85272426605225,37.75313819885254,39.65901088686194,38.39134118641129,0.03477659411566636,0.5379869571565941,66.37875677969018,0.7834979293701494,0.8520267794896863,40.51007080078125,39.770721435546875,0.018590293023287963,1.16,4.2,247.284
2017-11-24,40.9382438659668,41.06224923331061,40.86337081466449,40.96866148932631,56106800,40.06474857330322,37.83389137268066,39.780842599157644,38.491219722864464,0.02261826386405419,0.5291771979029365,58.39759643011699,0.7910979918461436,0.8398410219609779,40.9359016418457,40.51007080078125,0.010511727890049505,1.16,4.2,247.284
2017-11-27,40.73234939575195,40.96398389801827,40.55686968589246,40.956964995235396,82867200,40.20073413848877,37.90306655883789,39.871462294071385,38.57910716101693,0.0231561039861512,0.5151729505293975,51.32453258222673,0.7716124649159468,0.8261953105519717,40.9382438659668,40.9359016418457,5.72168689867425e-05,1.16,4.2,247.284
2017-11-28,40.49369812011719,40.91484655268083,40.210589294086674,40.78148383440733,105715200,40.28200702667236,37.97311042785645,39.93072284893289,38.65418915941303,0.01817861629042805,0.5013107599484934,46.90336811357173,0.728515013396752,0.8066592511209278,40.73234939575195,40.9382438659668,-0.005029391853958121,1.16,4.2,247.284
2017-11-29,39.653724670410156,40.45859198877118,39.110909418349486,40.39074142106722,166665600,40.294237518310545,38.026074981689455,39.90434207002596,38.69338663043253,-0.021139092414387495,0.53799671974342,34.79134080314351,0.6194406093706419,0.7692155227708708,40.49369812011719,40.73234939575195,-0.005859010815115306,1.16,4.2,247.284
2017-11-30,40.208251953125,40.276102536188226,39.41040335529264,39.876007230103156,166108800,40.35925636291504,38.10253303527832,39.93328586841635,38.75279311367538,-0.01777534290283911,0.48267887124878256,42.32860133094464,0.5711600976081073,0.7296044377383182,39.653724670410156,40.49369812011719,-0.02074331287834963,1.16,4.2,247.284
2017-12-01,40.02106475830078,40.16612681204002,39.424433156736974,39.76369314346366,159037200,40.400695610046384,38.187743225097655,39.94164576269105,38.80252925660187,-0.022403968051704637,0.483435888682159,41.91252427736148,0.5118922270092341,0.6860619955925015,40.208251953125,39.653724670410156,0.01398424201821924,1.3,4.1,247.805
2017-12-04,39.728607177734375,40.38840903284762,39.68883220509846,40.35565296302134,130169600,40.37633743286133,38.2740983581543,39.92135637364756,38.83884603782276,-0.02464238456430068,0.4933801034705694,40.90721637756219,0.43629380655742267,0.6361083577854858,40.02106475830078,40.208251953125,-0.004655442247090025,1.3,4.1,247.805
2017-12-05,39.691165924072266,40.131036155210275,39.40103821861945,39.555461202335145,109400800,40.3297082901001,38.36595260620117,39.89943347368801,38.87227034708745,-0.019818693606702853,0.5033894405523077,45.8455452866243,0.3691054989989695,0.5827077860281825,39.728607177734375,40.02106475830078,-0.007307591198101426,1.3,4.1,247.805
2017-12-06,39.54375457763672,39.82218287193415,38.94712659859109,39.190456819322876,114240000,40.269181442260745,38.44278228759766,39.8655592931117,38.898603062010956,-0.0027732601082868236,0.5475409964077841,49.814103219036106,0.30049944693410424,0.5262661182093669,39.691165924072266,39.728607177734375,-0.0009424255296595074,1.3,4.1,247.805
2017-12-07,39.616302490234375,39.878351057626205,39.52037272176273,39.548448333942154,102693200,40.19561252593994,38.515980606079104,39.841820549980525,38.92674813762756,-0.014722088977673575,0.5065325598356668,44.80149248472232,0.24911106929068438,0.47083510842563037,39.54375457763672,39.691165924072266,-0.003713958585080057,1.3,4.1,247.805
2017-12-08,39.62800216674805,40.00937926357805,39.49931988488124,39.890054329973715,93420800,40.12682476043701,38.59384262084961,39.821456894434576,38.95424829563229,-0.00982139265725579,0.41632407488254974,47.595689439408,0.2069439547986036,0.418056877700225,39.616302490234375,39.54375457763672,0.0018346237825046519,1.3,4.1,247.805
2017-12-11,40.40010070800781,40.451575032247945,39.492284702474436,39.588214449480425,141095200,40.103427696228025,38.68322998046875,39.876565829060596,39.01094839023526,0.01690201539835945,0.35390633306684566,56.95076143757257,0.2331406124930666,0.3810736246587933,39.62800216674805,39.616302490234375,0.0002953247975767681,1.3,4.1,247.805
2017-12-12,40.17315673828125,40.334598652789644,40.117005512465504,40.27844385682984,77636800,40.07687206268311,38.76952362060547,39.90481258231971,39.05652518819785,0.012143528742164289,0.3051642699199402,45.80431539842852,0.23290439387102424,0.35143977850123953,40.40010070800781,39.62800216674805,0.01948366051891548,1.3,4.1,247.805
2017-12-13,40.3065185546875,40.6036616119481,40.24334486253051,40.360331330154146,95273600,40.08775177001953,38.85536079406738,39.94307029397378,39.105544535903334,0.01928911367162267,0.3238603129724976,41.54631748409833,0.24070369063121433,0.3292925609272345,40.17315673828125,40.40010070800781,-0.005617410990304217,1.3,4.1,247.805
2017-12-14,40.29480743408203,40.50772359985313,40.16144118624432,40.336920836467016,81906000,40.124485397338866,38.945626220703126,39.97656906922219,39.152182296616225,0.017126912437497532,0.33309786001760483,41.37925394844306,0.24313696832230391,0.31206144240624845,40.3065185546875,40.17315673828125,0.0033196748086059547,1.3,4.1,247.805
2017-12-15,40.70426940917969,40.751063279416755,40.35097158322487,40.62471947276233,160677200,40.158060264587405,39.03517532348633,40.04587386350385,39.21304845789323,0.027159260714251676,0.41217195057656103,49.643245213301654,0.2749362241470834,0.30463639875441545,40.29480743408203,40.3065185546875,-0.0002905515292663807,1.3,4.1,247.805
2017-12-18,41.277496337890625,41.45999490432386,40.91249920502416,40.91717966240892,117684400,40.23141040802002,39.13660820007324,40.16317124201688,39.29400719828529,0.02171765947377713,0.5598169711358435,59.17785750530657,0.3424444989594235,0.3121980187954171,40.70426940917969,40.29480743408203,0.010161656083541137,1.3,4.1,247.805
2017-12-19,40.83763122558594,41.03650963242742,40.732344127317134,40.9522792397837,109745600,40.284755897521975,39.22672607421875,40.227405526166315,39.354541473865716,0.016540260742604396,0.5696332971942202,65.2961807109441,0.3563441412187487,0.3210272432800834,41.277496337890625,40.70426940917969,0.014082722452246399,1.3,4.1,247.805
2017-12-20,40.793190002441406,41.043539231567685,40.535818299466435,40.9148533800802,93902400,40.29891185760498,39.315675506591795,40.28128976200204,39.410959063221625,0.012074261563761679,0.5259937335339315,58.704809222880996,0.35962810363582776,0.3287474153512323,40.83763122558594,41.277496337890625,-0.010656293412372397,1.3,4.1,247.805
2017-12-21,40.94760513305664,41.18392009998116,40.73469245958435,40.751068709785024,83799600,40.299497032165526,39.40468246459961,40.344748368769146,39.47121969341124,0.016200541472806806,0.470235995561867,63.92421245736234,0.3704206988135468,0.3370820720436952,40.793190002441406,40.83763122558594,-0.0010882419428061008,1.3,4.1,247.805
2017-12-22,40.94760513305664,41.04353490041919,40.82828021252971,40.870393630311945,65397600,40.29996509552002,39.496253662109375,40.40216329870129,39.529117161632634,0.005978137610844314,0.35903999318201246,70.08481362247316,0.3746551172711392,0.34459668108918406,40.94760513305664,40.793190002441406,0.003785316387514559,1.3,4.1,247.805
2017-12-26,39.90876770019531,40.119341926636636,39.70052834785274,39.96258047892696,132742000,40.258786010742185,39.56243232727051,40.35517324170072,39.54400541804686,-0.03315919712017246,0.42699781852991947,52.69574553954135,0.2908328850393431,0.3338439218792159,40.94760513305664,40.94760513305664,0.0,1.3,4.1,247.805
2017-12-27,39.91577911376953,39.95789252309861,39.70754337064159,39.798792660997805,85992800,40.22989006042481,39.615276107788084,40.31332618189775,39.55858477866343,-0.022573594112844653,0.46309553120499364,54.774905161895546,0.22240517613956712,0.31155617273128616,39.90876770019531,40.94760513305664,-0.02536991918051601,1.3,4.1,247.805
2017-12-28,40.02809143066406,40.20825159602638,39.887706237108844,40.00937316684711,65920800,40.2486083984375,39.66761489868164,40.286160967494546,39.57699680423209,-0.01875554649517608,0.48985479866952625,55.23187397129613,0.17521857847873434,0.2842886538807758,39.91577911376953,39.90876770019531,0.0001756860454045217,1.3,4.1,247.805
2017-12-29,39.595237731933594,39.913441057833,39.59289928789782,39.89706480929548,103999600,40.21795768737793,39.71460716247559,40.22035875458398,39.577712134730184,-0.033026776455634343,0.5753113291150498,49.62396271237198,0.1017225892049538,0.24777544094561138,40.02809143066406,39.91577911376953,0.0028137322980572588,1.3,4.1,247.805
2018-01-02,40.30418014526367,40.31354106279126,39.60226127674198,39.81283907938488,102223600,40.232113456726076,39.793403244018556,40.22834174417252,39.606201076319735,-0.015713372874975207,0.5730923405148163,48.88292602744595,0.0995348403905183,0.2181273208345928,39.595237731933594,40.02809143066406,-0.010813748126868639,1.41,4.0,248.859
2018-01-03,40.29716110229492,40.83998007240303,40.23399097485094,40.367353702932206,118071600,40.260541152954104,39.87080032348633,40.2348959687556,39.6332975479266,0.009732031943890496,0.4954588760291792,51.52210130235721,0.09612656834306677,0.19372717033628759,40.30418014526367,39.595237731933594,0.01790473940653503,1.41,4.0,248.859
2018-01-04,40.48433303833008,40.587281691749936,40.262059483979016,40.369685025177354,89738400,40.30019950866699,39.95231369018555,40.258651880143645,39.66667148872674,0.014243838832258104,0.46932714482006344,52.15414177693936,0.10729190487457885,0.17644011724394584,40.29716110229492,40.30418014526367,-0.00017415173670454198,1.41,4.0,248.859
2018-01-05,40.94526290893555,41.031831750925626,40.48901640769327,40.58026570794173,94640000,40.37027492523193,40.03870918273926,40.32404340669525,39.71681232873493,0.022913195345828363,0.4883619347216726,57.106490878128604,0.15158631029800773,0.17146935585475823,40.48433303833008,40.29716110229492,0.0046447921122785285,1.41,4.0,248.859
2018-01-08,40.793190002441406,41.0879946684583,40.69491821029147,40.793190002441406,82271200,40.42911930084229,40.125280685424805,40.36872403486156,39.759023217899895,0.030254958402274212,0.4689808046352961,51.02938812569222,0.17243125294306338,0.17166173527241926,40.94526290893555,40.48433303833008,0.011385388766786964,1.41,4.0,248.859
2018-01-09,40.78850173950195,40.959300980537996,40.57324707008062,40.83997607024875,86336000,40.48714427947998,40.207095565795896,40.40870286387493,39.79939492462939,0.012016659127978668,0.4476091044618178,43.48104684052983,0.18642373970463666,0.17461413615886276,40.793190002441406,40.94526290893555,-0.003714053731499023,1.41,4.0,248.859
2018-01-10,40.779144287109375,40.78148630152458,40.47732074949381,40.51475727869783,95839600,40.50609645843506,40.26242568969727,40.44398299942107,39.83781646825606,0.011960723079001312,0.44639466553180324,49.11918670116691,0.19451556373205392,0.178594421673501,40.78850173950195,40.793190002441406,-0.00011492758813846926,1.41,4.0,248.859
2018-01-11,41.01076889038086,41.05990476936201,40.825931873561046,40.84932702105531,74670800,40.54797706604004,40.305276260375976,40.4979626080839,39.88381460245703,0.013003446334471036,0.4505822278595428,53.101856534852594,0.21711578665003373,0.18629869466880758,40.779144287109375,40.78850173950195,-0.00022941397681974784,1.41,4.0,248.859
2018-01-12,41.434268951416016,41.497442647697724,41.0973473314388,41.22135270960487,101672400,40.60436458587647,40.34577934265137,40.5871346407822,39.94461673378876,0.011942921054580724,0.5024794554956744,56.44362284582904,0.2661317406808834,0.2022653038712228,41.01076889038086,40.779144287109375,0.0056799770402415906,1.41,4.0,248.859
2018-01-16,41.223690032958984,41.97240267540656,41.21199067273534,41.623781733545634,118263600,40.65080871582031,40.39209564208984,40.64775896384666,39.99477647101113,0.010553232794292766,0.3720681850958176,53.46240032454921,0.28470339503690667,0.21875292210435962,41.434268951416016,41.01076889038086,0.01032655745048694,1.41,4.0,248.859
2018-01-17,41.904563903808594,41.93965842422295,40.961653040468306,41.214340727740655,137547200,40.710823440551756,40.446341323852536,40.767454672414466,40.069670095826716,0.027362176022900586,0.46483556063816805,77.49836014565271,0.3503240780897485,0.2450671533014374,41.223690032958984,41.434268951416016,-0.005082240468727628,1.41,4.0,248.859
2018-01-18,41.94198226928711,42.138522225627405,41.705670917084234,41.967719432013624,124773600,40.74404773712158,40.48086555480957,40.87931444354519,40.143094102629085,0.02851550719138851,0.4920490096730712,77.68533527924735,0.400728937806484,0.27619951020244676,41.904563903808594,41.223690032958984,0.016516567786756697,1.41,4.0,248.859
2018-01-19,41.75480651855469,42.01685503172588,41.509134252385074,41.78990102651753,129700400,40.78990650177002,40.503486709594725,40.96269464116514,40.206298511096755,0.018142493991336606,0.4701828550499538,73.1202370007151,0.4207218143032492,0.3051039710226073,41.94198226928711,41.904563903808594,0.0008929424862744728,1.41,4.0,248.859
2018-01-22,41.413211822509766,41.59571043645508,41.3196240713074,41.48340442098347,108434400,40.82090759277344,40.516665115356446,41.00560103938844,40.25362844487766,-0.0005082056336251917,0.45878988378218066,74.95196219385389,0.40434147894751504,0.32495147260758883,41.75480651855469,41.94198226928711,-0.004462730195503584,1.41,4.0,248.859
2018-01-23,41.42256546020508,41.98410262756551,41.37109470075366,41.48340070616833,130756400,40.84465560913086,40.52336280822754,41.04531193660907,40.29946911214541,0.004824299500774565,0.4226100540717075,68.99844994193762,0.3876461619015217,0.33749041046637546,41.413211822509766,41.75480651855469,-0.008180967043713294,1.41,4.0,248.859
2018-01-24,40.762760162353516,41.48339714467017,40.52410679746099,41.47169778528601,204420400,40.8354133605957,40.51854286193848,41.01840224382283,40.317637388624156,-0.027247718030811052,0.42658731558996793,56.47358460944429,0.31751412436562987,0.33349515324622636,41.42256546020508,41.413211822509766,0.00022586119945011696,1.41,4.0,248.859
2018-01-25,40.03509521484375,40.933550117910364,39.89939053102498,40.83060149086561,166116000,40.841729736328126,40.5018839263916,40.92475395534863,40.306557303377865,-0.04546487674808153,0.578073098754112,44.57001369427192,0.20090163049069076,0.30697644869511925,40.762760162353516,41.42256546020508,-0.015928643977530577,1.41,4.0,248.859
2018-01-26,40.12868881225586,40.243336812846245,39.78942883803662,40.243336812846245,156572000,40.852375221252444,40.490372314453126,40.848938227435035,40.29958206843191,-0.03894444357145388,0.6832145242974372,39.168100394696886,0.11471524413731515,0.26852420778355846,40.03509521484375,40.762760162353516,-0.017851218725414064,1.41,4.0,248.859
2018-01-29,39.298095703125,39.81283544569889,39.089859933941504,39.81283544569889,202561600,40.81587543487549,40.47455574035644,40.701238939405506,40.26030809332183,-0.051073462460477725,0.9016229567095131,33.192963798382465,-0.02037513842505234,0.21074433854183627,40.12868881225586,40.03509521484375,0.0023377888052931173,1.41,4.0,248.859
2018-01-30,39.06644821166992,39.16003592639561,38.53532882673834,38.72952672642949,184192800,40.789435958862306,40.464682006835936,40.54554458438307,40.21349005874725,-0.05688004164779925,1.0796148246027613,31.581455544258276,-0.14446198860081694,0.13970307311330563,39.298095703125,40.12868881225586,-0.020698236940081216,1.41,4.0,248.859
2018-01-31,39.17409133911133,39.41040631577507,38.95649819798095,39.04306705153036,129915600,40.732931518554686,40.44750839233399,40.41492998959529,40.172729324643875,-0.03897353410109372,1.1065293299738859,33.18635807456816,-0.23144782414376408,0.06547289366189166,39.06644821166992,39.298095703125,-0.005894623831267709,1.41,4.0,248.859
2018-02-01,39.2559814453125,39.452517867378766,39.01732803557838,39.11325780235259,188923200,40.68087253570557,40.43641815185547,40.30455393775883,40.136778427415194,-0.01946076974090416,1.0416473368534542,31.022484713018954,-0.29042899367112085,-0.005707483804710868,39.17409133911133,39.06644821166992,0.002755385564056745,1.42,4.1,249.529
2018-02-02,37.55265808105469,39.026688364620185,37.45907033009402,38.839509292555,346375200,40.534288787841795,40.39205688476562,40.042468618072725,40.03544037461674,-0.06419424126348272,1.1950105921566,17.122580820264204,-0.46920722684650684,-0.0984074324130701,39.2559814453125,39.17409133911133,0.0020904149503375713,1.42,4.1,249.529
2018-02-05,36.614418029785156,38.343477505754464,36.49977003097488,37.22508740195526,290954000,40.317746543884276,40.3141438293457,39.71598760966439,39.901282635603735,-0.06829027273009658,1.4220594111532299,15.243561118816913,-0.6787739124629937,-0.21448072842305485,37.55265808105469,39.2559814453125,-0.04339016123264461,1.42,4.1,249.529
2018-02-06,38.144615173339844,38.30605710300419,36.031839420220294,36.22603742473362,272975200,40.185317802429196,40.25831809997558,39.56633309191919,39.832393715514954,-0.023596540779325492,1.254289080561712,24.867125577676077,-0.7131620118223978,-0.3142169851029235,36.614418029785156,37.55265808105469,-0.024984650866641922,1.42,4.1,249.529
2018-02-07,37.328033447265625,38.231168949040736,37.21806947306256,38.15863792407695,206434400,40.012294387817384,40.186113891601565,39.35316169719028,39.734183508916935,-0.04712445978300461,1.1874412981253715,22.068174291854476,-0.7971174750891379,-0.41079708310016644,38.144615173339844,36.614418029785156,0.04179220170343556,1.42,4.1,249.529
2018-02-08,36.30089569091797,37.66963864747033,36.272820084061365,37.503516309901045,217562000,39.78838195800781,40.097484817504885,39.06246969659292,39.599544770956186,-0.07527733725142649,1.2896516854601392,20.031039886505695,-0.9357475026553175,-0.5157871670111968,37.328033447265625,38.144615173339844,-0.021407522984920435,1.42,4.1,249.529
2018-02-09,36.744911193847656,37.09260194445449,35.295412891463684,36.89996378245455,282690400,39.575089073181154,40.02250907897949,38.84174983918861,39.48759835616761,-0.021509712720297114,1.1928456954439557,24.6334519956537,-0.9982769427922094,-0.6122851221673993,36.30089569091797,37.328033447265625,-0.027516524753406157,1.42,4.1,249.529
2018-02-12,38.22496032714844,38.50217236916736,37.003337488277786,37.23591642711591,243278000,39.41462364196777,39.993933792114255,38.78300798089907,39.43808313934333,0.043986560050009116,1.1027614919152138,35.019253308341376,-0.9178242719490584,-0.6733929521237312,36.744911193847656,36.30089569091797,0.012231530227524878,1.42,4.1,249.529
2018-02-13,38.607879638671875,38.70420051241455,37.975925806374015,38.0464045819101,130196800,39.28383312225342,39.9619263458252,38.76632909116315,39.405526139317,0.012144950557944512,1.0546102368569577,39.635509227677204,-0.8137857468997183,-0.7014715110789287,38.22496032714844,36.744911193847656,0.04027902327734001,1.42,4.1,249.529
2018-02-14,39.3197135925293,39.35965073484387,38.26489411950926,38.30247969864652,162579600,39.15459060668945,39.94789932250976,38.819032377007545,39.40216094140375,0.05335614982443082,1.0765483993705973,46.55392733539216,-0.6662156953778506,-0.6944203479387131,38.607879638671875,38.22496032714844,0.010017520181740514,1.42,4.1,249.529
2018-02-15,40.6400032043457,40.66349374207075,39.702643640911546,39.888234303148494,204588800,39.08949165344238,39.966127243041996,38.992458170087374,39.45070377524461,0.11953169283680576,1.3399317836947298,52.20273337588553,-0.437683683751402,-0.6430730151012509,39.3197135925293,38.607879638671875,0.018437530382901635,1.42,4.1,249.529
2018-02-16,40.50843811035156,41.06991676593039,40.35338910191299,40.491995093642714,160704400,39.02717323303223,39.98247268676758,39.1368372120173,39.49218355309194,0.10242307830462383,1.5522660588384032,55.54829657131905,-0.2641417598185143,-0.5672867640447036,40.6400032043457,39.3197135925293,0.03357831202685202,1.42,4.1,249.529
2018-02-20,40.37218475341797,40.938355795703735,40.271164333497524,40.419169411304395,135722000,38.975121879577635,39.9990412902832,39.25448935881736,39.526693404085115,0.056173359184483296,1.568861205787557,56.038401219355144,-0.13603491615276653,-0.48103639446631613,40.50843811035156,40.6400032043457,-0.0032373298134994455,1.42,4.1,249.529
2018-02-21,40.18894577026367,40.90546993442809,40.17484714537294,40.60241581622641,149886400,38.91344089508057,40.01049415588379,39.343485207526534,39.55266408511173,0.040951902730449685,1.6320750526066878,54.66062530351052,-0.04873340576994423,-0.39457579672704174,40.37218475341797,40.50843811035156,-0.0033635796216684444,1.42,4.1,249.529
2018-02-22,40.5248908996582,40.86553419317909,40.33930022295099,40.36044278396192,123967600,38.9015474319458,40.02843193054199,39.4560000353486,39.59079062685865,0.030650714285922254,1.6196269928129479,55.69447197778889,0.04701962158448225,-0.30625671306473695,40.18894577026367,40.37218475341797,-0.00453874330243631,1.42,4.1,249.529
2018-02-23,41.22965621948242,41.264893808012744,40.76919808272674,40.79973971591884,135249600,38.96127548217773,40.04502304077148,39.62491967193277,39.65505986578507,0.014509177378058569,1.3925695931414144,68.1257345516156,0.17772455888137983,-0.20946045867551358,40.5248908996582,40.18894577026367,0.008359142618841853,1.42,4.1,249.529
2018-02-26,42.04485321044922,42.14352204456397,41.39645647853849,41.42934608991008,152648800,39.057083702087404,40.08245697021484,39.855389532743864,39.74877725185033,0.037928273015913616,1.158869789361049,77.09800965477334,0.3431333203292084,-0.09894170287456915,41.22965621948242,40.5248908996582,0.017390924544849584,1.42,4.1,249.529
2018-02-27,41.908607482910156,42.39960381939235,41.854575302288154,42.07540715096048,155712400,39.18760929107666,40.1144987487793,40.050934099426364,39.833476476597774,0.03805646731471746,1.0539770628885792,71.81762058742368,0.45794812302362686,0.012436262305070082,42.04485321044922,41.22965621948242,0.01977210255227857,1.42,4.1,249.529
2018-02-28,41.84518051147461,42.43249779278185,41.82873749164211,42.11299704836271,151128400,39.3265459060669,40.14550621032715,40.221814710097625,39.91236683090667,0.04121120147511825,0.8791222010850891,78.68801145831365,0.5376242570654313,0.11747386125714236,41.908607482910156,42.04485321044922,-0.0032404852707441645,1.42,4.1,249.529
2018-03-01,41.11220169067383,42.23515182722027,40.5624736826807,41.943841221891674,195208000,39.42345142364502,40.15366485595703,40.3066134701525,39.95941917834852,0.01449259400771341,0.6937665180946706,81.74219075993209,0.5354505614837066,0.20106920130245526,41.84518051147461,41.908607482910156,-0.001513459292614594,1.51,4.0,249.577
2018-03-02,41.39646530151367,41.41760785946614,40.5131379769265,40.595363815229945,153816000,39.53047561645508,40.156044235229494,40.410408882663084,40.015773928276566,0.004045851877669149,0.6868157201252856,81.3490474018672,0.5503218223743218,0.27091972551682864,41.11220169067383,41.84518051147461,-0.017516445426726923,1.51,4.0,249.577
2018-03-05,41.53977584838867,41.75590816450628,40.99944326574465,41.161543399007854,113605600,39.729831504821775,40.17008712768555,40.51796764130362,40.07553870945743,-0.012012822580981686,0.6629417252208387,77.24998604509098,0.5671338017701117,0.3301625407674853,41.39646530151367,41.11220169067383,0.006914336842833935,1.51,4.0,249.577
2018-03-06,41.50453186035156,41.87571676450101,41.37767292119403,41.79584248485739,95154000,39.9743371963501,40.18431396484375,40.611926138355805,40.13157765655132,-0.009641828894538462,0.5960803085741545,75.256106646799,0.5710310310057949,0.3783362388151473,41.53977584838867,41.39646530151367,0.003461902986914289,1.51,4.0,249.577
2018-03-07,41.11923599243164,41.311877681943336,40.94069292154387,41.09809344154329,126814000,40.123068237304686,40.18774658203125,40.6602413625535,40.17030935599761,-0.017348342393789018,0.45394424258396937,66.63753456351222,0.5368410868862341,0.41003720842936475,41.50453186035156,41.53977584838867,-0.0008484395333702155,1.51,4.0,249.577
2018-03-08,41.56795883178711,41.61024394557519,41.128646754391646,41.22496404180873,95096400,40.33506450653076,40.20015365600586,40.74669064533765,40.22511913936191,0.011085690436682949,0.3267962738744772,60.227765799644125,0.5397318006227749,0.4359761268680469,41.11923599243164,41.50453186035156,-0.00928322403963766,1.51,4.0,249.577
2018-03-09,42.282127380371094,42.28682692041123,41.67366778667732,41.80757779258068,128740800,40.63412609100342,40.247620849609376,40.89292271534083,40.3057861292054,0.021394630493368094,0.38478268357078893,67.32437608519074,0.5928165255099742,0.46734420659643233,41.56795883178711,41.11923599243164,0.010912723170198424,1.51,4.0,249.577
2018-03-12,42.6909065246582,42.848307080513344,42.336168279495034,42.35495927254413,128828400,40.93142585754394,40.30312339782715,41.06415926860915,40.39932026236041,0.027711528354676496,0.49905410243653764,71.5031651279105,0.6602605405583475,0.5059274733888154,42.282127380371094,41.56795883178711,0.01718074614810905,1.51,4.0,249.577
2018-03-13,42.27979278564453,43.10908442263921,42.108297159232286,42.89530009187744,126774000,41.13416748046875,40.34815742492676,41.17993388927919,40.47306428288135,0.01867894638352885,0.5294452204907929,68.6036384322388,0.6727815584605921,0.5392982904031708,42.6909065246582,42.282127380371094,0.00966789444177496,1.51,4.0,249.577
2018-03-14,41.920352935791016,42.409001275131494,41.77234785465769,42.362016616189074,117473600,41.299791145324704,40.394659729003905,41.25044998894698,40.529820700642524,0.019482777926779216,0.5317308014273566,62.36464570942616,0.6462511820884416,0.5606888687402249,42.27979278564453,42.6909065246582,-0.009630007242320215,1.51,4.0,249.577
2018-03-15,41.96967697143555,42.34321335751653,41.83342256383751,41.93443938062553,90975200,41.43228931427002,40.42796966552734,41.31894779680304,40.58628565243832,0.009664129558876633,0.4861919947096166,57.41873851769022,0.6220352697447211,0.5729581489411242,41.920352935791016,42.27979278564453,-0.008501457225106313,1.51,4.0,249.577
2018-03-16,41.82168197631836,42.080099379873786,41.727709078453145,41.969683465319356,157618800,41.491373252868655,40.458460083007814,41.36682724247116,40.634732567100286,-0.010889835317664076,0.4623564067447233,47.41718415989504,0.5841680992695544,0.5752001390068102,41.96967697143555,41.920352935791016,0.0011766130814805376,1.51,4.0,249.577
2018-03-19,41.18267822265625,41.692469065666344,40.79739832548874,41.65723147144648,133787200,41.525085258483884,40.47242698669434,41.34928924058403,40.65622063202405,-0.03532902964079254,0.5026916045260396,42.474401623616465,0.4968682434852667,0.5595337599025015,41.82168197631836,41.96967697143555,-0.003526236220924739,1.51,4.0,249.577
2018-03-20,41.16858673095703,41.53507208120745,41.09810795174742,41.16858673095703,78597600,41.56490535736084,40.476893463134765,41.332079477762406,40.676313420217504,-0.026282202004187516,0.5371900457705584,42.9133653773159,0.42168449681232545,0.5319639072844663,41.18267822265625,41.82168197631836,-0.015279245679883147,1.51,4.0,249.577
2018-03-21,40.23591995239258,41.13333859622522,40.23356838983998,41.1215915375593,148219600,41.567254066467285,40.46574806213379,41.227683332489086,40.659043088145935,-0.04018174622667103,0.7073086741405952,41.19034908479527,0.28357356199149564,0.4822858382258722,41.16858673095703,41.18267822265625,-0.0003421703567464407,1.51,4.0,249.577
2018-03-22,39.66740036010742,40.56716704796147,39.60866864715772,39.937564805796335,165963200,41.52437953948974,40.4433260345459,41.07908495416702,40.620155138026774,-0.05485571435050707,0.9603747455257211,33.556753838876034,0.12678339131434768,0.4111853488435673,40.23591995239258,41.16858673095703,-0.02265481651482404,1.51,4.0,249.577
2018-03-23,38.74884033203125,39.91877519588673,38.74884033203125,39.55933735467391,164115200,41.40033874511719,40.40271995544433,40.857156894915995,40.54677024367401,-0.07347484603864363,1.2545236765372352,26.869133320054758,-0.07077817930561991,0.31479264321372985,39.66740036010742,40.23591995239258,-0.014129653129786313,1.51,4.0,249.577
2018-03-26,40.588314056396484,40.6658403493108,39.10122662256602,39.48415854628537,150164800,41.32751178741455,40.39427085876465,40.831552815056995,40.54839941280038,-0.014432382543124178,1.142201742032291,44.15465257831365,-0.07801765201513433,0.236230584167957,38.74884033203125,39.66740036010742,-0.02315654718326199,1.51,4.0,249.577
2018-03-27,39.54758071899414,41.14743181798112,39.213985058848884,40.802089099688025,163690400,41.20946044921875,40.35653709411621,40.7092697582891,40.509151620886406,-0.039374827767501785,1.1174894637305466,40.74690448020511,-0.16582197632944684,0.15582007206847623,40.588314056396484,38.74884033203125,0.04747171034289388,1.51,4.0,249.577
2018-03-28,39.11062240600586,39.94226549266874,38.80756833575712,39.291517090797406,166674000,41.072732543945314,40.31427574157715,40.55701762950022,40.454307337949906,-0.027967486457826207,1.1255978043435793,35.51240150449938,-0.26758190238297175,0.07113967717818662,39.54758071899414,40.588314056396484,-0.025641206381626702,1.51,4.0,249.577
2018-03-29,39.41603088378906,40.34869086628051,39.20929408624951,39.42307840327794,153594000,40.98792400360107,40.26450508117676,40.44835222514678,40.41359061425733,-0.006336928410644149,1.0152189882022733,32.24682473521345,-0.3198959043124816,-0.007067439119947052,39.11062240600586,39.54758071899414,-0.011048926509388601,1.51,4.0,249.577
2018-04-02,39.1576042175293,39.688541173485575,38.63841790528605,39.148208721137635,150347200,40.87598094940186,40.2088175201416,40.325423843468926,40.364336245758196,0.010549061133066973,0.8660284064828105,27.69862710256521,-0.37785235322597543,-0.08122442194115276,39.41603088378906,39.11062240600586,0.007808837062544427,1.69,4.0,250.227
2018-04-03,39.55934143066406,39.64391525993994,38.734749283749345,39.383146251731,121112000,40.77695922851562,40.164908218383786,40.25246361367798,40.33276782163686,-0.025351450279572862,0.7378671145111906,32.8088027415277,-0.38690640470898785,-0.1423608184947198,39.1576042175293,39.41603088378906,-0.006556384812608118,1.69,4.0,250.227
2018-04-04,40.31580352783203,40.40977284946621,38.70890446886859,38.73474657002297,138422000,40.71752281188965,40.14296005249023,40.258495986454555,40.33210255521315,0.019425279495514758,0.5853703893851138,40.34492842645629,-0.32924629023118257,-0.17973791284201238,39.55934143066406,39.1576042175293,0.010259494194359453,1.69,4.0,250.227
2018-04-05,40.595367431640625,40.93131116470009,40.426219783553385,40.54368322890842,107732800,40.691329383850096,40.12641609191895,40.290578981234184,40.34242666801423,0.03796270512449751,0.6352943107787901,41.95331467588073,-0.2580174983537873,-0.19539382994436738,40.31580352783203,39.55934143066406,0.01912221158923555,1.69,4.0,250.227
2018-04-06,39.55698776245117,40.52018578459094,39.514699061545755,40.16544749918795,140021200,40.5907808303833,40.1023006439209,40.2207131508739,40.31162514230587,0.0035761307138635345,0.6363164964739932,37.99205829740447,-0.2821048002842872,-0.21273602401235137,40.595367431640625,40.31580352783203,0.006934350288109625,1.69,4.0,250.227
2018-04-09,39.949317932128906,40.66349409278615,39.902333271573795,39.90938079142207,116070800,40.474140357971194,40.1005850982666,40.194865987183896,40.297417016416574,0.020218645405409852,0.553203649712809,43.28477371383472,-0.2664647549246766,-0.2234817701948164,39.55698776245117,40.595367431640625,-0.02557877252713625,1.69,4.0,250.227
2018-04-10,40.701080322265625,40.877275475175864,40.29700581814884,40.64234860462888,113634400,40.37464904785156,40.112032928466796,40.2430768762393,40.31324694997928,0.02886142312562745,0.5723365903416843,47.64385021720858,-0.1912048733935663,-0.21702639083456637,39.949317932128906,39.55698776245117,0.009918100236392391,1.69,4.0,250.227
2018-04-11,40.51079177856445,40.858482557401416,40.336944596796116,40.46145555647489,89726400,40.28619899749756,40.13628684997558,40.2685735336036,40.32099380600222,0.004836521504471891,0.6068354154440896,51.497350917412135,-0.14524131871835522,-0.20266937641132418,40.701080322265625,39.949317932128906,0.01881790300935582,1.69,4.0,250.227
2018-04-12,40.9101676940918,41.11220495899255,40.65174668618393,40.73867207140737,91557200,40.2356897354126,40.17316123962402,40.32967773936438,40.344098664358675,0.007754585864539143,0.617652880666569,56.89701309523003,-0.07571576759208654,-0.17727865464747666,40.51079177856445,40.701080322265625,-0.004675270095891637,1.69,4.0,250.227
2018-04-13,41.04876708984375,41.30953603414656,40.842033901488705,41.06051414916714,100497200,40.189644241333006,40.210654754638675,40.39816243941004,40.37173272026004,0.03771215685964413,0.6417133947913107,63.973672817216226,-0.009324962147225335,-0.1436879161474264,40.9101676940918,40.51079177856445,0.009858506782843612,1.69,4.0,250.227
2018-04-16,41.30484390258789,41.391765697170506,41.07226501136739,41.119249668312065,86313600,40.16380233764649,40.25163200378418,40.48451305495079,40.408325315645456,0.03393114177223078,0.6007506360173684,55.390601502896274,0.06322467347317229,-0.10230539822330666,41.04876708984375,40.9101676940918,0.0033878960552873316,1.69,4.0,250.227
2018-04-17,41.87336349487305,42.03781157474124,41.44344692448237,41.462241502852926,106421600,40.198336601257324,40.338046112060546,40.616784525419575,40.46577779326223,0.02880226183986867,0.6639386430714469,68.83563759848943,0.16469703725010731,-0.04890491112862386,41.30484390258789,41.04876708984375,0.006238355763126036,1.69,4.0,250.227
2018-04-18,41.77939224243164,42.00962314798059,41.55386446253399,41.772344723353555,83018000,40.22887687683105,40.441345596313475,40.72750906989692,40.51729208538652,0.031315123900847786,0.7332541194490315,72.88470798201678,0.23482500540195161,0.007841072177491252,41.87336349487305,41.30484390258789,0.013763993240742733,1.69,4.0,250.227
2018-04-19,40.595367431640625,41.203827218251746,40.56247781032921,40.82089523929037,139235200,40.24684925079346,40.49036064147949,40.71492415196775,40.52035386367099,-0.007694914985563184,0.7332541194490315,58.78853348191443,0.19264038009711726,0.044800933761416466,41.77939224243164,41.87336349487305,-0.0022441773146050226,1.69,4.0,250.227
2018-04-20,38.93207550048828,40.22417309688834,38.86394471070118,40.07851960585239,261964400,40.2100830078125,40.52244148254395,40.54512904230304,40.458068437663826,-0.05156529024909928,0.8674817533705755,48.61031517951124,0.024710159152725453,0.04078277883967826,40.595367431640625,41.77939224243164,-0.028339924236344127,1.69,4.0,250.227
2018-04-23,38.81932067871094,39.21399613411533,38.549152603802106,39.1928535742972,146062000,40.21360702514649,40.5728099822998,40.38076634100855,40.39380381966567,-0.060175102700756766,1.0411121506762941,45.271675387616746,-0.11613538616376218,0.009399145838990167,38.93207550048828,40.595367431640625,-0.04097245662213045,1.69,4.0,250.227
2018-04-24,38.27898406982422,39.075386001140814,37.87490957405361,38.92033340945452,134768000,40.09814052581787,40.60349143981934,40.18059660089576,40.31086971182876,-0.0858392812291977,1.281303799713222,36.616206937694706,-0.2682647550133552,-0.04613363433147893,38.81932067871094,38.93207550048828,-0.002896193442754713,1.69,4.0,250.227
2018-04-25,38.445770263671875,38.86159171287886,38.15446331922963,38.20379594092452,113528400,40.04305000305176,40.607907638549804,40.01537504496967,40.23772855699907,-0.07979105965486255,1.4211842575420661,35.66265783686026,-0.3710924016966999,-0.11112538780452313,38.27898406982422,38.81932067871094,-0.013919270080968937,1.69,4.0,250.227
2018-04-26,38.579689025878906,38.93442729205529,38.37999976208661,38.55619490612709,111852000,40.01650333404541,40.60734382629394,39.878643043151506,40.17270739891593,-0.04965291690378126,1.4813758590343757,42.58727835732841,-0.43674342132443655,-0.17624899450850584,38.445770263671875,38.27898406982422,0.004357121744491099,1.69,4.0,250.227
2018-04-27,38.133323669433594,38.60552529366012,37.73629676460138,38.527999011826125,142623200,39.95236797332764,40.58361602783203,39.712422150416465,40.09273156638721,-0.020516548906946097,1.5306205024061295,36.337838675535,-0.5188097651785597,-0.24476114864251666,38.579689025878906,38.445770263671875,0.0034833158833489364,1.69,4.0,250.227
2018-04-30,38.82400894165039,39.29386262956207,38.02055956548532,38.08869035766404,169709600,39.935688209533694,40.547296142578126,39.62781136862922,40.042977737966154,0.00012077138026844736,1.4350233381838655,35.747359688845606,-0.5220969955976429,-0.30022831803354194,38.133323669433594,38.579689025878906,-0.011569957345843207,1.69,4.0,250.227
2018-05-01,39.726131439208984,39.7496219731945,38.8263611810119,39.09417764440143,214277600,39.944027709960935,40.53165000915527,39.63717518487491,40.03055239291685,0.0378052710789043,1.1630235669148443,44.62327871937767,-0.4467584498746149,-0.32953434440175655,38.82400894165039,38.133323669433594,0.018112380609782264,1.7,3.8,250.792
2018-05-02,41.481040954589844,41.758252952550066,40.830292492766674,41.16623621077268,266157600,40.002289581298825,40.553827133178714,39.81278144865729,40.08743429729619,0.0789494050997348,1.091451769493607,53.2989443007894,-0.24264847749856955,-0.3121571710211192,39.726131439208984,38.82400894165039,0.02323620157089956,1.7,3.8,250.792
2018-05-03,41.556209564208984,41.69951508337644,40.980639509575454,41.31893474070514,136272800,40.05033168792725,40.581172409057615,39.97882222156698,40.1450333273712,0.07715252801372907,1.2591517650458228,52.95404872316111,-0.07397167583832953,-0.26452007198456123,41.481040954589844,39.726131439208984,0.044175192796366725,1.7,3.8,250.792
2018-05-04,43.18660354614258,43.28527239361948,41.85691670617901,41.875711284464984,224805200,40.231812477111816,40.634406661987306,40.28432520485989,40.26431059085243,0.13251611426568433,1.7518091495590093,59.44350384370049,0.18908541434418424,-0.17379897471881212,41.556209564208984,41.481040954589844,0.0018121196548908092,1.7,3.8,250.792
2018-05-07,43.49906539916992,44.08873062408348,43.40274451042906,43.503761356157284,169805600,40.40929985046387,40.67979484558106,40.590490937651325,40.39116372059037,0.12041663354615939,2.083206053047553,58.373698560370215,0.4179551865025246,-0.05544814247454474,43.18660354614258,41.556209564208984,0.03923346231600977,1.7,3.8,250.792
2018-05-08,43.7081413269043,43.748078461393405,43.149014274658285,43.45911943850207,113611200,40.5596529006958,40.71306060791016,40.88741002234209,40.521241273779154,0.10023653810310718,2.2370838886514526,59.8182189605943,0.6091845100754583,0.07747838803545591,43.49906539916992,43.18660354614258,0.007235156909097817,1.7,3.8,250.792
2018-05-09,44.015899658203125,44.02529515598114,43.51315628663752,43.82560946207637,92844800,40.73490829467774,40.755206451416015,41.18536141623362,40.65828670061931,0.06110884985717324,2.3020753359452195,69.11759940097596,0.776616302721095,0.21730597097258378,43.7081413269043,43.49906539916992,0.0048064464331769585,1.7,3.8,250.792
2018-05-10,44.6454963684082,44.72302265798103,44.08402134819816,44.10516748877199,111957200,40.921674728393555,40.81121276855469,41.51489807834548,40.814647864062,0.07433995632893153,2.3132586216557987,86.10452079409075,0.9491689683974798,0.363678570457563,44.015899658203125,43.7081413269043,0.007041212962981547,1.7,3.8,250.792
2018-05-11,44.47570037841797,44.82237483155684,44.20685116971051,44.68795202646433,104848800,41.093021392822266,40.87848274230957,41.79687924978096,40.95821855089949,0.02984946086112239,2.0239822006767296,85.48822377226053,1.05999808369004,0.5029424731040585,44.6454963684082,44.015899658203125,0.01430384736184176,1.7,3.8,250.792
2018-05-14,44.3719367980957,44.69738719101418,44.30354687419681,44.57475313594708,83115200,41.246376037597656,40.93799217224121,42.042122825810935,41.092089854711105,0.020066440299713717,1.6210614156033485,90.44280108311276,1.1264728247774158,0.62764854343873,44.47570037841797,44.6454963684082,-0.0038032053354072337,1.7,3.8,250.792
2018-05-15,43.968658447265625,44.117234231162634,43.652643426187645,44.048840718550096,94780800,41.35114078521728,40.98656982421875,42.225602408806616,41.20489646618383,0.005960379747398825,1.1306559272410586,85.54304714451109,1.1335465247109653,0.7288281396931772,44.3719367980957,44.47570037841797,-0.0023330398271280695,1.7,3.8,250.792
2018-05-16,44.37900924682617,44.44504573353636,43.864895531861826,43.881405553170005,76732400,41.48112163543701,41.044059371948244,42.43068877433229,41.32937147718941,0.008249509641804487,0.9076815120122601,86.03975366251348,1.15890522491204,0.81484355673695,43.968658447265625,44.3719367980957,-0.009088590220100223,1.7,3.8,250.792
2018-05-17,44.09835433959961,44.55115265554291,43.94977859896218,44.33654405207132,69176000,41.65627098083496,41.1036417388916,42.58951406626251,41.437959040421184,-0.012255256931038572,0.4620497937306083,87.84910095807763,1.14317782962231,0.8805104113140221,44.37900924682617,43.968658447265625,0.009332802365410009,1.7,3.8,250.792
2018-05-18,43.93801498413086,44.29176423720285,43.8955668010535,44.145549030793944,73190800,41.90656795501709,41.15104286193848,42.717942725107115,41.536000449978424,-0.012089419384343714,0.3581973751916403,84.79071684230632,1.1050375248465585,0.9254158340205293,44.09835433959961,44.37900924682617,-0.00632404625496763,1.7,3.8,250.792
2018-05-21,44.249305725097656,44.63607134090016,44.079505835377276,44.33656270229301,73603200,42.178067207336426,41.19038642883301,42.86378682034431,41.64240457841447,-0.002763707916470959,0.2876312502091164,83.46117963256347,1.0873948092749046,0.9578116290714044,43.93801498413086,44.09835433959961,-0.0036359487302856097,1.7,3.8,250.792
2018-05-22,44.138458251953125,44.54409086890035,44.0488406556325,44.426174494172024,60962800,42.471040916442874,41.219337463378906,42.98518409954515,41.7402890362003,0.003861837287829628,0.23588975325518094,75.97784321095936,1.0523376717610873,0.976716837609341,44.249305725097656,43.93801498413086,0.007084770240058047,1.7,3.8,250.792
2018-05-23,44.42145538330078,44.45447182320738,43.808288815295995,43.94743286781569,80233600,42.76982517242432,41.26217071533203,43.12197184085521,41.84543281451797,0.0009564462387732231,0.23014946935128702,76.91582174015562,1.0354540711183304,0.988464284311139,44.138458251953125,44.249305725097656,-0.002505066945754586,1.7,3.8,250.792
2018-05-24,44.3719367980957,44.53466199455494,43.91442422063814,44.518155570933565,92936000,43.05943756103515,41.311202392578124,43.241016122497165,41.94451140210925,0.0062039153749196,0.19375943707294202,65.83937557601809,1.0064759319531618,0.9920666138395436,44.42145538330078,44.138458251953125,0.006411577172275473,1.7,3.8,250.792
2018-05-25,44.47334671020508,44.72568591712509,44.254020350486186,44.39080379663419,69844000,43.37643871307373,41.36127578735351,43.358380940374104,42.04368141419143,0.012183794062329945,0.19344421520711394,63.797369336586186,0.9803921300751739,0.9897317170866697,44.3719367980957,44.42145538330078,-0.001114744773168641,1.7,3.8,250.792
2018-05-29,44.3129768371582,44.51343613465707,44.07006936758996,44.24222988370924,90056400,43.65088710784912,41.41110168457031,43.44929483530593,42.132673391562676,0.001438917764181591,0.18987720971633723,58.68524438581999,0.9359905047701673,0.9789834746233694,44.47334671020508,44.3719367980957,0.002285451558511342,1.7,3.8,250.792
2018-05-30,44.2186279296875,44.336544270833336,44.04882811055581,44.27051140767336,74762000,43.875511932373044,41.47182067871094,43.522564653818456,42.21447553031267,0.0018163225656127047,0.1658265873876891,53.10118412668031,0.8830099395646371,0.9597887676116229,44.3129768371582,44.47334671020508,-0.0036059771730665435,1.7,3.8,250.792
2018-05-31,44.070072174072266,44.39080491138191,43.897915245512195,44.15261508971598,109931200,44.00496349334717,41.52985038757324,43.57470822717596,42.287244026146375,-0.007910213796385679,0.16994872080546627,39.678568887088566,0.8195875568096369,0.9317485254512258,44.2186279296875,44.3129768371582,-0.002129148484368737,1.7,3.8,250.792
2018-06-01,44.86482238769531,44.86953645162613,44.277597561320896,44.33419871518947,93770000,44.17039413452149,41.6224284362793,43.69757624246352,42.38832553052084,0.011108047679829092,0.2556053461281617,55.701462171346805,0.8239565040933527,0.9101901211796513,44.070072174072266,44.2186279296875,-0.0033595740657411666,1.82,4.0,251.018
2018-06-04,45.23979187011719,45.614765037577044,45.12659317019987,45.19498307680026,105064800,44.27305355072021,41.73387626647949,43.84445392128768,42.50014773991678,0.017233808935189332,0.35829142352372934,61.779724642858994,0.8479017462428118,0.8977324461922833,44.86482238769531,44.070072174072266,0.018033785161137628,1.82,4.0,251.018
2018-06-05,45.58883285522461,45.73740865401023,45.36479244017438,45.532235292656786,86264000,44.37754192352295,41.87067611694336,44.01058524832929,42.62127264639944,0.028791927537500817,0.5022037555885253,72.31986983899091,0.8848432909412054,0.8951546151420678,45.23979187011719,44.86482238769531,0.008357761436824873,1.82,4.0,251.018
2018-06-06,45.74683380126953,45.77041851462867,45.2610189336562,45.66429450155658,83734400,44.47947654724121,41.97384651184082,44.17594225337122,42.74384367208062,0.03456022819188442,0.5971968326774804,70.25150092907934,0.9163064764613083,0.899384987405916,45.58883285522461,45.23979187011719,0.0077153534682368186,1.82,4.0,251.018
2018-06-07,45.624202728271484,45.79871665000415,45.360067616734455,45.784567261595775,85388800,44.55989170074463,42.095378952026365,44.31387182240934,42.85679892918615,0.035264987723654384,0.6469967487450442,73.70013983362169,0.9207323456015857,0.9036544590450499,45.74683380126953,45.58883285522461,0.0034657817748193764,1.82,4.0,251.018
2018-06-08,45.209144592285156,45.27989514815871,44.753989040222194,45.08415350293508,106627200,44.588074111938475,42.21734939575195,44.39913589573084,42.94904777871944,0.007674658814302626,0.6320931404203001,68.29600947912057,0.8805971798567143,0.8990430032073827,45.624202728271484,45.74683380126953,-0.00268064613019503,1.82,4.0,251.018
2018-06-11,45.098297119140625,45.27281465481039,44.85775029790672,45.12659949697931,73234000,44.61920394897461,42.33099472045898,44.46572267891273,43.03333206657909,-0.003127661404428883,0.6119667776164851,62.9682503426222,0.8302744204626649,0.8852892866584392,45.209144592285156,45.624202728271484,-0.009097323595073648,1.82,4.0,251.018
2018-06-12,45.34591293334961,45.423738159030144,45.0794208210364,45.13602196658267,67644400,44.6679027557373,42.45476089477539,44.54955032219243,43.1240215123348,-0.0053284961834060285,0.5693019794195403,67.70402073514919,0.8011387688462364,0.8684591830959988,45.098297119140625,45.209144592285156,-0.002451881674475409,1.82,4.0,251.018
2018-06-13,44.973304748535156,45.48742201526099,44.91198952894419,45.37893736680692,86553600,44.718135070800784,42.56304016113281,44.58990788660602,43.19654242355834,-0.016908909064498157,0.4828430927358133,57.884181061920664,0.7394581749866802,0.8426589814741351,45.34591293334961,45.098297119140625,0.005490580133321599,1.82,4.0,251.018
2018-06-14,44.99689483642578,45.17848708337205,44.86011139313714,45.17376942021792,86440400,44.749029350280765,42.65666198730469,44.628668548493614,43.26714447896491,-0.013749454331987376,0.30205115308328373,58.99531645500118,0.6845878799713319,0.8110447611735745,44.973304748535156,45.34591293334961,-0.008217018044429314,1.82,4.0,251.018
2018-06-15,44.53466033935547,44.84596132945059,44.39787689811876,44.81530191719264,246876800,44.77084465026856,42.735447845458985,44.61971538571855,43.31685098329395,-0.014919199622387636,0.3630088803294093,50.79947434549348,0.5969233541392072,0.7682204797667012,44.99689483642578,44.973304748535156,0.0005245353443008582,1.82,4.0,251.018
2018-06-18,44.511077880859375,44.62427660179374,44.147893403349705,44.308261556652305,73939600,44.79949779510498,42.83452964782715,44.60936895668434,43.36368341064946,-0.013020873864259985,0.4292195416167605,52.67860919261578,0.5195565539731675,0.7184876946079944,44.53466033935547,44.99689483642578,-0.01027258655848684,1.82,4.0,251.018
2018-06-19,43.79178237915039,43.942715189887565,43.263515742309266,43.66207365151953,134314000,44.776621627807614,42.911378936767576,44.53150356834777,43.38047160549263,-0.03427278124234734,0.5805867330048098,45.06283583261781,0.3956409690460845,0.6539183494956124,44.511077880859375,44.53466033935547,-0.000529530444745574,1.82,4.0,251.018
2018-06-20,43.98280715942383,44.147889362033595,43.80121493729202,43.947433686908205,82514800,44.768839073181155,42.977013473510745,44.47924676749788,43.40409260760758,-0.022024122857984718,0.590690568789678,49.0004579122696,0.3092858240789127,0.5849918444122725,43.79178237915039,44.511077880859375,-0.016159920989428422,1.82,4.0,251.018
2018-06-21,43.73755645751953,44.41911316457801,43.61492238331721,44.15969562271218,102847600,44.73464412689209,43.04154876708984,44.40860959511899,43.41716962132961,-0.027987228529529395,0.6017992666898135,35.22877685758729,0.2185398758863002,0.5117014507070781,43.98280715942383,43.79178237915039,0.0043621147597863175,1.82,4.0,251.018
2018-06-22,43.610198974609375,43.90027229792236,43.558315473070756,43.89319760212371,108801600,44.696557235717776,43.09554939270019,44.33257048840379,43.42473939988961,-0.020758244425839734,0.6386156455661962,27.164660678279944,0.1347925688264766,0.43631967433095775,43.73755645751953,43.98280715942383,-0.005576058413355511,1.82,4.0,251.018
2018-06-25,42.96165084838867,43.610190899003925,42.62205111884842,43.251724117986754,126652400,44.62097244262695,43.133807067871096,44.20200671316425,43.40657906453663,-0.03480991937822708,0.7486350095311433,16.036414565826334,0.015906451302434732,0.3522370297252531,43.610198974609375,43.73755645751953,-0.0029118563821427523,1.82,4.0,251.018
2018-06-26,43.49463653564453,43.989886797653796,43.04891273924521,43.15504036576329,98276800,44.58005542755127,43.17760292053222,44.13463812482904,43.41003229869772,-0.0067854247386681665,0.6708920409295649,23.457533852433954,-0.03490183610826847,0.2748092565585488,42.96165084838867,43.610198974609375,-0.014871478265859328,1.82,4.0,251.018
2018-06-27,43.43095779418945,44.1667547835361,43.40029838679268,43.6832969520397,101141200,44.54067192077637,43.208754806518556,44.06762095048241,43.41085290636406,-0.012546933696935159,0.6121796537342244,23.788074687752456,-0.07939094281552883,0.20396921668373327,43.49463653564453,42.96165084838867,0.012406080230407346,1.82,4.0,251.018
2018-06-28,43.746986389160156,43.91442926812382,43.346071330635276,43.41682189355687,69460800,44.52451763153076,43.248106689453124,44.03708432559458,43.424034611571756,0.00021560261716468965,0.4772534816171914,32.10178507722509,-0.08813208217182478,0.14554895691262168,43.43095779418945,43.49463653564453,-0.0014640596295796282,1.82,4.0,251.018
2018-06-29,43.65501022338867,44.14554288450888,43.136178777490194,43.93329120310292,90950800,44.46402702331543,43.309299545288084,44.00069631586068,43.43309247870184,0.0010275405715389763,0.3970833932469028,32.2507855461387,-0.10131332899773327,0.09617649973055067,43.746986389160156,43.43095779418945,0.007276574384297518,1.82,4.0,251.018
2018-07-02,44.143165588378906,44.171467960995365,43.25643588103166,43.350771125550494,70925200,44.40919570922851,43.4135213470459,44.01426481800527,43.4609384830029,0.027501614036196775,0.32290331015724827,36.03507917174178,-0.07154478011285192,0.06263224376187015,43.65501022338867,43.746986389160156,-0.0021024571830683403,1.91,3.8,251.214
2018-07-03,43.374359130859375,44.32476482948047,43.28474153395483,44.287030725676225,55819200,44.298472023010255,43.50462211608887,43.953321419229475,43.45754321429139,-0.0027653387719790423,0.33022237272307303,32.99903629000856,-0.10873580788138071,0.02835863343321997,44.143165588378906,43.65501022338867,0.01118211546606629,1.91,3.8,251.214
2018-07-05,43.72339630126953,43.96158971391458,43.45926473721124,43.690379855762245,66416800,44.19730014801026,43.613510360717775,43.931423788947576,43.46796882554544,0.00673341141740158,0.30740892012773374,37.33583703197907,-0.10879150199345844,0.0009286063478842813,43.374359130859375,44.143165588378906,-0.017416205821947806,1.91,3.8,251.214
2018-07-06,44.32948303222656,44.43796408383284,43.676225296429266,43.72810879016174,69940800,44.13256416320801,43.73118461608887,43.96933419306938,43.50175369639569,0.01331512616399877,0.3863131851355763,48.0163893314451,-0.059246548734328996,-0.011106424668558379,43.72339630126953,43.374359130859375,0.00804708536112586,1.91,3.8,251.214
2018-07-09,44.94501876831055,44.968599890934726,44.64315304994461,44.69031889371619,79026400,44.119357872009275,43.8584912109375,44.06225653356854,43.55835232666686,0.02955006855618003,0.5625839532715384,53.76438594064477,0.029348462523643093,-0.0030154472301180827,44.32948303222656,43.72339630126953,0.013861840164036687,1.91,3.8,251.214
2018-07-10,44.890769958496094,45.11009271096756,44.8506752202268,44.97566990105466,63756400,44.10898151397705,43.99364013671875,44.14116257403783,43.6106039985033,0.0169359029909264,0.581059485824991,60.77709170813385,0.09409851258359225,0.01640734473262399,44.94501876831055,44.32948303222656,0.013885470661512134,1.91,3.8,251.214
2018-07-11,44.30825424194336,44.756334987289726,44.24457839757625,44.45446938228382,75326000,44.05709857940674,44.103325042724606,44.15707606621931,43.63796283157938,0.021531041144987162,0.5632664516002318,52.96388475472233,0.09728777085332752,0.0325834299567647,44.890769958496094,44.94501876831055,-0.0012070038304823338,1.91,3.8,251.214
2018-07-12,45.0511360168457,45.14075362545193,44.64550334429064,44.69738684416554,72164400,44.06099014282226,44.209825134277345,44.242224632945636,43.69338138786433,0.0303668019388883,0.5959702109886829,60.96872159049282,0.15793900913830328,0.05765454579307243,44.30825424194336,44.890769958496094,-0.012976291498036252,1.91,3.8,251.214
2018-07-13,45.12187576293945,45.242149157373184,45.02046581983031,45.062917581615146,50055600,44.06723918914795,44.282641830444334,44.326000931040284,43.74940077512218,0.017875072671992065,0.6329951067827425,62.74337791469835,0.20930096749284388,0.08798383013302674,45.0511360168457,44.30825424194336,0.016766216309175075,1.91,3.8,251.214
2018-07-16,45.02284240722656,45.43318919162573,44.90728303540629,45.16670056458525,60172400,44.09164829254151,44.35197448730469,44.39236678591517,43.79933966265569,0.0017315297901463467,0.6125662571150352,69.14996849267393,0.23925652509274187,0.11823836912496978,45.12187576293945,45.0511360168457,0.0015702100401486785,1.91,3.8,251.214
2018-07-17,45.150177001953125,45.249226320159714,44.619553341082245,44.749262066777305,62138000,44.12360324859619,44.391245956420896,44.4645391874426,43.852313675961476,0.005778627626500166,0.6315056482032917,66.63505677514712,0.2701571544145267,0.14862212618288118,45.02284240722656,45.12187576293945,-0.0021947969590889738,1.91,3.8,251.214
2018-07-18,44.90255355834961,45.232721563034644,44.79171187945447,45.22800390051171,65573600,44.17914180755615,44.41931571960449,44.50625484181469,43.89349955370219,0.013412835296130243,0.46788795265892225,64.25963875729671,0.2715348980753092,0.1732046805613668,45.150177001953125,45.02284240722656,0.0028282220294941762,1.91,3.8,251.214
2018-07-19,45.251590728759766,45.40959824469999,44.735116413293575,44.735116413293575,81147200,44.24258098602295,44.450184707641604,44.57723921199993,43.946758031155426,0.004449492945951539,0.32507566212252476,64.48681681048572,0.2973633330778682,0.1980364110646671,44.90255355834961,45.150177001953125,-0.005484440151647729,1.91,3.8,251.214
2018-07-20,45.14781951904297,45.38129162443984,44.84831093697936,45.228001785572765,82704800,44.31309413909912,44.4728231048584,44.63158019362308,43.993858481660816,0.0005749706913742436,0.2633817099131903,64.34067790523223,0.3059324852753704,0.21961562590680783,45.251590728759766,44.90255355834961,0.007773214277370544,1.91,3.8,251.214
2018-07-23,45.18791580200195,45.27045870835064,44.70445791879335,44.96858946147332,63957600,44.39197998046875,44.483671493530274,44.68456453727821,44.0406842589291,0.003666436545305629,0.2709697634417155,60.98176916050564,0.31235836230119673,0.2381641731856856,45.14781951904297,45.251590728759766,-0.0022932057867049993,1.91,3.8,251.214
2018-07-24,45.51572799682617,45.671378500253525,45.29168756835982,45.38601924397004,74791600,44.519683837890625,44.50447204589844,44.76372296199707,44.09852911139565,0.008096335809652189,0.31117016469456044,74.80874601913291,0.33998350243786746,0.258528039036122,45.18791580200195,45.14781951904297,0.0008881111731668945,1.91,3.8,251.214
2018-07-25,45.9449462890625,45.95202098494442,45.38130246130209,45.52987827186808,66839600,44.64219932556152,44.53593223571777,44.87622042171759,44.170937628166904,0.023214553474299127,0.2985090200610185,75.26823028754703,0.39199231072974783,0.2852208933748472,45.51572799682617,45.18791580200195,0.007254421652474141,1.91,3.8,251.214
2018-07-26,45.801082611083984,46.21378994746489,45.65958151348729,45.89541427713352,76304000,44.76070556640625,44.57258071899414,44.96430253499058,44.234864882398945,0.012143040133503868,0.33999705086718324,68.7049735308122,0.41679649891764114,0.311536014483406,45.9449462890625,45.51572799682617,0.00943010935178834,1.91,3.8,251.214
2018-07-27,45.039344787597656,46.03220240716992,44.83181438141604,45.98503656933422,96096000,44.825323486328124,44.58578742980957,44.971449416191255,44.26641311397537,-0.002402657151572063,0.34587759107360816,51.155980458614806,0.37071475161957324,0.3233717619106395,45.801082611083984,45.9449462890625,-0.0031312187650279766,1.91,3.8,251.214
2018-07-30,44.786991119384766,45.32704644554842,44.5888925053046,45.25629591237076,84118000,44.88192253112793,44.59956016540527,44.95388195935254,44.28682793771691,-0.008872387130530734,0.37353906136052845,48.787068964748535,0.3102553720657113,0.3207484839416539,45.039344787597656,45.801082611083984,-0.01663143707659842,1.91,3.8,251.214
2018-07-31,44.87661361694336,45.31290565554583,44.65257321814302,44.87897424756083,157492000,44.918594932556154,44.618332138061525,44.94652306959929,44.309956787882655,-0.014041616118441014,0.39302736772251123,57.50780046923753,0.26650061157018,0.30989890946735915,44.786991119384766,45.039344787597656,-0.005602960464966222,1.91,3.8,251.214
2018-08-01,47.52029800415039,47.58161322223618,46.532158229193854,46.96137555136066,271742800,45.125891876220706,44.68375198364258,45.19164449193749,44.43585252185394,0.03428781274825243,0.8001587647692521,71.7129186089262,0.4400749741321306,0.33593412240031345,44.87661361694336,44.786991119384766,0.0020010832457955097,1.91,3.8,251.663
2018-08-02,48.909358978271484,49.142834720583664,47.24909782850807,47.30333835907744,249616000,45.3851900100708,44.779169998168946,45.54571253825501,44.6112841475958,0.06786469205501455,1.3305582552958741,77.03703784389054,0.6818594672472216,0.40511919136969515,47.52029800415039,44.87661361694336,0.05891006861107928,1.91,3.8,251.663
2018-08-03,49.050872802734375,49.227747429545516,48.45893008195138,48.824471697065775,133789600,45.62125949859619,44.87175834655762,45.87953732534828,44.78538566348359,0.08906719300768695,1.6324145952884523,78.5808479378625,0.874810136257544,0.499057380347265,48.909358978271484,47.52029800415039,0.029230897794449318,1.91,3.8,251.663
2018-08-06,49.30556106567383,49.348009238803435,48.83389550544632,49.05321826366124,101701600,45.83928661346435,44.97043083190918,46.205825300617384,44.962647443961636,0.10089023248389939,1.8374581622391377,78.96107873743182,1.0363299789786709,0.6065119000735463,49.050872802734375,48.909358978271484,0.0028933894743081723,1.91,3.8,251.663
2018-08-07,48.843318939208984,49.40695904402814,48.76077604077673,49.364510878106664,102349600,46.0369140625,45.057830276489256,46.457015170959444,45.114830639853686,0.08839136919118995,1.9042686312534658,76.66750649490115,1.114192820264634,0.7080480841117639,49.30556106567383,49.050872802734375,0.005192328869737306,1.91,3.8,251.663
2018-08-08,48.876338958740234,49.00840472708714,48.23251653878795,48.59334036963655,90102000,46.26531829833984,45.1490975189209,46.6874269602719,45.2623407700061,0.028536036421139555,1.9476024323162024,75.6249790999438,1.1651331923998427,0.7994651057693798,48.843318939208984,49.30556106567383,-0.009375050531301055,1.91,3.8,251.663
2018-08-09,49.2607421875,49.472990206787024,48.86454132670314,49.41403202381597,93970400,46.47579860687256,45.24993980407715,46.93250460096029,45.4191408255941,0.007184375681239752,1.958810907787379,77.96644373291943,1.222430514259834,0.8840581874674708,48.876338958740234,48.843318939208984,0.0006760396354790199,1.91,3.8,251.663
2018-08-10,49.114017486572266,49.485575177649636,48.91048987483557,49.07378574614256,98444800,46.6754056930542,45.35081871032715,47.140267732923334,45.56403794955403,0.0012873304842471178,1.77090361050414,76.31454606817414,1.241686211776873,0.9555837923293513,49.2607421875,48.876338958740234,0.007864812237354135,1.91,3.8,251.663
2018-08-13,49.43113327026367,49.92338610751572,49.154241726398546,49.535264164259196,103563600,46.895820236206056,45.44214492797852,47.35844540314623,45.7156887464446,0.0025468162591757437,1.3859380836890351,76.2805360164197,1.2679192998493534,1.0180508938333517,49.114017486572266,49.2607421875,-0.0029785320807643734,1.91,3.8,251.663
2018-08-14,49.63941955566406,49.83111351823903,49.28679496536411,49.73645099214943,82992000,47.120282363891604,45.53013748168945,47.57568103671935,45.86956054288458,0.016299068813196538,0.5782166689770488,75.55555555555554,1.2906384964640125,1.0725684143594838,49.43113327026367,49.114017486572266,0.0064567266112594,1.91,3.8,251.663
2018-08-15,49.755367279052734,49.8736972019481,49.30334610691821,49.51397322522625,115230400,47.362923049926756,45.613468170166016,47.783270202655864,46.02194512077353,0.01798474147285356,0.3183979358127293,77.45877972516638,1.3029796968573422,1.1186506708590556,49.63941955566406,49.43113327026367,0.0042136659959137734,1.91,3.8,251.663
2018-08-16,50.48427963256836,50.60024064494456,50.04645747690956,50.11272194430814,114001600,47.62455749511719,45.70821708679199,48.04050919598086,46.19693863104,0.024837982351366916,0.49110210670891563,87.98309895435557,1.355946811441882,1.166109898975621,49.755367279052734,49.63941955566406,0.0023357993390444864,1.91,3.8,251.663
2018-08-17,51.4924430847168,51.5800060608776,50.446407133647675,50.51267159308972,141708000,47.94178867340088,45.8255818939209,48.3692648044319,46.40460547236066,0.04842661463796549,0.8129244395801615,92.31431036441754,1.462416173051949,1.2253711537908867,50.48427963256836,49.755367279052734,0.01464992408612975,1.91,3.8,251.663
2018-08-20,50.9907341003418,51.87110544133441,50.90790170638591,51.615515974972475,121150800,48.23192958831787,45.94121368408203,48.61892854689951,46.58445365385012,0.03155098268840084,0.9093826411494395,86.67531007819343,1.4891442590578308,1.2781257748442756,51.4924430847168,50.48427963256836,0.019969849218132607,1.91,3.8,251.663
2018-08-21,50.89133834838867,51.4001592504967,50.65231317269027,51.30786204293562,104639200,48.500710105896,46.05707450866699,48.835348527993716,46.75335109285163,0.025220254465722514,0.9033944192955145,79.10493477476149,1.4851857563817532,1.3195377711517713,50.9907341003418,51.4924430847168,-0.009743351729293082,1.91,3.8,251.663
2018-08-22,50.89370346069336,51.203727298569135,50.60734344206001,50.66887731660461,76072400,48.74814796447754,46.16803031921387,49.03138233110797,46.91571785237483,0.0228786610147258,0.8498435430098508,72.52639419371043,1.4653478415187422,1.3486997852251656,50.89133834838867,50.9907341003418,-0.0019492904682942847,1.91,3.8,251.663
2018-08-23,50.997833251953125,51.36702204650788,50.78720612628316,50.799036230072055,75532800,49.007985496520995,46.288520889282225,49.21866337118846,47.07580080922104,0.010172545258097854,0.8143816485813207,72.29120989509177,1.4414128449428816,1.3672423971687089,50.89370346069336,50.89133834838867,4.6473769042876256e-05,1.91,3.8,251.663
2018-08-24,51.15639114379883,51.33151711174363,50.90789759315165,51.26052204968089,73905600,49.31383781433105,46.411710815429686,49.403208873341825,47.235823959596644,-0.006526238041669297,0.7146655661442639,71.66754494868749,1.4188824903375945,1.3775704158024862,50.997833251953125,50.89370346069336,0.002046025032157228,1.91,3.8,251.663
2018-08-27,51.57765197753906,51.766980593315445,51.19662944732842,51.39068866042055,82100400,49.65337085723877,46.55257064819336,49.610298692789186,47.40609172500615,0.011510284908671897,0.6532226819407698,82.32078328600274,1.4186657549157147,1.385789483625132,51.15639114379883,50.997833251953125,0.003109110362833567,1.91,3.8,251.663
2018-08-28,51.99416732788086,52.192960731402756,51.809572937304424,51.83087145672263,91107200,50.00924854278564,46.70223243713379,49.83733380089315,47.58601625845222,0.021670268758555933,0.6166047231991927,83.7903651238054,1.4355551126048738,1.3957426094210805,51.57765197753906,51.15639114379883,0.008234764500022695,1.91,3.8,251.663
2018-08-29,52.77040481567383,52.89110363309091,51.92553114946539,52.100657102357275,109019200,50.27175388336182,46.881804885864256,50.116673897538924,47.78932561363738,0.03687492218816213,0.6630686808412306,85.0593126364686,1.4943499917282423,1.415464085882513,51.99416732788086,51.57765197753906,0.008075500422608961,1.91,3.8,251.663
2018-08-30,53.25556182861328,54.019972076612355,52.63314531345547,52.83430761557534,195175200,50.4890640258789,47.06725997924805,50.415615605260285,48.00368781814624,0.04427106864532693,0.8306478040227125,88.75126442623781,1.5620867101166027,1.444788610729331,52.77040481567383,51.99416732788086,0.014929318569483652,1.91,3.8,251.663
2018-08-31,53.870872497558594,54.16432834424551,53.485115860345516,53.6058110607272,173360400,50.73006401062012,47.26992630004883,50.74468769024108,48.23377349184868,0.053062409076696904,1.0944181569646034,89.34579578269957,1.6464398424436766,1.4851188570722003,53.25556182861328,52.77040481567383,0.00919373301444426,1.91,3.8,251.663
2018-09-04,54.04364776611328,54.23770698067207,53.634227204341904,54.05548148177805,109560400,50.96696834564209,47.47859527587891,51.05887436413368,48.46161169868259,0.04781132319959247,1.2464777747696678,89.27831235617755,1.7075482741807164,1.5296047404939037,53.870872497558594,53.25556182861328,0.011553923155021906,1.95,3.7,252.182
2018-09-05,53.691017150878906,54.353665430113836,53.272131830936814,54.19273847104645,133332000,51.20935325622558,47.69318260192871,51.309554629537985,48.666686422298135,0.032635387971453156,1.2479833727589111,83.67763698645788,1.7078359334525146,1.5652509790856262,54.04364776611328,53.870872497558594,0.003207211254328879,1.95,3.7,252.182
2018-09-06,52.7988166809082,53.80462109487018,52.37282820688396,53.539559593731255,137160000,51.405477142333986,47.87926620483398,51.451389110620866,48.82873074616519,0.0005384052923909088,1.1278598182286437,69.2672291152232,1.617426102702531,1.5756860038090073,53.691017150878906,54.04364776611328,-0.006524922535955935,1.95,3.7,252.182
2018-09-07,52.37283706665039,53.336040990581004,52.23320859106,52.50300073505819,150479200,51.561081886291504,48.058103790283205,51.539146058814154,48.96771530775284,-0.016575259590794866,0.9832604914445146,58.115389808766686,1.4941787036533043,1.5593845437778668,52.7988166809082,53.691017150878906,-0.016617313608783046,1.95,3.7,252.182
2018-09-10,51.66994857788086,52.502992310884245,51.22976108607632,52.28999626644421,158066000,51.68887844085693,48.216563034057614,51.551603441582415,49.073685239914724,-0.040855546191079006,0.9005267983054859,56.03702804567271,1.3245187969903611,1.5124113944203659,52.37283706665039,52.7988166809082,-0.008067976538796984,1.95,3.7,252.182
2018-09-11,52.97630310058594,53.08279929926548,51.251050959636466,51.59420698255603,142996000,51.866136932373045,48.40298889160156,51.68728912339227,49.22672907758811,-0.019749678447808172,0.7907306857014677,65.25800599978896,1.280710754584291,1.466071266453151,51.66994857788086,52.37283706665039,-0.013420859516833583,1.95,3.7,252.182
2018-09-12,52.31839370727539,53.248465165484035,52.02729949768136,53.23426615255607,197114800,52.00008563995361,48.56649345397949,51.747394321857335,49.347970827771924,-0.02556523449250847,0.7531970430063931,59.51327366002516,1.1793104192774493,1.4087190970180108,52.97630310058594,51.66994857788086,0.02528267510729254,1.95,3.7,252.182
2018-09-13,53.582157135009766,54.041277818620834,52.67338418396215,52.89821031768042,166825600,52.19142513275146,48.7706494140625,51.92213363739566,49.51401734962438,0.01483632595093387,0.7719922371651452,64.94253608781327,1.1872393141209585,1.3644231404386005,52.31839370727539,52.97630310058594,-0.012418937426822207,1.95,3.7,252.182
2018-09-14,52.973941802978516,53.68392137771475,52.66155266788886,53.42596299890154,127997200,52.31590824127197,48.95566032409668,52.022305843641654,49.64970066152062,0.011477414056510815,0.7691140078249386,59.98961747350695,1.1314030164816629,1.317819115647213,53.582157135009766,52.31839370727539,0.024155241363204016,1.95,3.7,252.182
2018-09-17,51.563453674316406,52.76331733842613,51.41909100904988,52.57398872003908,148780400,52.31945877075195,49.10033973693848,51.97860563703925,49.72474979927731,-0.0020610607615360044,0.8322758543206473,49.92961677639541,0.9622455762558175,1.246704407768934,52.973941802978516,53.582157135009766,-0.0113510796233669,1.95,3.7,252.182
2018-09-18,51.64863967895508,52.502981761395574,51.38357822876502,51.54213987256272,126286800,52.35235404968262,49.23441215515137,51.947180307697906,49.80019646122546,-0.025061458499850975,0.7771007223559252,48.22898906633715,0.8255445214488333,1.162472430504914,51.563453674316406,52.973941802978516,-0.026626074644549136,1.95,3.7,252.182
2018-09-19,51.67941665649414,51.97524150544351,50.95287270526893,51.710183596350696,108495200,52.39175796508789,49.37018508911133,51.92167900758327,49.87389137084384,-0.012213239082919158,0.709047591113791,43.94543703970918,0.7114897841650105,1.0722759012369332,51.64863967895508,51.563453674316406,0.0016520616554647205,1.95,3.7,252.182
2018-09-20,52.072265625,52.60475027848478,51.8640038049603,52.12196578156135,106435200,52.450686073303224,49.52546531677246,51.936020590194396,49.96010212590879,-0.02817899821026848,0.6960077749779158,43.3651861890535,0.645360893077978,0.9868928996051421,51.67941665649414,51.64863967895508,0.0005958913483563588,1.95,3.7,252.182
2018-09-21,51.51137924194336,52.38701988693208,51.4238126496448,52.24975675278797,384986800,52.47636337280274,49.65467018127441,51.895578557027626,50.020936522616026,-0.027609094419945968,0.7361817202812742,36.688937601926874,0.541452894938864,0.8978048986718865,52.072265625,51.67941665649414,0.007601652532517322,1.95,3.7,252.182
2018-09-24,52.25212860107422,52.36335902352826,51.267626333584346,51.31259228450954,110773600,52.5311502456665,49.79727523803711,51.92953570407968,50.10843425118301,0.013355872768096688,0.712274816752808,40.50184285718909,0.5129642082940009,0.8208367605963093,51.51137924194336,52.072265625,-0.010771307457522195,1.95,3.7,252.182
2018-09-25,52.58345031738281,52.73254717183654,51.99416601700422,52.00599973120798,98217600,52.581440162658694,49.94848739624023,51.991813286299035,50.205493704759476,0.018099424190810565,0.6782651930231042,44.11467805479632,0.5112284886248446,0.7589151062020164,52.25212860107422,51.51137924194336,0.014380305284617645,1.95,3.7,252.182
2018-09-26,52.16456985473633,52.952647681500984,52.00837346864391,52.30183301725907,95938800,52.58996028900147,50.0887752532959,52.00826629281687,50.282320220444845,0.009387745250046597,0.6774923980747609,46.45126919675025,0.4706276629336301,0.7012576175483393,52.58345031738281,52.25212860107422,0.006340827162049534,1.95,3.7,252.182
2018-09-27,53.23663330078125,53.589257782363156,52.902942040808725,52.969210122012925,120724800,52.613271713256836,50.25545684814453,52.125253626908716,50.39817563536,0.022360611004838438,0.604193235828164,54.50723362040104,0.5189753517439897,0.6648011643874694,52.16456985473633,52.58345031738281,-0.007966013263074334,1.95,3.7,252.182
2018-09-28,53.42359924316406,53.44726306298628,53.01654398633508,53.19876948242372,91717600,52.621673583984375,50.41889701843262,52.24890559036161,50.51681969841114,0.03712228306369392,0.6824534659931374,59.671141349052576,0.565855008161634,0.6450119331423023,53.23663330078125,52.16456985473633,0.020551563044233223,1.95,3.7,252.182
2018-10-01,53.7833251953125,54.2945114233787,53.567967440306184,53.94662109687337,94403200,52.61729621887207,50.59160713195801,52.39504079083313,50.64491795319158,0.02930400416657486,0.7986415204899328,54.96948160063743,0.6248316809318908,0.6409758827002201,53.42359924316406,53.23663330078125,0.0035119790788886718,2.19,3.8,252.772
2018-10-02,54.2613639831543,54.43175934477716,53.6342168960301,53.780944830872215,99152800,52.62818202972412,50.773076095581054,52.57278585676848,50.78673936613129,0.03190953913529726,0.929291172293749,62.235466512924,0.70205203519874,0.6531911131999242,53.7833251953125,53.42359924316406,0.006733465308301323,2.19,3.8,252.772
2018-10-03,54.921653747558594,55.25297609687015,54.37970066265418,54.44359983400097,114619200,52.689713859558104,50.961194610595705,52.796487560653254,50.9488928712853,0.05285357284647363,1.0870882788253544,59.12906749833481,0.8072244075232646,0.6839977720645923,54.2613639831543,53.7833251953125,0.008888234152607977,2.19,3.8,252.772
2018-10-04,53.956077575683594,54.9879146101768,53.65788386972213,54.616356932476414,128168000,52.74757690429688,51.12141723632813,52.906924704941865,51.06682168322249,0.013514082884196643,1.0674532349118946,56.38264589468007,0.8033992563741279,0.7078780689264995,54.921653747558594,54.2613639831543,0.012168690868318066,2.19,3.8,252.772
2018-10-05,53.08043670654297,54.05547775401999,52.202430676368174,53.948981542667234,134322000,52.7829568862915,51.267004318237305,52.9234496574753,51.14578697825467,-0.006423426004286026,0.8908306836944797,60.595009474197994,0.7213951027346752,0.7105814756881347,53.956077575683594,54.921653747558594,-0.01758097409654058,2.19,3.8,252.772
2018-10-08,52.95737075805664,53.201130092168086,52.11249343818389,52.5881820039128,118655600,52.84732799530029,51.425364837646484,52.92668023848305,51.216829479423374,-0.01535707274060183,0.8177400217269274,59.09241251220446,0.6391085807420751,0.6962868966989229,53.08043670654297,53.956077575683594,-0.016228771780386952,2.19,3.8,252.772
2018-10-09,53.691017150878906,53.78568325427967,52.597649837383955,52.92660687302358,107564000,52.88306369781494,51.60344535827637,52.9994742301398,51.31385644693144,-0.010511103857478776,0.7624472630612947,62.73213193172495,0.6258802933577101,0.6822055760306803,52.95737075805664,53.08043670654297,-0.0023184803314015845,2.19,3.8,252.772
2018-10-10,51.2037239074707,53.56795704512589,51.13035993373505,53.35732992876048,167962400,52.82733020782471,51.72998756408691,52.8284503898856,51.30953752381533,-0.0676951545774086,0.9843555055984401,45.65474702326993,0.40996715654984683,0.6277578921345137,53.691017150878906,52.95737075805664,0.013853527513177255,2.19,3.8,252.772
2018-10-11,50.751705169677734,51.946838159353845,50.247622134232415,50.76827309287209,212497600,52.685807609558104,51.79461570739746,52.63066513081819,51.2876617452217,-0.05938853508228281,1.3057964651269756,46.157547795255475,0.2000739773288629,0.5422211091733836,51.2037239074707,53.691017150878906,-0.046326059281361354,2.19,3.8,252.772
2018-10-12,52.56452178955078,52.74675089335789,51.31732331289701,52.16456604729884,161351600,52.66533660888672,51.86771896362305,52.62436576498319,51.337734688136564,-0.009719492698306964,1.3178760541890617,51.42549684897865,0.17795986097945615,0.4693688595345981,50.751705169677734,51.2037239074707,-0.008827848900400337,2.19,3.8,252.772
2018-10-15,51.44038009643555,52.49824981109706,51.41908157869824,52.33968816048203,123164000,52.659182929992674,51.91550910949707,52.511605225121514,51.341759998265935,-0.0286455056190702,1.3924343963898682,45.13593930333237,0.0689308329246785,0.38928125421261417,52.56452178955078,50.751705169677734,0.03571932438156056,2.19,3.8,252.772
2018-10-16,52.573997497558594,52.77279456618393,51.29840072866891,51.81195229940178,116736000,52.70545082092285,51.98087783813477,52.517547346306,51.39008303745388,-0.02080459102090282,1.306400753785871,51.64232208419699,0.07315471094371162,0.32605594555883366,51.44038009643555,52.56452178955078,-0.02138593969552105,2.19,3.8,252.772
2018-10-17,52.34679412841797,52.68995019740248,51.90897195034415,52.6094867130337,91541600,52.738819694519044,52.05094734191894,52.501285135078575,51.42760111945247,0.02232396657346425,1.0519144812877013,46.17110137341749,0.05750585987681944,0.2723459284224308,52.573997497558594,51.44038009643555,0.02203750048109776,2.19,3.8,252.772
2018-10-18,51.12327194213867,52.003647047544305,50.40855804234303,51.558725285783076,130325200,52.69137001037598,52.09588600158691,52.37004578337001,51.415666641910754,0.0073212667676618715,0.9823770862998279,40.912536458086876,-0.05301288285459549,0.20727416616702554,52.34679412841797,52.573997497558594,-0.004321592040840594,2.19,3.8,252.772
2018-10-19,51.90186309814453,52.363349012038746,51.456941493394126,51.60603833139924,132314800,52.71089420318604,52.1487084197998,52.32545695620568,51.4347331696062,-0.012606576999963814,0.9308008335467839,42.805370670435224,-0.07688767018095888,0.15044179889742867,51.12327194213867,52.34679412841797,-0.023373392901153256,2.19,3.8,252.772
2018-10-22,52.218994140625,52.8603439191293,51.81430782182485,52.015466526416446,115168400,52.70923748016357,52.210807952880856,52.31531764043609,51.46548850180301,0.01513624204816888,0.8791598797339786,42.09275926879346,-0.06941857230225423,0.10646972465749209,51.90186309814453,51.12327194213867,0.01522968163866878,2.19,3.8,252.772
2018-10-23,52.71124267578125,52.834306797919794,50.810864538749705,51.078291300952,155071200,52.715627098083495,52.27641014099121,52.35302478665944,51.5143416066649,0.0026105144131189917,0.7047952563190212,41.32935019880757,-0.023507930734652405,0.08047419357906319,52.218994140625,51.90186309814453,0.006110205367402477,2.19,3.8,252.772
2018-10-24,50.903160095214844,53.066230717386226,50.77299647127529,52.68047766425556,163702000,52.652556610107425,52.30168495178223,52.21494243509329,51.49037370425509,-0.02757827021195569,0.742417518624838,38.76696946899177,-0.13150466606749944,0.03807842164975065,52.71124267578125,52.218994140625,0.009426618479678739,2.19,3.8,252.772
2018-10-25,52.017845153808594,52.39176821772767,51.29603175862123,51.52322684458672,119423200,52.59161720275879,52.34693450927735,52.196171265447134,51.51105885913954,0.017498355987120684,0.633610879597182,46.15784409359152,-0.1256981188072146,0.005323113558357591,50.903160095214844,52.71124267578125,-0.034301649681978574,2.19,3.8,252.772
2018-10-26,51.18951416015625,52.11012061429375,50.330437952442544,51.09484807587903,189033600,52.4799129486084,52.3610391998291,52.10029916018133,51.49844926310098,-0.013724920368296867,0.6418611554741988,43.91792273923343,-0.18579405855211206,-0.03290032086373636,52.017845153808594,50.903160095214844,0.021898150458806942,2.19,3.8,252.772
2018-10-29,50.22869110107422,51.99180637497226,48.77323076308927,51.873476442346316,183742000,52.302181243896484,52.33576416015625,51.9220507735997,51.44865482537444,-0.03811454188854968,0.8167844370498123,38.27165503086025,-0.30740731453482084,-0.08780171959795327,51.18951416015625,52.017845153808594,-0.015923977458179972,2.19,3.8,252.772
2018-10-30,50.479549407958984,50.92446749400943,49.52581045070183,49.970728536752276,146640000,52.11309051513672,52.325540466308595,51.78466969115773,51.41065069135815,-0.04233808869863054,0.8420481657467309,47.10886933425928,-0.37917364941895926,-0.1460761055621545,50.22869110107422,51.18951416015625,-0.018769919481476438,2.19,3.8,252.772
2018-10-31,51.795372009277344,52.17166028299006,51.26525267501024,51.326786543689,153435600,51.95677642822265,52.34362113952637,51.78568895955008,51.425737801864784,0.017527633105559826,0.7982285913963981,53.89780630057805,-0.3261138621213888,-0.18208365687400138,50.479549407958984,50.22869110107422,0.004994322993206568,2.19,3.8,252.772
2018-11-01,52.59054946899414,52.62368170185567,51.3102188792331,51.84033821616022,233292800,51.88850002288818,52.37755805969238,51.8623423414019,51.47141669077182,0.011009766234878704,0.8623569267703964,50.10520284582718,-0.21739344665873261,-0.18914561483094766,51.795372009277344,50.479549407958984,0.02606644902244115,2.2,3.8,252.594
2018-11-02,49.1021842956543,50.562375125777734,48.61703088459364,49.59207191479913,365314800,51.68958740234375,52.339645080566406,51.59947014656879,51.37850561645348,-0.040776512509404506,1.1584315170306676,42.06555254948156,-0.40801036066059027,-0.23291856399687622,52.59054946899414,51.795372009277344,0.01535228783711351,2.2,3.8,252.594
2018-11-05,47.70824432373047,48.370892431906185,46.89886830708888,48.34959391831759,264654800,51.42713108062744,52.270682144165036,51.22887721106037,51.23457380105258,-0.05017942379330376,1.5745562497520953,33.775178132040566,-0.6639018966199473,-0.3191152305214905,49.1021842956543,52.59054946899414,-0.06633064701855762,2.2,3.8,252.594
2018-11-06,48.224185943603516,48.44901211289893,47.731932947771526,47.78636371038881,127531600,51.15378952026367,52.20361282348633,50.94271613796924,51.11651937527027,-0.0446787558686067,1.6307287149317131,36.51289672263679,-0.8156631486025745,-0.4184248141377073,47.70824432373047,49.1021842956543,-0.02838855321650524,2.2,3.8,252.594
2018-11-07,49.68673324584961,49.71276597298876,48.30937483931791,48.7448280831522,133697600,51.07793998718262,52.1574641418457,50.82309871967213,51.06044933097927,-0.040710949291956955,1.636368351445389,45.37273459613845,-0.8085986677989254,-0.496459584869951,48.224185943603516,47.70824432373047,0.010814517012448732,2.2,3.8,252.594
2018-11-08,49.51337814331055,49.90047723917868,49.100151860589314,49.86722939737878,101450400,51.01602363586426,52.09232360839844,50.69836342668531,50.999779872639316,-0.05851186870557046,1.5330185870136583,41.99424981517628,-0.8076779156020422,-0.5587032510163693,49.68673324584961,48.224185943603516,0.030328086905530904,2.2,3.8,252.594
2018-11-09,48.55870056152344,48.924426938995126,48.03148202638986,48.81518554810822,137463200,50.81573257446289,51.99838638305664,50.49458601095561,50.9040512722034,-0.011068422758108487,1.5418012505894274,38.2342410214606,-0.8739088380336213,-0.6217443684198197,49.51337814331055,49.68673324584961,-0.0034889615640718574,2.2,3.8,252.594
2018-11-12,46.11258316040039,47.461503388574435,46.02233746371556,47.2596391587509,204542000,50.549342727661134,51.84322059631348,50.07725240614083,50.716150561936615,-0.03344623525658397,1.9154591188832257,31.15608129056406,-1.1109719592529856,-0.719589886586453,48.55870056152344,49.51337814331055,-0.019281204748823777,2.2,3.8,252.594
2018-11-13,45.651859283447266,46.82741236651,45.46662079150977,45.509370087049234,187531600,50.20323581695557,51.67538482666016,49.655786394455724,50.517550903956646,-0.05334100741823811,2.1947584334192447,33.753536145097314,-1.3207974266404605,-0.8398313945972545,46.11258316040039,48.55870056152344,-0.050374441095758726,2.2,3.8,252.594
2018-11-14,44.36231994628906,46.186207990732846,44.155704967567836,46.048465879499844,243204000,49.80401210784912,51.48881088256836,49.15164673272557,50.276169297773606,-0.10715965715063991,2.355878095477904,26.56885954322324,-1.5730080114422336,-0.9864667179662504,45.651859283447266,46.11258316040039,-0.009991283189460853,2.2,3.8,252.594
2018-11-15,45.457122802734375,45.59011416840596,44.38606035126789,44.739915225013526,185915200,49.520704650878905,51.341977005004885,48.79978731082164,50.08718708228187,-0.08192241153160318,1.8976975844554496,32.736560197192475,-1.6653481789472195,-1.1222430101624443,44.36231994628906,45.651859283447266,-0.028247246824090966,2.2,3.8,252.594
2018-11-16,45.96059036254883,46.30257022483374,44.99402580264635,45.24100924555052,147713200,49.22364101409912,51.21373207092285,48.529387601462325,49.9253597599394,-0.053504524810807585,1.8510022695234338,36.7822487603378,-1.6785534828596838,-1.2335051047018923,45.457122802734375,44.36231994628906,0.02467866553802467,2.2,3.8,252.594
2018-11-19,44.13907241821289,45.28850181754832,43.93246111209579,45.122262627353955,167701200,48.819644927978516,51.06311454772949,48.11126234591476,49.69844653085208,-0.04279766187295864,2.0582457537391914,32.10521986623148,-1.815076978830902,-1.3498194795276943,45.96059036254883,45.457122802734375,0.011075658307704517,2.2,3.8,252.594
2018-11-20,42.03020477294922,43.09651653057792,41.68110061533722,42.36030964576851,271300800,48.285593032836914,50.844192581176756,47.53211400563233,49.39773116779706,-0.07933202650108073,2.4630694300176925,23.620547588908067,-2.06958395189114,-1.4937723740003837,44.13907241821289,45.96059036254883,-0.03963217029997523,2.2,3.8,252.594
2018-11-21,41.982696533203125,42.81152243279849,41.9280758696672,42.683278202549936,124496800,47.839569854736325,50.63747863769531,47.00359805587717,49.1069454958522,-0.05364064404131763,2.437686621983829,20.137855433708964,-2.2491888307996604,-1.6448556653602393,42.03020477294922,44.13907241821289,-0.04777779707924945,2.2,3.8,252.594
2018-11-23,40.9163932800293,41.93995928124868,40.87127405903531,41.545732307356154,94496000,47.28449726104736,50.3841633605957,46.423864267701184,48.7857473697415,-0.09989038554881746,2.330352546433999,23.31760300892192,-2.4493343506444205,-1.8057514024170755,41.982696533203125,42.03020477294922,-0.001130335671756466,2.2,3.8,252.594
2018-11-26,41.46974182128906,41.54811251832869,40.434304272853666,41.37949974109404,179994000,46.798508644104004,50.154079360961916,45.9520430823286,48.49884519137082,-0.09771085414340441,2.0221600144776217,28.48602066117442,-2.5340891124662477,-1.9514189444269099,40.9163932800293,41.982696533203125,-0.025398636610454828,2.2,3.8,252.594
2018-11-27,41.37949752807617,41.505364622235895,40.58154566531735,40.73115914826122,165549600,46.3560489654541,49.95040023803711,45.51656255335218,48.219655086927894,-0.06252000187022622,1.9762741962657038,25.68152407676766,-2.578812882440886,-2.0768977320297055,41.46974182128906,40.9163932800293,0.013523883629543931,2.2,3.8,252.594
2018-11-28,42.970638275146484,43.05375604780833,41.54334772477524,41.97082246218877,184250000,45.98060340881348,49.77684020996094,45.274093574475444,48.01381129038745,0.02237518249738657,1.8011322492648691,26.354466502707055,-2.4575360855613653,-2.1530254027360374,41.37949752807617,41.46974182128906,-0.0021761479394251104,2.2,3.8,252.594
2018-11-29,42.64054870605469,43.41237705993519,42.20119880896381,43.37912921425623,167080000,45.52286224365234,49.59606285095215,45.02327977748299,47.803095110609696,0.0156696026500176,1.7449501956973639,26.06678347642307,-2.3608444743091113,-2.1945892170506522,42.970638275146484,41.37949752807617,0.03845239411113477,2.2,3.8,252.594
2018-11-30,42.41018295288086,42.82578279276526,42.042079512806076,42.81628133855752,158126000,45.01384391784668,49.402821197509766,44.774413413235166,47.59160835932621,0.03650834184303964,1.4960585936415094,27.451588254435194,-2.2765614831332215,-2.2109836702671664,42.64054870605469,42.970638275146484,-0.007681746940275569,2.2,3.8,252.594
2018-12-03,43.89208984375,43.92058695583574,43.034766692325256,43.80659488375015,163210000,44.75333919525146,49.2504354095459,44.69038259709372,47.44652920185263,0.05841242110693323,1.0567366797605386,41.23708081036479,-2.066369285269296,-2.1820607932675924,42.41018295288086,42.64054870605469,-0.005402504427461041,2.27,3.9,252.767
2018-12-04,41.96133041381836,43.31499758229476,41.86158689864037,42.97301774526017,165377200,44.46599349975586,49.044619445800784,44.43047286535321,47.23142336702776,0.014060897799626826,0.8609074620037745,36.949912050676076,-2.0321611157092647,-2.152080857755927,43.89208984375,42.41018295288086,0.034942242350512576,2.27,3.9,252.767
2018-12-06,41.493492126464844,41.50774068534604,40.47230312963953,40.790533023797565,172393600,44.129458808898924,48.82282028198242,44.15076041403051,47.00640645563313,-0.034375708808961236,0.8866139563229373,39.229639822231185,-2.019521745207996,-2.125569035246341,41.96133041381836,43.89208984375,-0.04398877877095597,2.27,3.9,252.767
2018-12-07,40.01395034790039,41.438863958560475,39.96882750376399,41.2013783567838,169126400,43.645819664001465,48.579807891845704,43.7567785029705,46.73219249062401,-0.06159860597153466,1.109099802290662,30.13861123739015,-2.104630736464756,-2.121381375490024,41.493492126464844,41.96133041381836,-0.011149272025928192,2.27,3.9,252.767
2018-12-10,40.277565002441406,40.39393064398245,38.78852906163199,39.18512963582418,248104000,43.184029006958006,48.32062652587891,43.42542483625344,46.479069844028615,-0.050285516400833785,1.1885479672587378,28.893985334590255,-2.126298084962194,-2.1223647173844578,40.01395034790039,41.493492126464844,-0.035657200749820483,2.27,3.9,252.767
2018-12-11,40.04719924926758,40.79765101673973,39.6600965485078,40.766780351835095,189126800,42.758453941345216,48.05309852600098,43.10368906606431,46.22683962462622,-0.0875987133027778,1.3173845751771731,32.76655401128353,-2.137419365833452,-2.125375647074257,40.277565002441406,40.01395034790039,0.006588068717260365,2.27,3.9,252.767
2018-12-12,40.158817291259766,40.828524813618266,40.13981800799348,40.46754567904434,142510800,42.46076564788818,47.780608367919925,42.823225087511496,45.98887796449421,-0.04295652937555583,1.4049180191782074,40.5242799234638,-2.1128705612764236,-2.12287462991469,40.04719924926758,40.277565002441406,-0.005719455810197727,2.27,3.9,252.767
2018-12-13,40.59815979003906,40.98288889960045,40.2656814225094,40.48891845088322,127594400,42.20808067321777,47.507344284057616,42.61131410679984,45.77747725177048,-0.021577656893687513,1.3442325482443116,43.257003317360855,-2.0345116055382135,-2.105202025039395,40.158817291259766,40.04719924926758,0.0027871622506592253,2.27,3.9,252.767
2018-12-14,39.299129486083984,40.15407938737413,39.25163307462207,40.13508009804058,162814800,41.95492115020752,47.194893798828126,42.295867952445946,45.523424398214146,-0.017864291218472883,1.4016752804951897,42.29816183096054,-2.0535602928903103,-2.094873678609578,40.59815979003906,40.158817291259766,0.010940125442262971,2.27,3.9,252.767
2018-12-17,38.93339538574219,39.9807079005193,38.64603617439149,39.29199738823974,177151600,41.62873477935791,46.894440155029294,41.97563246990273,45.26499188792113,-0.03337266333299305,1.4476537378477576,37.701479992393985,-2.0742574514653356,-2.0907504331807294,39.299129486083984,40.59815979003906,-0.031997270582540094,2.27,3.9,252.767
2018-12-18,39.43923568725586,39.785962637088474,39.0402579913097,39.275370041978476,135366000,41.30266704559326,46.62161613464355,41.73407087155541,45.03653086044405,-0.015181175548071302,0.9421777065990434,40.95633533755229,-2.026482979556185,-2.0778969424558205,38.93339538574219,39.299129486083984,-0.009306417346249485,2.27,3.9,252.767
2018-12-19,38.20906066894531,39.766965732375674,37.78158583477407,39.422612313422675,196189200,41.00616645812988,46.32664993286133,41.398355614163975,44.76878693136567,-0.04855114651842107,0.9195227163766256,27.03320732026394,-2.064092634312466,-2.0751360808271495,39.43923568725586,38.93339538574219,0.01299245279025718,2.27,3.9,252.767
2018-12-20,37.244869232177734,38.498792982639806,36.88151653310877,38.09269098875768,259092000,40.76689968109131,45.99772697448731,41.00278548254624,44.47373133531909,-0.08259710723844371,1.046941103758306,25.474907140868112,-2.146952021065225,-2.0894992688747647,38.20906066894531,39.43923568725586,-0.03119165462702056,2.27,3.9,252.767
2018-12-21,35.796199798583984,37.56071950978802,35.53496783964715,37.25198753673331,382978400,40.45757484436035,45.68957649230957,40.506920179311734,44.13343598093732,-0.08913504531290961,1.5232646554365155,22.934836904940312,-2.3029670279409302,-2.132192820687998,37.244869232177734,38.20906066894531,-0.025234628119273017,2.27,3.9,252.767
2018-12-24,34.87001037597656,35.99094267515283,34.813012528584636,35.183489477275636,148676800,40.15525569915771,45.371942596435545,39.97007162661315,43.77016438858592,-0.1043675993194696,1.9260616626791636,11.321492188363692,-2.4728404256960985,-2.2003223416896183,35.796199798583984,37.244869232177734,-0.03889581205301085,2.27,3.9,252.767
2018-12-26,37.325618743896484,37.33986730293272,34.84389445485186,35.21912221236073,234330000,39.948049545288086,45.06716453552246,39.71821897111632,43.51743710840202,-0.05359173185098909,1.8682197621636394,30.982100491150405,-2.3818626148075737,-2.2366303963132093,34.87001037597656,35.796199798583984,-0.025873959465497753,2.27,3.9,252.767
2018-12-27,37.083377838134766,37.230621385586616,35.639468468150554,37.00975787628032,212468400,39.73324356079102,44.780024490356446,39.467281720356176,43.26512105858762,-0.029461149033832568,1.7574937047077692,31.566399611711034,-2.3027640304991763,-2.2498571231504028,37.325618743896484,34.87001037597656,0.07042178483582262,2.27,3.9,252.767
2018-12-28,37.10237503051758,37.646219094911956,36.70340095377201,37.40398276332058,169165600,39.43983039855957,44.47059204101563,39.24205251180012,43.02344474376134,-0.0038258746667056975,1.4829645473790318,36.13749102776091,-2.213034434506241,-2.2424925854215707,37.083377838134766,37.325618743896484,-0.006489936775698646,2.27,3.9,252.767
2018-12-31,37.46097946166992,37.84570497009902,37.16174528956495,37.648591489285586,140014000,39.18085193634033,44.17287574768066,39.07242650702582,42.805308850345995,0.04650716200192262,1.3470512140844846,36.709965343538876,-2.0889070820607927,-2.211775484749415,37.10237503051758,37.083377838134766,0.0005122832247304032,2.27,3.9,252.767
2019-01-02,37.50372314453125,37.72458662290483,36.62740075617171,36.78414211195393,148158800,38.935528945922854,43.900484771728514,38.923026186788235,42.597403528549336,0.07552945181711679,1.2307650551223783,37.782305042084865,-1.9644413459614825,-2.162308656991829,37.46097946166992,37.10237503051758,0.009665268890667544,2.4,4.0,252.561
2019-01-03,33.7680778503418,34.60640172363963,33.72295500680148,34.19317547745964,365248800,38.42932834625244,43.53780906677246,38.43207872617429,42.25115546273727,-0.09531096906830028,1.3832715702518894,27.229623749887864,-2.1425388542980883,-2.1583546964530806,37.50372314453125,37.46097946166992,0.0011410188274725286,2.4,4.0,252.561
2019-01-04,35.2096061706543,35.27847900912154,34.15042265199752,34.32378608802359,234428400,38.09174213409424,43.19762130737305,38.12517657802953,41.975016274812454,-0.050528613538370015,1.3284888537848807,32.080204252969835,-2.1426638298155396,-2.1552165231255724,33.7680778503418,37.50372314453125,-0.09960731844657356,2.4,4.0,252.561
2019-01-07,35.13123321533203,35.34497236963013,34.649137872444925,35.31409809069179,219111200,37.7736291885376,42.84602111816406,37.840039114915484,41.70663262542106,-0.0531271061101678,1.3360248966207509,34.91482159242878,-2.1245958973285326,-2.1490923979661645,35.2096061706543,33.7680778503418,0.04268908424996143,2.4,4.0,252.561
2019-01-08,35.800960540771484,36.05507191717408,35.27136857362246,35.51835204691937,164101200,37.56297969818115,42.543977127075195,37.6458411554732,41.47503764170931,-0.044313281306404995,1.3358955093703953,38.90665693259471,-2.032802649079116,-2.1258344481887548,35.13123321533203,35.2096061706543,-0.0022258969595515543,2.4,4.0,252.561
2019-01-09,36.40891647338867,36.69864919303754,35.534971211573676,35.929194550467045,180396400,37.369547271728514,42.231798553466795,37.528038804798484,41.2763662233438,-0.02919194627486532,1.2617669538002803,39.345355965812004,-1.8892211106797205,-2.0785117806869478,35.800960540771484,35.13123321533203,0.01906358713155476,2.4,4.0,252.561
2019-01-10,36.52528381347656,36.56565592820539,35.82707561156554,36.21655182724987,143122800,37.193451499938966,41.938513946533206,37.43253832943449,41.090049266094105,0.08165125582079469,1.2124572484623417,43.57672561323445,-1.7459160023463483,-2.011992625018828,36.40891647338867,35.800960540771484,0.0169815536631992,2.4,4.0,252.561
2019-01-11,36.166690826416016,36.50154648837544,35.981452295064784,36.306810124740636,108092800,36.99384517669678,41.65727394104004,37.31198142438512,40.896976386106736,0.02718248682257074,1.1721865890405483,45.68771539452557,-1.6423491500290623,-1.9380639300208748,36.52528381347656,36.40891647338867,0.003196122031616788,2.4,4.0,252.561
2019-01-14,35.62284469604492,35.924452462452855,35.43760619352494,35.82470893215311,129756800,36.74507942199707,41.36013984680176,37.15111125978129,40.69014769237882,0.01399357311767635,1.1251295400293047,49.25254907017657,-1.585874536533396,-1.867626051323379,36.166690826416016,36.52528381347656,-0.009817664631759482,2.4,4.0,252.561
2019-01-15,36.35192108154297,36.42791458616587,35.634713583499995,35.68696070331559,114843600,36.59771900177002,41.05127082824707,37.07499790947288,40.52002115862055,0.015389546326390668,1.0094297944457664,56.500003346429025,-1.465395460603517,-1.7871799331794067,35.62284469604492,36.166690826416016,-0.015037210149563052,2.4,4.0,252.561
2019-01-16,36.796024322509766,37.01926139590715,36.33530161762464,36.35430090299284,122278800,36.4908504486084,40.73538032531738,37.04842899642877,40.37398206700836,0.010632226570214787,0.8993265480531132,47.17934818826505,-1.3188763196627704,-1.6935192104760795,36.35192108154297,35.62284469604492,0.02046654026984518,2.4,4.0,252.561
2019-01-17,37.0145149230957,37.44198983365644,36.397050760758674,36.62028785981504,119284800,36.36961441040039,40.49362693786621,37.045199084682764,40.242238257443155,0.013394313706568184,0.6423333046201007,49.63230171953739,-1.1716227417318237,-1.5891399167272284,36.796024322509766,36.35192108154297,0.012216775008137892,2.4,4.0,252.561
2019-01-18,37.24249267578125,37.49422682619904,37.043002022319946,37.4039811406747,135004000,36.321286010742185,40.28431190490723,37.06398895050167,40.12460117580935,0.029745653383899562,0.649886459553031,50.7318352206185,-1.0247150438026722,-1.4762549421423175,37.0145149230957,36.796024322509766,0.005937886078966281,2.4,4.0,252.561
2019-01-22,36.40654373168945,37.22111761208294,36.24505163700586,37.14512410332922,121576000,36.27936973571777,40.047959060668944,37.0013751201386,39.978795001530145,0.021999900410298867,0.5020333029414873,44.754247819251624,-0.9646241416056469,-1.3739287820349835,37.24249267578125,37.0145149230957,0.006159144680383033,2.4,4.0,252.561
2019-01-23,36.553775787353516,36.843508451155465,36.02655757117239,36.60839644975298,92522400,36.31724853515625,39.785299911499024,36.9587466122543,39.844480522542824,0.0055527933546553054,0.45041268963791536,45.32269836970711,-0.8948064999270215,-1.2781043256133913,36.40654373168945,37.24249267578125,-0.02244610615538667,2.4,4.0,252.561
2019-01-24,36.26405334472656,36.6867774572087,36.03606917947976,36.598908937659715,101766000,36.38695068359375,39.52031341552734,36.89258534868023,39.70407161360885,-0.014457294981669366,0.45627710959480766,68.60185511076591,-0.853020605147023,-1.1930875815201176,36.553775787353516,36.40654373168945,0.004044109672951546,2.4,4.0,252.561
2019-01-25,37.465721130371094,37.553593252863344,36.64877383724475,36.92425433639867,134142000,36.39395580291748,39.2984538269043,36.947169708841265,39.6162931632858,0.012189980287810043,0.5505290979832077,67.43767509852103,-0.7147017975027694,-1.097410424716648,36.26405334472656,36.553775787353516,-0.007925923831025639,2.4,4.0,252.561
2019-01-28,37.118988037109375,37.126112312913,36.49202640019958,36.99786810096469,104768400,36.39573631286621,39.11858192443847,36.963533359152514,39.51835962892594,-0.0033162291189008375,0.5518280411988381,64.7515542017235,-0.6258472314604617,-1.003097786065411,37.465721130371094,36.26405334472656,0.03313660980534805,2.4,4.0,252.561
2019-01-29,36.73426818847656,37.55359634769264,36.598903290698956,37.107122292669665,166348800,36.37733097076416,38.94023010253906,36.9416985809929,39.40917957243773,0.009001800863119191,0.4074679763032697,57.23221322083138,-0.5797895709882113,-0.9184361430499709,37.118988037109375,37.465721130371094,-0.009254675548755031,2.4,4.0,252.561
2019-01-30,39.24449157714844,39.45822714683114,38.052312966631995,38.76952042341593,244439200,36.46650657653809,38.83787353515625,37.16101219967438,39.40272121968129,0.07360979083112462,0.8473649762230779,66.9699356432366,-0.33685148039950974,-0.8021192105198787,36.73426818847656,37.118988037109375,-0.010364502616509674,2.4,4.0,252.561
2019-01-31,39.5271110534668,40.13507372055917,39.08063688443312,39.448740356323015,162958400,36.56767597198486,38.7192733001709,37.38635494765461,39.40759925237876,0.08998050156505033,1.1353779371665076,67.6143844542527,-0.1201314628200052,-0.665721660979904,39.24449157714844,36.73426818847656,0.06833465078962231,2.4,4.0,252.561
2019-02-01,39.54610061645508,40.13031312607623,39.405981367304726,39.65059485362112,130672400,36.85657711029053,38.59098350524902,37.59204501134989,39.41303067842097,0.055527544200865586,1.318025788045681,70.65312874762436,0.05254727920083013,-0.5220678729437572,39.5271110534668,39.24449157714844,0.00720150688569321,2.4,3.8,253.319
2019-02-04,40.669410705566406,40.76678067534809,39.72659254412772,39.75746683302016,125982000,37.129567337036136,38.52159027099609,37.88512745841813,39.46230048340706,0.09564977000201424,1.6221677145544993,78.8019219757946,0.2768468445399961,-0.3622849294470065,39.54610061645508,39.5271110534668,0.0004804186919351583,2.4,3.8,253.319
2019-02-05,41.36524963378906,41.57898889745914,40.93065407418794,41.051770453647194,144406400,37.44126815795899,38.50829116821289,38.216567665596315,39.53692594028479,0.12606706690199498,1.8401520667712947,78.72119278878893,0.5049336909227335,-0.18884120537305848,40.669410705566406,39.54610061645508,0.02840507841736284,2.4,3.8,253.319
2019-02-06,41.37949752807617,41.69535385122478,41.049392646908444,41.476863882454516,112958400,37.72019500732422,38.49622718811035,38.517799081070585,39.60918364960994,0.05440269105616147,1.9190107281124527,77.61886504125141,0.6790165656566387,-0.015269651167119008,41.36524963378906,40.669410705566406,0.01710963882069283,2.4,3.8,253.319
2019-02-07,40.595787048339844,41.30824381331951,40.45329424584691,40.94251397800082,126966800,37.929538536071775,38.48981506347656,38.71570269700099,39.647873978971894,0.02703653179782073,1.7295375531465647,70.20363119558813,0.745149986900465,0.13681427644639785,41.37949752807617,41.36524963378906,0.00034444115322029845,2.4,3.8,253.319
2019-02-08,40.64349365234375,40.70311969069085,40.16886907695841,40.30481819124638,95280000,38.13544902801514,38.47329010009766,38.899301835605065,39.686917887731575,0.02774971536465598,1.6309951962170937,69.58499369538379,0.7922778382012012,0.2679069887973586,40.595787048339844,41.37949752807617,-0.018939584251949304,2.4,3.8,253.319
2019-02-11,40.409751892089844,40.83429258000177,40.366822896722226,40.79613104681893,83973600,38.34760208129883,38.45389518737793,39.04315422193695,39.715264319275036,-0.00638462197931533,1.3669143355920557,74.77090704805157,0.8015264948045981,0.37463088999880656,40.64349365234375,40.595787048339844,0.0011751614507953256,2.4,3.8,253.319
2019-02-12,40.757972717285156,40.78420831850001,40.47415220576565,40.56955604622166,89134000,38.60435848236084,38.409641876220704,39.20647026911297,39.756154844687195,-0.01468084737503561,0.7463925301195157,75.38321081304674,0.827416687659813,0.46518804953100795,40.409751892089844,40.64349365234375,-0.005751025299480572,2.4,3.8,253.319
2019-02-13,40.588626861572266,41.137187031192965,40.52661710438461,40.877218430046,89960800,38.81619377136231,38.36860343933105,39.33810423029957,39.78880080613367,-0.019112621316082823,0.6232794665041742,76.49511984096304,0.8247627056785802,0.5371029807605224,40.757972717285156,40.409751892089844,0.008617247295286568,2.4,3.8,253.319
2019-02-14,40.73650360107422,40.84621345605926,40.39782819422876,40.476534988953155,87342800,39.013217735290525,38.33512985229492,39.471285122754296,39.825965621621535,0.003466284631132188,0.5101879745566357,73.01007121341912,0.8250808049335632,0.5946985455951306,40.588626861572266,40.757972717285156,-0.0041549136137742915,2.4,3.8,253.319
2019-02-15,40.6458740234375,40.95115902339319,40.48607669059228,40.84383289109825,98507200,39.19478569030762,38.27020553588867,39.58315073234318,39.858118892280984,5.856708859997006e-05,0.32673144375598123,75.73925554399898,0.8086976878439884,0.6374983740449022,40.73650360107422,40.588626861572266,0.003643304810637904,2.4,3.8,253.319
2019-02-19,40.767520904541016,40.88916037492393,40.42407791568553,40.47654913050066,75891200,39.37103710174561,38.246329345703124,39.69594789160011,39.89378171629118,0.008853531528888237,0.32453347509800995,80.61009835944073,0.7963500089832749,0.6692687010325767,40.6458740234375,40.73650360107422,-0.0022247755606185082,2.4,3.8,253.319
2019-02-20,41.02986145019531,41.33753378782997,40.781818778905716,40.82951887269788,104457600,39.6022029876709,38.237056732177734,39.822987278132985,39.93833386271879,0.0066708110041706625,0.2713379403528934,70.56770999961327,0.7985281387715659,0.6951205885803746,40.767520904541016,40.6458740234375,0.0029928469746614006,2.4,3.8,253.319
2019-02-21,40.79851531982422,41.11095514343004,40.61725349372424,40.9750096836761,68998800,39.814439964294436,38.252748031616214,39.91589471067501,39.97206646887979,0.0051711150260829175,0.16375084462057696,64.82185279497084,0.7726796529775513,0.71063240145981,41.02986145019531,40.767520904541016,0.0064350379869451135,2.4,3.8,253.319
2019-02-22,41.25405502319336,41.26120985514692,40.87483437251925,40.92253446530428,75652800,40.06394004821777,38.27227783203125,40.04333854996247,40.02234052983326,0.012704856243614726,0.23512388792806216,68.07167155595667,0.7799618737441492,0.7244982959166779,40.79851531982422,41.02986145019531,-0.005638481881103052,2.4,3.8,253.319
2019-02-25,41.55457305908203,41.945719682081254,41.48779219461515,41.537879662607395,87493600,40.26838264465332,38.30242530822754,40.18726564606909,40.08242807999988,0.02235648900354681,0.33771328331331224,61.34035532201057,0.8007518116949157,0.7397489990723256,41.25405502319336,40.79851531982422,0.01116559511536419,2.4,3.8,253.319
2019-02-26,41.57842254638672,41.809771827642344,41.30175690127716,41.430551160576144,68280800,40.491354370117186,38.33081741333008,40.31975677943268,40.141094529662105,0.019890874496500954,0.367656862966039,53.299154341527,0.8098173710516434,0.7537626734681893,41.55457305908203,41.25405502319336,0.007284569619149472,2.4,3.8,253.319
2019-02-27,41.70721435546875,41.73822105568102,41.196815683559215,41.311300281596466,111341600,40.7400016784668,38.35299850463867,40.45189559619802,40.202510993419224,0.016508778760943477,0.4246179395146744,54.8982200626952,0.8179653197502006,0.7666032027245916,41.57842254638672,41.55457305908203,0.0005739317131421284,2.4,3.8,253.319
2019-02-28,41.2969856262207,41.71675519338844,41.24213069934181,41.57603864043286,112861600,40.84262638092041,38.39295562744141,40.53238036096209,40.24543156725457,0.0122178540686817,0.3940995688987645,61.79760857984559,0.7823026992207218,0.7697431020238177,41.70721435546875,41.57842254638672,0.0030975636206098667,2.4,3.8,253.319
2019-03-01,41.7310791015625,41.77400810961146,41.23498994149186,41.56651062547114,103544800,40.9528247833252,38.448909301757816,40.64654214578117,40.30369225487449,0.011563083389037887,0.4070952804625267,66.19312889345287,0.7800753085286445,0.7718095433247831,41.2969856262207,41.70721435546875,-0.009835917732402,2.41,3.8,254.277
2019-03-04,41.94095230102539,42.39410868782575,41.4925633764932,41.902790767174956,109744800,41.07256736755371,38.4989436340332,40.769819303423475,40.367898531194136,0.009298116031513759,0.40434625989174194,72.96134049220483,0.7861824763648926,0.7746841299328051,41.7310791015625,41.2969856262207,0.010511505107679842,2.41,3.8,254.277
2019-03-05,41.864627838134766,41.97672506553204,41.62850744949889,41.962415400636054,78949600,41.13232822418213,38.57205497741699,40.87408678291979,40.42659379813298,0.006883505294813519,0.3714433119587286,68.06840136473878,0.7759193888679476,0.7749311817198337,41.94095230102539,41.7310791015625,0.005029182182231917,2.41,3.8,254.277
2019-03-06,41.62373352050781,41.85508277180671,41.48540071586533,41.65950767718971,83241600,41.14525241851807,38.659632263183596,40.945481710309124,40.47354045391238,-0.0020015922005587328,0.3382453817149896,66.51439296838768,0.7398194814301036,0.7679088416618878,41.864627838134766,41.94095230102539,-0.0018198075795422541,2.41,3.8,254.277
2019-03-07,41.1419677734375,41.60466642807359,41.0274867951546,41.468717309443846,99185600,41.13337593078613,38.76654762268066,40.964194668702305,40.49975328997218,-0.0037537328798346037,0.2645640506079657,55.846058736692505,0.6646736313187205,0.7472617995932544,41.62373352050781,41.864627838134766,-0.005754125381416175,2.41,3.8,254.277
2019-03-08,41.239749908447266,41.27791144259841,40.42644995336146,40.62202508642293,95997600,41.165574073791504,38.89394241333008,40.99043802486849,40.528772765206504,-0.011773699690809991,0.2664900215302172,58.5449898951533,0.6060243335248856,0.7190143063795807,41.1419677734375,41.62373352050781,-0.011574304040577021,2.41,3.8,254.277
2019-03-11,42.668392181396484,42.72086338701754,41.82170533647012,41.855095772839455,128044000,41.26681900024414,39.00079788208008,41.150243182633055,40.612679408978664,0.0173443815760308,0.43791556034616824,69.87531609722632,0.6671335341379248,0.7086381519312496,41.239749908447266,41.1419677734375,0.002376700491046879,2.41,3.8,254.277
2019-03-12,43.14778137207031,43.56754731458191,42.7804829879991,42.93074174869042,129870400,41.403720474243165,39.12208595275879,41.34048491496041,40.712095172237156,0.03065006427136363,0.6347233541885191,71.18327193033329,0.7456503243684125,0.7160405864186822,42.668392181396484,41.239749908447266,0.03464236025002143,2.41,3.8,254.277
2019-03-13,43.33857727050781,43.717797878088355,43.150157012385364,43.467367870320366,124130000,41.5327507019043,39.24680999755859,41.53077942501255,40.81509447020855,0.04119870095639322,0.7888156656037553,75.61326873041102,0.813889074146644,0.7356102839642746,43.14778137207031,42.668392181396484,0.011235229784047007,2.41,3.8,254.277
2019-03-14,43.82036209106445,43.9086110924784,43.5413127001033,43.86090735580744,94318000,41.69433746337891,39.373997650146485,41.74883491701749,40.932948102398974,0.06510126915602243,0.9301088803736768,75.74166729164212,0.8965103700669061,0.7677903011848011,43.33857727050781,43.14778137207031,0.004421916779271617,2.41,3.8,254.277
2019-03-15,44.390384674072266,44.678976254213644,43.82274735566281,44.08748706861486,156171600,41.87703151702881,39.5117308807373,42.000411084356045,41.06853385030773,0.07639800853835066,1.124551237460056,76.98594492244986,0.9964973991894794,0.8135317207857369,43.82036209106445,43.33857727050781,0.011116765960023756,2.41,3.8,254.277
2019-03-18,44.843544006347656,44.931789362919865,44.311677218092875,44.31406458834656,104879200,42.086915016174316,39.73324020385742,42.27118564835525,41.21657346427008,0.050978059255289754,1.3172455018061218,78.72432391798688,1.0996281818551807,0.8707510129996258,44.390384674072266,43.82036209106445,0.01300816688422679,2.41,3.8,254.277
2019-03-19,44.488182067871094,45.07490392114361,44.34269438014027,44.92226139953133,126585600,42.27294807434082,39.91881172180176,42.48232816449961,41.34487184088188,0.031065344571075126,1.3687561216856796,73.52717546353132,1.139549316408754,0.9245106736814515,44.843544006347656,44.390384674072266,0.010208502034902978,2.41,3.8,254.277
2019-03-20,44.876930236816406,45.19414111173891,44.05885931953551,44.416615452853335,124140800,42.465301513671875,40.113725662231445,42.71038550472026,41.483383934840106,0.035496157538965845,1.373344691559408,80.39705351723262,1.1888514915286024,0.9773788372508818,44.488182067871094,44.843544006347656,-0.007924483810339833,2.41,3.8,254.277
2019-03-21,46.52976608276367,46.82551249017216,45.27046466941773,45.320552133949356,204136800,42.75186405181885,40.32830177307129,43.07413603596248,41.68128127397436,0.06182979469838079,1.445918428392292,83.7584809009654,1.3457805396151201,1.0510591777237295,44.876930236816406,44.488182067871094,0.008738234535010658,2.41,3.8,254.277
2019-03-22,45.56622314453125,47.149890713415324,45.50182599858827,46.589404449121496,169630800,42.96747245788574,40.51144790649414,43.31147766534998,41.83363193556483,0.026488584838638918,1.171242319941091,73.05844005537851,1.3765302940163266,1.116153400982249,46.52976608276367,44.876930236816406,0.036830412357200526,2.41,3.8,254.277
2019-03-25,45.015281677246094,45.7880329159187,44.5048828613594,45.67593565660519,175381200,43.14050788879395,40.68124786376953,43.47374471410199,41.95840251366998,0.003829707814220207,1.0181912911514657,68.89863144093412,1.3409852803419113,1.1611197768541814,45.56622314453125,46.52976608276367,-0.020708097619028254,2.41,3.8,254.277
2019-03-26,44.550193786621094,46.002686995822316,44.023101591485734,45.711711607654806,199202000,43.289096450805665,40.848917922973634,43.576263673389526,42.06004138711905,0.001393891947650161,0.8833339530473034,67.09408908354858,1.2607537110560685,1.1810465636945588,45.015281677246094,45.56622314453125,-0.012091005777187802,2.41,3.8,254.277
2019-03-27,44.95087432861328,45.25854305952079,44.49294682904075,45.01765519484567,119393600,43.45127944946289,41.035478515625,43.707178973887025,42.17340738482471,0.001647708330464459,0.7330887284002416,72.46142010024025,1.2154897759505232,1.1879352061457518,44.550193786621094,45.015281677246094,-0.010331777860674518,2.41,3.8,254.277
2019-03-28,45.010498046875,45.21084063526759,44.72667756034346,45.065352975754955,83121600,43.6369550704956,41.20865005493164,43.83130459988588,42.28466584216002,-0.032651529629147746,0.6266458964686126,72.33692343639345,1.1709311516015148,1.1845343952369045,44.95087432861328,44.550193786621094,0.008993912437537332,2.41,3.8,254.277
2019-03-29,45.303855895996094,45.334862595503004,44.96756422056934,45.27523656677985,94256000,43.81559391021729,41.37880668640137,43.971547580467806,42.403065452114376,-0.0057579327499440724,0.5898101828021922,68.0379457653564,1.1460783694733365,1.176843190084191,45.010498046875,44.95087432861328,0.0013264195447197924,2.41,3.8,254.277
2019-04-01,45.61153030395508,45.71646906225277,44.92940835895731,45.70693049851085,111448000,43.99912281036377,41.55074699401855,44.12773641127612,42.52888760316695,0.013245471415329835,0.6006485816711012,67.26858053458892,1.1380899217801996,1.1690925364233926,45.303855895996094,45.010498046875,0.006517542836686374,2.42,3.7,255.233
2019-04-02,46.274574279785156,46.379516683711444,45.56621669256709,45.57575525688568,91062800,44.21962013244629,41.731388626098635,44.332197160657934,42.67577727675982,0.03870646447517623,0.6333728044973873,69.30087389509247,1.1717538776790875,1.1696248046745317,45.61153030395508,45.303855895996094,0.006791351461679307,2.42,3.7,255.233
2019-04-03,46.59178924560547,46.866067574679796,46.067077180669855,46.09092905245227,93087200,44.46802291870117,41.935093536376954,44.54739640684341,42.829346373577295,0.036504627362668796,0.7125502004384243,68.62193961011765,1.2100803489168186,1.177715913522989,46.274574279785156,45.61153030395508,0.01453676233644341,2.42,3.7,255.233
2019-04-04,46.67287063598633,46.83505168659805,46.06468441762447,46.45821474988475,76457200,44.744568061828616,42.13747543334961,44.74982252390464,42.9800728152404,0.0369329969950587,0.73568787940382,66.41520138621402,1.2327861526928174,1.1887299613569549,46.59178924560547,46.274574279785156,0.006855059625235471,2.42,3.7,255.233
2019-04-05,46.98531723022461,47.009169100776084,46.730116044604905,46.85413922076049,74106400,45.03184642791748,42.35190071105957,44.962726781649394,43.13714122367115,0.03711519253656115,0.8638469360614449,65.72141724690039,1.2614512696908164,1.2032742230237272,46.67287063598633,46.59178924560547,0.001740250625565043,2.42,3.7,255.233
2019-04-08,47.72467803955078,47.755681101848495,46.82790017839874,46.84698094558115,103526800,45.284660720825194,42.557079849243166,45.22576975859238,43.317044628215456,0.04632924441503494,1.0344338851402144,72.48928321884075,1.3285145311062578,1.2283222846402335,46.98531723022461,46.67287063598633,0.006694394194759035,2.42,3.7,255.233
2019-04-09,47.58157730102539,48.38056764876141,47.51718016237022,47.77715244831723,143072800,45.50635051727295,42.766331634521485,45.450132381681236,43.484281203619766,0.02824451746088119,1.0169302773492501,69.45791177227717,1.354501762120826,1.253558180136352,47.72467803955078,46.98531723022461,0.015735996964825416,2.42,3.7,255.233
2019-04-10,47.84870147705078,47.8773244498053,47.26675076793066,47.38600284310168,86781200,45.731856727600096,42.98862030029297,45.67856753362119,43.65543493983275,0.02697711875411324,1.0118962237445013,61.851803354213466,1.3807352618622275,1.278993596481527,47.58157730102539,47.72467803955078,-0.0029984641993142658,2.42,3.7,255.233
2019-04-11,47.45038986206055,47.93932399383451,47.32875408147207,47.90354983462724,83603200,45.9133581161499,43.15273826599121,45.847312517282084,43.80425670148875,0.016658911600666126,0.8825030628538721,68.84524724316677,1.3537795529212389,1.2939507877694696,47.84870147705078,47.58157730102539,0.005614025242068443,2.42,3.7,255.233
2019-04-12,47.43132781982422,47.734229164716275,46.796909430662645,47.51003464043169,111042800,46.0654052734375,43.31082260131836,45.998171117524194,43.94649478456073,0.009492552480047989,0.7224611222033498,77.04224101270492,1.3157121017728741,1.2983030505701505,47.45038986206055,47.84870147705078,-0.0083243975843581,2.42,3.7,255.233
2019-04-15,47.517173767089844,47.66504879296179,47.226198455924894,47.36214754820143,70146400,46.19908676147461,43.470244064331055,46.14283803653045,44.08652141132657,-0.0043479449413775795,0.5383288155393788,86.28952638327178,1.2777414153071902,1.2941907235175585,47.43132781982422,47.45038986206055,-0.00040172572431418363,2.42,3.7,255.233
2019-04-16,47.521942138671875,48.02756966837451,47.35737372664653,47.57202960118193,102785600,46.35077476501465,43.607294692993165,46.27418128435344,44.22124379279109,-0.0012533246213388693,0.4320833123730363,84.8192883121177,1.2338115291675962,1.282114884647566,47.517173767089844,47.43132781982422,0.0018098997268582995,2.42,3.7,255.233
2019-04-17,48.447349548339844,48.50697558632508,47.369309762567,47.591116877015516,115627200,46.52929573059082,43.74893669128418,46.48114969044738,44.386973430263595,0.012511271002331847,0.4749158702902629,87.70296283896887,1.2591546706651613,1.2775228418510851,47.521942138671875,47.517173767089844,0.00010035048812895297,2.42,3.7,255.233
2019-04-18,48.6214599609375,48.69062456855269,48.301865248411815,48.44496556601438,96783200,46.63388042449951,43.893775939941406,46.68498876382739,44.55303172558414,0.024679883606463227,0.489111267427141,87.37258710486962,1.2785502170523557,1.2777283168913394,48.447349548339844,47.521942138671875,0.019473265780417304,2.42,3.7,255.233
2019-04-22,48.78125,48.87903756789539,48.25892536678017,48.375793702017404,77758000,46.794631767272946,44.05748519897461,46.884632691081926,44.71884420693378,0.02846056060888036,0.5209176353659115,86.93736425038652,1.291922568852982,1.280567167283668,48.6214599609375,48.447349548339844,0.0035938067659186945,2.42,3.7,255.233
2019-04-23,49.484840393066406,49.54923753304765,48.63099509296689,48.757402002269444,93292000,47.01810970306396,44.23431213378906,47.132271519842355,44.90574601815467,0.041409588786178064,0.7179805022040138,87.05964935767244,1.343803587302034,1.2932144512873414,48.78125,48.6214599609375,0.0032864097291787076,2.42,3.7,255.233
2019-04-24,49.40851593017578,49.72333948607253,49.38228033057737,49.45621602782266,70162400,47.2610258102417,44.414287414550785,47.34905670177887,45.08232523039079,0.03969900443039065,0.8071811476751355,84.43158057699016,1.3630485467417657,1.3071812703782264,49.484840393066406,48.78125,0.014423377692584838,2.42,3.7,255.233
2019-04-25,48.96012496948242,49.55161416212724,48.92196343723849,49.32980707961694,74172800,47.46148834228516,44.578330459594724,47.50249177489349,45.23439580839439,0.010584179029875296,0.8219694918632006,75.65547494227849,1.3268241101592722,1.3111098383344357,49.40851593017578,49.484840393066406,-0.0015423807025417569,2.42,3.7,255.233
2019-04-26,48.72639465332031,48.89334681703382,48.206453755716254,48.86949494823866,74596400,47.64728317260742,44.741085815429685,47.61905395379129,45.37133693956795,0.002158197069094925,0.7614693295492163,69.88022548865021,1.264677485220922,1.301823367711733,48.96012496948242,49.40851593017578,-0.009075175650428924,2.42,3.7,255.233
2019-04-29,48.80032730102539,49.12469304422843,48.62144921409616,48.75023983540025,88818800,47.822106742858885,44.90236228942871,47.73155617733739,45.50580714982118,0.00039107856041797895,0.6672094731570427,64.48299843138302,1.207472591593607,1.282953212488108,48.72639465332031,48.96012496948242,-0.004773891331114832,2.42,3.7,255.233
2019-04-30,47.860626220703125,48.51174151592459,47.488560337719434,48.43065098025572,186139600,47.934561538696286,45.04665733337402,47.74384856241984,45.59815299573812,-0.03282245955451968,0.6101345528458832,53.09360708386162,1.0739316617847479,1.241148902347436,48.80032730102539,48.72639465332031,0.0015173018285283835,2.42,3.7,255.233
2019-05-01,50.20988082885742,51.352313790983374,49.90220852221569,50.05723836052837,259309200,48.131326866149905,45.23550453186035,47.97870877827104,45.77900506762515,0.01621916553442193,0.6435952101212823,67.90883224515092,1.1444719657270426,1.2218135150233573,47.860626220703125,48.80032730102539,-0.019256040528697893,2.39,3.6,255.296
2019-05-02,49.883140563964844,50.71790507301995,49.63986895589644,50.04770900660693,127985200,48.29589443206787,45.41257011413574,48.160083234051406,45.93995155767769,0.018852394577377973,0.682893190482854,68.65420695247138,1.1606314195852505,1.2095770959357361,50.20988082885742,47.860626220703125,0.04908532950072586,2.39,3.6,255.296
2019-05-03,50.50325393676758,50.52471843691336,50.140726608516964,50.298140221488424,83569600,48.487413597106936,45.60666488647461,48.3832423485958,46.11890459215181,0.036466052867020204,0.7945817784357212,71.56736448604138,1.2095331249161347,1.209568301731816,49.883140563964844,50.20988082885742,-0.006507489352669205,2.39,3.6,255.296
2019-05-06,49.72334289550781,49.80920453287324,48.53559327802315,48.72400995039716,129772400,48.624314880371095,45.7760506439209,48.51087097211123,46.26025511385205,0.018914127128467628,0.7870842544692475,64.11358338506952,1.1718474477396512,1.202024130933383,50.50325393676758,49.883140563964844,0.012431321801151807,2.39,3.6,255.296
2019-05-07,48.38294219970703,49.47052032079765,47.898779164566115,49.10322560559148,155054800,48.65722808837891,45.9126180267334,48.498687279501304,46.34349774466989,0.010913270891929283,0.8422481125645225,54.70419977790598,1.02204069418719,1.1660274435841445,49.72334289550781,50.50325393676758,-0.015442787948599324,2.39,3.6,255.296
2019-05-08,48.392486572265625,48.97443723236416,48.11820827819037,48.153982442014374,105358000,48.69777355194092,46.04889930725098,48.48857292643124,46.42385024771286,-0.036195948418727864,0.880844567950998,49.66691308891211,0.8937849176286861,1.1115789383930528,48.38294219970703,49.72334289550781,-0.026957171777802547,2.39,3.6,255.296
2019-05-09,47.8725471496582,48.10150906634315,46.90422100692585,47.79622408457386,139634400,48.698965835571286,46.172205963134765,48.429903804833806,46.480661890926406,-0.0403060711810731,0.96884996650656,45.63639976475326,0.7416373904004487,1.037590628794532,48.392486572265625,48.38294219970703,0.00019726730381952606,2.39,3.6,255.296
2019-05-10,47.209346771240234,47.60918573031847,46.1534958760035,47.26680951074046,164834800,48.686913681030276,46.29045318603516,48.313660277824894,46.50923776858577,-0.06522168194650324,1.1282809387236543,41.34869383784047,0.5610769056566625,0.9422878841669581,47.8725471496582,48.392486572265625,-0.010744217944473333,2.39,3.6,255.296
2019-05-13,44.4655647277832,45.36579237166061,43.77842304776529,44.94201700800786,229722400,48.53862552642822,46.34514289855957,47.94717498734473,46.42909372776998,-0.10574064134774042,1.7978965471091433,27.44138806717865,0.1943408995485001,0.7926984872432665,47.209346771240234,47.8725471496582,-0.013853459193317708,2.39,3.6,255.296
2019-05-14,45.16946792602539,45.418465818898284,44.39134448751161,44.63076708397739,146118800,48.421240234375,46.40971321105957,47.68263145769527,46.37969663750549,-0.06641750434311333,2.075889891015759,31.96540315541867,-0.03905076918984207,0.6263486359566448,44.4655647277832,47.209346771240234,-0.058119466400423314,2.39,3.6,255.296
2019-05-15,45.71055603027344,45.90927719917939,44.537386913882365,44.597242555602286,106178800,48.33067092895508,46.48663177490234,47.494814750321765,46.353455829378746,-0.055420391303662386,2.074929426650424,36.28323058497165,-0.1782987432848273,0.4654191601083504,45.16946792602539,44.4655647277832,0.015830299301301087,2.39,3.6,255.296
2019-05-16,45.50945281982422,46.08167274519695,45.21256745080139,45.46875141212985,132125600,48.1837760925293,46.564346160888675,47.305732661702955,46.32035767214131,-0.049362201732164435,2.0314459691436246,36.38344690929359,-0.3014066857223128,0.31205399094221775,45.71055603027344,45.16946792602539,0.01197906747837263,2.39,3.6,255.296
2019-05-17,45.25088119506836,45.705782772217404,44.71457313979075,44.75527455220516,131516400,48.01524715423584,46.64652442932129,47.11003252202347,46.27841741813845,-0.04148469974943536,1.771883642908026,35.20725543464437,-0.41505073962711236,0.1666330448283517,45.50945281982422,45.71055603027344,-0.004399491669189737,2.39,3.6,255.296
2019-05-20,43.83588790893555,44.13756275712424,43.1631109114661,43.938841538280705,154449200,47.767979049682616,46.698447189331056,46.798209225538905,46.18263194718932,-0.014160999027056476,1.655325396266991,33.86560998384208,-0.6122351381371658,0.010859408235248162,45.25088119506836,45.50945281982422,-0.0056817124516870265,2.39,3.6,255.296
2019-05-21,44.6762580871582,45.011448261831,44.2213529606178,44.345853734052945,113459200,47.52754993438721,46.73860450744629,46.59611864093122,46.123558462482215,-0.01091909782233702,1.51637768990074,24.763800869711048,-0.6927092237425256,-0.12985431816030663,43.83588790893555,45.25088119506836,-0.03126996091044132,2.39,3.6,255.296
2019-05-22,43.761661529541016,44.46317163112691,43.70659535573083,44.21177717624734,118994400,47.24520721435547,46.750882110595704,46.32617034460835,46.030935053347264,-0.0426355457028722,1.336230931646953,23.50357196991837,-0.8208238683573015,-0.26804822819970564,44.6762580871582,43.83588790893555,0.01917082596726316,2.39,3.6,255.296
2019-05-23,43.01467514038086,43.22536459286169,42.57174176662835,43.04819416600052,146118800,46.94793472290039,46.744404067993166,46.01078984896763,45.91265035087799,-0.05481888981000049,1.190841857127947,17.938309673288856,-0.9714331295884051,-0.4087252084774456,43.761661529541016,44.6762580871582,-0.020471646390638032,2.39,3.6,255.296
2019-05-24,42.84946823120117,43.608437527210064,42.76566884967899,43.143957042131575,94858800,46.65408840179443,46.724986190795896,45.70971159965654,45.79252556187105,-0.05306886629489338,1.021337053042665,18.934971428610837,-1.0915402742528784,-0.5452882216325323,43.01467514038086,43.761661529541016,-0.017069424767062524,2.39,3.6,255.296
2019-05-28,42.67229080200195,43.23732830832482,42.595677466437365,42.83749298760257,111792800,46.34768657684326,46.69062431335449,45.42043342845134,45.670163414425204,-0.0265443946145415,1.161164550380224,21.159675372888486,-1.1873359201312184,-0.6736977613322696,42.84946823120117,43.01467514038086,-0.0038407103771103124,2.39,3.6,255.296
2019-05-29,42.468788146972656,42.94045102998245,42.13838374175984,42.238940810020374,113924800,46.07809467315674,46.643129196166996,45.1393243540248,45.544619286289816,-0.04941035876100075,1.2340526008406612,20.658553876665025,-1.2650924251934441,-0.7919766941045046,42.67229080200195,42.84946823120117,-0.004134880466736046,2.39,3.6,255.296
2019-05-30,42.68905258178711,42.91171385804956,42.29879255396897,42.605253206009266,84873600,45.702053260803225,46.60714660644531,44.90596513762121,45.432636278270095,-0.024510242761917267,1.1271636825006126,23.539414106527644,-1.294024804157928,-0.8923863161151894,42.468788146972656,42.67229080200195,-0.004768964852942648,2.39,3.6,255.296
2019-05-31,41.91572189331055,42.61483553961218,41.896567644374954,42.193449369628034,108174400,45.30368232727051,46.547922439575196,44.621180066734475,45.29471806709521,-0.025548333062700435,1.0465456785848382,23.2776841476077,-1.3636360983913889,-0.9866362725704294,42.68905258178711,42.468788146972656,0.005186501532659316,2.39,3.6,255.296
2019-06-03,41.491943359375,42.5980747635717,40.76649306788243,42.042616150312135,161584400,44.853116798400876,46.447165985107425,44.32315752317643,45.14558964718461,-0.03168125365060381,0.943324241777681,30.397685694872422,-1.4364405441772305,-1.0765971268917898,41.91572189331055,42.68905258178711,-0.018115433388805058,2.38,3.6,255.213
2019-06-04,43.00987243652344,43.05536331158064,41.78402998710208,42.00429832390132,123872000,44.51744327545166,46.39603897094727,44.198082753019,45.061836031080254,0.007911026761789008,0.8906162612900693,37.143579954045045,-1.3560230121380386,-1.1324823039410397,41.491943359375,41.91572189331055,-0.010110252544718312,2.38,3.6,255.213
2019-06-05,43.704200744628906,44.290789049992995,43.36901055867717,44.12079739285381,119093600,44.28350620269775,46.36981735229492,44.15104637126756,45.00859543161157,0.029089895228016083,0.7030406341191893,38.26986313346048,-1.2221765563366631,-1.1504211544201643,43.00987243652344,41.491943359375,0.03658370648010312,2.38,3.6,255.213
2019-06-06,44.345855712890625,44.4057113648459,43.61082655329625,43.8334914782854,90105200,44.081174659729,46.36573059082031,44.16959964189833,44.98260563872055,0.03881096044306154,0.8116162119623669,43.530317555930736,-1.0521970102339466,-1.1307763255829208,43.704200744628906,43.00987243652344,0.0161434635531692,2.38,3.6,255.213
2019-06-07,45.526214599609375,45.94999370524611,44.477545896123075,44.65471631575565,122737600,43.96385803222656,46.37723739624023,44.29880106644224,45.00392363718678,0.08613695633081853,1.1833360263155344,51.388542070264144,-0.812871619785767,-1.06719538442349,44.345855712890625,43.704200744628906,0.014681768739142953,2.38,3.6,255.213
2019-06-10,46.108009338378906,46.77599685145349,45.87816201203644,45.9236528950948,104883600,43.9087911605835,46.399187622070315,44.47110661615049,45.047221115664904,0.11125210354749315,1.5180010510411304,62.50991870547084,-0.569691501444062,-0.9676946078276044,45.526214599609375,44.345855712890625,0.026617118279569807,2.38,3.6,255.213
2019-06-11,46.64191436767578,46.92682783549049,46.35221507841626,46.65388622788541,107731600,44.017608642578125,46.425948791503906,44.67785021153386,45.10975810593985,0.08444670317292213,1.801161001065822,61.20055732709057,-0.33008284227010876,-0.8401722547161053,46.108009338378906,45.526214599609375,0.012779334804930764,2.38,3.6,255.213
2019-06-12,46.493473052978516,46.91964496831461,46.3019342514873,46.43601031654152,73012800,44.08380889892578,46.443587646484374,44.85076667262383,45.16402143719626,0.06382160663794778,1.9189035984845877,67.05536095172862,-0.15043510486157885,-0.7022248247452,46.64191436767578,46.108009338378906,0.011579442204469048,2.38,3.6,255.213
2019-06-13,46.48389434814453,47.11596983908178,46.35221484639415,46.615577503193705,86698400,44.12247581481934,46.44777404785156,45.006302641721035,45.21578115919423,0.04821281720430104,1.9632404010366677,73.85572224131283,-0.00873520608254097,-0.5635269010126682,46.493473052978516,46.64191436767578,-0.003182573372248587,2.38,3.6,255.213
2019-06-14,46.14630889892578,46.34981589780569,45.56211722534373,45.86139544719531,75046000,44.15431861877441,46.43886444091797,45.11487466621673,45.25227244310527,0.013620598698353525,1.7739076054204348,72.14538182947497,0.07545288625489377,-0.4357309435591558,46.48389434814453,46.493473052978516,-0.00020602257058899287,2.38,3.6,255.213
2019-06-17,46.42164611816406,46.67783004464345,46.009838968534694,46.18461643739985,58676400,44.2128568649292,46.43383995056152,45.23932909021171,45.298130234284045,0.006802219056637915,1.318786773277201,74.85719777343346,0.16251657852397017,-0.3160814391425306,46.14630889892578,46.48389434814453,-0.007262417530906062,2.38,3.6,255.213
2019-06-18,47.513404846191406,47.953941466307896,46.737678113659804,46.938792181108866,106204000,44.39673271179199,46.44440170288086,45.45590773363835,45.385003748476485,0.018684706456208344,1.1345338492619494,79.92045743536092,0.3159686965999384,-0.18967141199403678,46.42164611816406,46.14630889892578,0.005966614141151627,2.38,3.6,255.213
2019-06-19,47.37454605102539,47.85578778829949,47.240469987030195,47.80790034833085,84496800,44.53164710998535,46.43739906311035,45.638635192437114,45.46302501524311,0.01895046638144038,0.9010828278934715,78.06141611828127,0.4215168772832598,-0.06743375413857744,47.513404846191406,46.42164611816406,0.023518311376729883,2.38,3.6,255.213
2019-06-20,47.755226135253906,48.03056062202927,47.41284996964704,47.973097891587294,86056000,44.731325340271,46.440872039794925,45.84021528222919,45.55291525524353,0.02734994141385072,0.6997213369107609,86.69879148356719,0.5297753517481567,0.05200806703876943,47.37454605102539,47.513404846191406,-0.0029225183001623245,2.38,3.6,255.213
2019-06-21,47.592430114746094,48.08803671259237,47.44159268874081,47.5972195902715,191202400,44.960213088989256,46.435746612548826,46.00709288532603,45.632896230125986,0.03133774402168865,0.63416252620641,89.63925242910966,0.5955693417670673,0.16072032198442907,47.755226135253906,47.37454605102539,0.008035540516177164,2.38,3.6,255.213
2019-06-24,47.5445442199707,47.92283239718668,47.446380069181274,47.53496526934287,72881600,45.194966888427736,46.43762969970703,46.15351682195886,45.70786281796303,0.02418910563723564,0.6088306562236485,86.42327634438979,0.6365102672212473,0.2558783110317927,47.592430114746094,47.755226135253906,-0.003408967639410565,2.38,3.6,255.213
2019-06-25,46.82388687133789,47.70735333308996,46.75684517194282,47.50863210598545,84281200,45.40254669189453,46.425480880737304,46.21736158856639,45.75162846711499,-0.014512072479031857,0.5996979719739878,74.95232614833722,0.6038444771052767,0.3254715442464895,47.5445442199707,47.592430114746094,-0.0010061662045820485,2.38,3.6,255.213
2019-06-26,47.83665084838867,48.12156441409835,47.25006602955702,47.35062311393101,104270000,45.67093982696533,46.43187042236328,46.37157961331137,45.83339405069435,0.009754284439275951,0.6200015922759008,76.35595841760161,0.6521604918263932,0.3908093337624703,46.82388687133789,47.5445442199707,-0.015157519342253067,2.38,3.6,255.213
2019-06-27,47.822265625,48.26040936812675,47.78156422634431,47.95394511635136,83598800,45.92760047912598,46.43787689208985,46.50974018585315,45.91138901439262,0.001403814727130026,0.6046794924897101,71.03987080265945,0.681435351729867,0.4489345373559497,47.83665084838867,46.82388687133789,0.02162921629794723,2.38,3.6,255.213
2019-06-28,47.38652038574219,47.764808530798014,47.17822389353572,47.568480245909996,124442400,46.20114040374756,46.41666030883789,46.59324306203305,45.96923730346515,-0.004326522695047408,0.45403711354250287,62.037851164153885,0.6618455465085447,0.49151673918646865,47.822265625,47.83665084838867,-0.00030071552112342914,2.38,3.6,255.213
2019-07-01,48.255638122558594,48.959541331408985,48.04015553537792,48.643501664863955,109012000,46.53932514190674,46.40934387207031,46.751566401130724,46.058900080684495,0.014956372266351492,0.3753291544303026,64.29189206720731,0.7082863385568672,0.5348706590605484,47.38652038574219,47.822265625,-0.009111764856034266,2.4,3.7,255.802
2019-07-02,48.53815841674805,48.633929679787514,48.2101505174257,48.22212238196815,67740800,46.815739440917966,46.40448204040527,46.921718021665704,46.15612589778503,0.03661104747926225,0.47783369805591314,67.68859736546486,0.7591371667516356,0.5797239605987659,48.255638122558594,47.38652038574219,0.018341033056267886,2.4,3.7,255.802
2019-07-03,48.94038391113281,48.94756629824377,48.5285766680393,48.669835152287746,45448000,47.077548599243165,46.3935929107666,47.11397191590066,46.26531248654377,0.023072958561465073,0.6022491167385726,69.89924822439056,0.8224127876329206,0.6282617260055968,48.53815841674805,48.255638122558594,0.005854658754525621,2.4,3.7,255.802
2019-07-05,48.89727783203125,49.100788508582276,48.57884532744974,48.68658842285855,69062000,47.3051197052002,46.38336814880371,47.28381057457977,46.368526813817795,0.022479324075964868,0.6849734507325229,73.40119674982478,0.8591768171969534,0.6744447442438682,48.94038391113281,48.53815841674805,0.008286789353054269,2.4,3.7,255.802
2019-07-08,47.889312744140625,48.21971347045251,47.5038421856941,48.07845500360109,101354400,47.42327461242676,46.36195190429687,47.34147744787128,46.428165477752025,0.010610451122081477,0.6734266396698956,61.10108292832683,0.7977818838647153,0.6991121721680377,48.89727783203125,48.94038391113281,-0.0008807875144550836,2.4,3.7,255.802
2019-07-09,48.1814079284668,48.2460494035654,47.599609079485354,47.69298375237137,82312000,47.52694454193115,46.35105216979981,47.421470826975614,46.4969200836624,-0.0015382698681399853,0.6561474677129984,55.74794175938952,0.7638899492758497,0.7120677275896001,47.889312744140625,48.89727783203125,-0.02061393052089977,2.4,3.7,255.802
2019-07-10,48.657859802246094,48.777571116582486,48.25802445075848,48.327459058921235,71588400,47.62774181365967,46.348202819824216,47.53922215795375,46.58166281772451,0.002466129523709837,0.514061513861058,60.43616780361901,0.766638697585762,0.7229819215888326,48.1814079284668,47.889312744140625,0.006099381419122807,2.4,3.7,255.802
2019-07-11,48.30351257324219,48.93558813067086,48.29393727609442,48.67701126809106,80767200,47.718243789672854,46.357060546875,47.61201172131456,46.64918633754873,-0.013013206824185719,0.49411753111430223,54.477955113897636,0.7317886365680266,0.7247432645846714,48.657859802246094,48.1814079284668,0.009888707994724077,2.4,3.7,255.802
2019-07-12,48.67461395263672,48.84220903730102,48.41124763866507,48.47110328699509,70380800,47.82777976989746,46.32635520935059,47.713211933821434,46.72861487147375,-0.004553707062372903,0.4782592898567776,58.54755861517064,0.7257485149067548,0.7249443146490882,48.30351257324219,48.657859802246094,-0.00728242529457801,2.4,3.7,255.802
2019-07-15,49.13191604614258,49.28993219429551,48.84221307681378,48.863760235202925,67789600,47.9770601272583,46.31133071899414,47.84832661118536,46.82286197636273,0.025947403100997413,0.38853193658133733,61.77613236178072,0.7492255265924825,0.7298005570377671,48.67461395263672,48.30351257324219,0.007682699655264802,2.4,3.7,255.802
2019-07-16,48.96192169189453,49.34739222396268,48.72249909193417,48.98346884909922,67467200,48.10407390594482,46.28050407409668,47.95438328553861,46.906746671089465,0.016199480193408444,0.39383960668211104,67.27252331517755,0.7455202108895236,0.7329444878081185,49.13191604614258,48.67461395263672,0.009395084138743126,2.4,3.7,255.802
2019-07-17,48.68659591674805,49.103188977468086,48.66744166691155,48.854191036192866,56430000,48.162733459472655,46.259769134521484,48.02411782184427,46.97654468072313,0.0005905749784052006,0.3933081900765688,57.795253882442836,0.7121579192485683,0.7287871740962085,48.96192169189453,49.13191604614258,-0.00345995776123198,2.4,3.7,255.802
2019-07-18,49.239646911621094,49.29232016959373,48.770377064219026,48.842204566299756,74162400,48.25598850250244,46.276903228759764,48.139882497061116,47.06529378781716,0.01938025390926712,0.4290963183242567,61.83054050921651,0.7220216399841419,0.7274340672737953,48.68659591674805,48.96192169189453,-0.005623263255046251,2.4,3.7,255.802
2019-07-19,48.50462341308594,49.44076665116611,48.44955723828679,49.27077499857013,83717200,48.29345836639404,46.27914596557617,48.17461972715872,47.121738086847316,-0.0034923859841229365,0.4231398633465401,58.88846837798431,0.6628871063185073,0.7145246750827378,49.239646911621094,48.68659591674805,0.011359409801801279,2.4,3.7,255.802
2019-07-22,49.6131591796875,49.615552090872,48.74884331314436,48.758418611181895,89111600,48.39449481964111,46.31395820617676,48.311623484542416,47.21944087480183,0.009794918909593386,0.44170040013367445,60.396015307761964,0.6974325658100256,0.7111062532281954,48.50462341308594,49.239646911621094,-0.01492747297425645,2.4,3.7,255.802
2019-07-23,50.001014709472656,50.017776044989866,49.62990895028045,49.91003660607573,73420800,48.51731834411621,46.36979156494141,48.47251788691673,47.328522201651666,0.021222472110406176,0.5271368440182989,61.024814810342676,0.7474901895448056,0.7183830404915176,49.6131591796875,48.50462341308594,0.022854228908465224,2.4,3.7,255.802
2019-07-24,49.96031188964844,50.07523371101221,49.60117800125017,49.720889297382925,59966400,48.67413959503174,46.47968650817871,48.61421255384356,47.43172964039663,0.02616153273641042,0.5958193104875281,58.12969170368137,0.7749437702109319,0.7296951864354005,50.001014709472656,49.6131591796875,0.007817593884324792,2.4,3.7,255.802
2019-07-25,49.56526184082031,50.0967802425216,49.495827249145734,50.012980881065666,55638400,48.76057014465332,46.56760238647461,48.704788676412775,47.51539756982501,0.006612860766115114,0.5373153783061054,55.041539698223936,0.7561077537868641,0.7349776999056934,49.96031188964844,50.001014709472656,-0.0008140398762048751,2.4,3.7,255.802
2019-07-26,49.73766326904297,50.21411201058921,49.59400821586636,49.67541104112655,70475600,48.85634002685547,46.64814453125,48.803157685234694,47.602545244304146,0.025421078841411537,0.519222235493539,65.9636771932784,0.74648639896769,0.7372794397180928,49.56526184082031,49.96031188964844,-0.007907277474582308,2.4,3.7,255.802
2019-07-29,50.20212936401367,50.43197666906582,49.90524767605758,49.910037151014635,86693600,48.997120475769044,46.74199806213379,48.93639308321364,47.704489719586874,0.011871249363360592,0.5784371040744138,66.94778602508319,0.7674927593324625,0.7433221036409668,49.73766326904297,49.56526184082031,0.0034782713097798457,2.4,3.7,255.802
2019-07-30,49.98665237426758,50.317056746119604,49.63470084424237,49.98186289912939,135742800,49.083671188354494,46.83671348571777,49.03641777759972,47.79398629428023,-0.00028724087478082527,0.5736573329199488,61.65477884912007,0.7580153301304406,0.7462607489388617,50.20212936401367,49.73766326904297,0.009338317573511556,2.4,3.7,255.802
2019-07-31,51.00660705566406,53.000998454272995,50.59001392309548,51.81585689765166,277125600,49.20709362030029,46.980127868652346,49.22405485170109,47.91997142217764,0.02094252670653196,0.6498804716844152,71.22990858496038,0.8233155487288073,0.761671708896851,49.98665237426758,50.20212936401367,-0.004292188249300666,2.4,3.7,255.802
2019-08-01,49.902854919433594,52.20131353212769,49.4982337605151,51.21249694274107,216071600,49.25521717071533,47.08465980529785,49.28870247719942,47.99773155932493,0.006811082320062445,0.6216434168240713,58.65093404810063,0.7770455718204872,0.7647464814815783,51.00660705566406,49.98665237426758,0.020404540671372207,2.13,3.6,256.036
2019-08-02,48.84701156616211,49.42401739375778,48.27479156133665,49.20853846350378,163448400,49.25270385742188,47.18636680603027,49.24663667614825,48.03103665763227,-0.01790698726763884,0.5440118490315117,48.14935406048857,0.6477121250151612,0.741339610188295,49.902854919433594,51.00660705566406,-0.021639395363544423,2.13,3.6,256.036
2019-08-05,46.28996276855469,47.56129613952905,46.108002914969816,47.403280006312706,209572000,49.17273635864258,47.25187255859375,48.965048684948854,47.96275925021746,-0.07792829995500827,1.2645334982529297,36.75213384233852,0.33502006602788725,0.6600757013562135,48.84701156616211,49.902854919433594,-0.021157974929011725,2.13,3.6,256.036
2019-08-06,47.166255950927734,47.42243990688443,46.45756339111695,47.00105375926209,143299200,49.121978759765625,47.33820831298828,48.793735091232556,47.9315238267159,-0.05642299072605517,1.4555006696091473,42.885937379512825,0.15611924728382576,0.5592844105417359,46.28996276855469,48.84701156616211,-0.052348111289141186,2.13,3.6,256.036
2019-08-07,47.65467834472656,47.77917913440648,46.404895585633525,46.78557668796127,133457600,49.07181968688965,47.43785606384277,48.68525349632722,47.920667141147696,-0.06571557891077728,1.5147866014959133,42.53839362743725,0.05313812159326403,0.45805515275204156,47.166255950927734,46.28996276855469,0.018930522514231107,2.13,3.6,256.036
2019-08-08,48.70574188232422,48.72968560566816,47.73847610399667,47.932407841865114,108038000,49.09193115234375,47.5625951385498,48.68720477118408,47.951454385899716,-0.02398886875394346,1.505771205708757,50.919451949296736,0.055694865187170706,0.3775830952390674,47.65467834472656,47.166255950927734,0.010355335269922383,2.13,3.6,256.036
2019-08-09,48.30438232421875,48.729767784636486,47.89581454791173,48.37888473817284,98478800,49.07341957092285,47.674901733398436,48.65074549052071,47.96529469720634,-0.011108750045197402,1.4905992381855229,43.60304767359822,0.02504602587269744,0.30707568136579344,48.70574188232422,47.65467834472656,0.022055831118918068,2.13,3.6,256.036
2019-08-12,48.18182373046875,48.55914724285479,47.86218129655646,47.975137783246524,89927600,49.02591495513916,47.8002237701416,48.60608627527767,47.97378603184408,0.04086978793595453,1.415460908011872,40.8715419665205,-0.009028776235481928,0.24385478984553838,48.30438232421875,48.70574188232422,-0.00824049778515179,2.13,3.6,256.036
2019-08-13,50.22223663330078,50.98408951762822,48.181814264515985,48.31159574878954,188874000,49.088930702209474,47.97482963562012,48.76000535699416,48.061960565234536,0.06479167406360431,1.4427172329079827,51.094627521826546,0.1271453143756034,0.22051289475155142,48.18182373046875,48.30438232421875,-0.002537214800251153,2.13,3.6,256.036
2019-08-14,48.72737121582031,49.61419794208263,48.68891716975622,48.825908333667165,146189600,49.090969467163085,48.089179611206056,48.75689734354903,48.08805510055162,0.022509707511486177,1.1816287046821201,46.79311154379395,0.11313694392287488,0.19903770458581613,50.22223663330078,48.18182373046875,0.04234818744608315,2.13,3.6,256.036
2019-08-15,48.48463439941406,49.301762666206294,47.98714483073128,48.89800620511257,108909600,49.053218841552734,48.18478828430176,48.7309675393457,48.10360722991878,-0.004539659480895741,1.060101177345335,45.2299200770476,0.08150879432297131,0.17553192253324718,48.72737121582031,50.22223663330078,-0.029765010833652683,2.13,3.6,256.036
2019-08-16,49.62861251831055,49.78723269268097,48.98932781591775,49.09507459883136,110481600,49.10941829681396,48.290443420410156,48.81645753734235,48.16341135887532,0.0274142868695344,1.1345211360664067,47.92411126047858,0.14705754364444346,0.16983704675548644,48.48463439941406,48.72737121582031,-0.004981529073898372,2.13,3.6,256.036
2019-08-19,50.55390167236328,51.125890062869516,50.47699357474702,50.61878875414958,97654400,49.15645542144775,48.390997161865236,48.98192840734435,48.25715607705132,0.0492318006716399,1.079819180302491,51.952856496349476,0.27054977214102394,0.18997959183259397,49.62861251831055,48.48463439941406,0.02359465288471485,2.13,3.6,256.036
2019-08-20,50.556304931640625,51.27489985948379,50.546693252789694,50.68127875978292,107537200,49.184219932556154,48.47996307373047,49.13186902870589,48.347318777231294,0.00665180049186298,1.0546952142041381,48.33295862420365,0.3644114673198402,0.22486596693004327,50.55390167236328,49.62861251831055,0.018644268036132283,2.13,3.6,256.036
2019-08-21,51.1042594909668,51.346993790769034,50.854315515628436,51.18837726179461,86141600,49.24141731262207,48.56920997619629,49.31971573939741,48.45543409933857,0.04877932496335413,1.0921943017119289,54.63854543312248,0.47750847007205266,0.27539446755844516,50.556304931640625,50.55390167236328,4.7538551879222624e-05,2.13,3.6,256.036
2019-08-22,51.061004638671875,51.53686158978541,50.650034771451054,51.23644619968191,89014800,49.31620445251465,48.660560607910156,49.48555277742356,48.557613336175166,0.05313787081560317,1.166055129242545,59.27315977185265,0.5572250114176711,0.3317605763302904,51.1042594909668,50.556304931640625,0.0108385009558567,2.13,3.6,256.036
2019-08-23,48.7009391784668,50.96246709693238,48.30679433653748,50.33279395070405,187272000,49.26436824798584,48.7049015045166,49.41082767276101,48.563233957441504,-0.01869230858512283,1.1198078117397292,60.2676376812489,0.4250635183653415,0.3504211647373006,51.061004638671875,51.1042594909668,-0.0008464040517516258,2.13,3.6,256.036
2019-08-26,49.626216888427734,49.79444876140259,49.282539799826424,49.47480636916046,104174400,49.23557262420654,48.77449966430664,49.43134093139594,48.60491956257822,-0.018350409231473686,0.9839724308826608,60.432720806164795,0.390485487641854,0.35843402931821133,48.7009391784668,51.061004638671875,-0.0462205057833438,2.13,3.6,256.036
2019-08-27,49.06624221801758,50.1213008461803,48.91483169869876,49.955470975912974,103493200,49.18955211639404,48.82739158630371,49.39656962535991,48.623010647105254,-0.029473331083785248,1.0052174279455919,55.950344462058034,0.31427411678426864,0.3496020468114228,49.626216888427734,48.7009391784668,0.018999175900288323,2.13,3.6,256.036
2019-08-28,49.39549255371094,49.441156273048314,48.864360275642376,49.05181915815829,63755200,49.10899639129639,48.865033340454104,49.39646704710762,48.653304055207435,-0.033436878927047164,0.9503308353928521,53.09600078352891,0.27724786591942063,0.3351312106330224,49.06624221801758,49.626216888427734,-0.011283847641844647,2.13,3.6,256.036
2019-08-29,50.231842041015625,50.30634811863267,49.66706345619883,50.10927391421569,83962000,49.12544574737549,48.922179260253905,49.476026570336956,48.715207505631284,-0.016238665955042197,0.8311385710777137,58.3264121243761,0.31179651319298785,0.33046427114501553,49.39549255371094,49.06624221801758,0.006710323041051236,2.13,3.6,256.036
2019-08-30,50.166954040527344,50.57792012503005,49.79684033035191,50.50822538767908,84573600,49.19144287109375,48.970413818359376,49.541829186545556,48.772138742293876,0.03010239405626791,0.822339526342671,58.61848525058015,0.3301350543148942,0.3303984277789913,50.231842041015625,49.39549255371094,0.016931696478079905,2.13,3.6,256.036
2019-09-03,49.43634796142578,49.74397297835489,49.08065722319765,49.611789494397975,80092000,49.348762130737306,49.00729217529297,49.531783355581766,48.79818616265199,-0.0038259802762887762,0.821631527881573,46.15020652724769,0.2824586679229313,0.3208104758077793,50.166954040527344,50.231842041015625,-0.0012917702766165329,2.04,3.5,256.43
2019-09-04,50.275108337402344,50.344803082405896,49.82568816430708,50.082841787242316,76752400,49.504204750061035,49.0619034576416,49.60257621099324,48.856104679308864,0.024637430231835733,0.8025795071622396,58.102666392936484,0.30879613116469784,0.31840760687916303,49.43634796142578,50.166954040527344,-0.014563492902346487,2.04,3.5,256.43
2019-09-05,51.2580680847168,51.42389794369397,50.83267892479877,50.950443061493466,95654800,49.684374237060545,49.15058708190918,49.76024210372882,48.95029932265819,0.03770739868583273,0.8291204040627478,63.47502916344018,0.40432459495852413,0.33559100449503526,50.275108337402344,49.43634796142578,0.01696647124158579,2.04,3.5,256.43
2019-09-06,51.253265380859375,51.53205173117485,51.07301615444194,51.44312995297315,77449200,49.811750411987305,49.218919372558595,49.902434796788874,49.040611717097455,0.020334180438968064,0.8601210463137556,58.876103070361,0.47417802360656225,0.3633084083173407,51.2580680847168,50.275108337402344,0.01955161868011679,2.04,3.5,256.43
2019-09-09,51.47196578979492,52.017521111519436,50.72693789572652,51.63298798303403,109237600,49.970129585266115,49.29191337585449,50.05191393897993,49.13595893563461,0.02601337422665373,0.8625708542898306,55.435388963494255,0.5409489416520827,0.3988365149842891,51.253265380859375,51.2580680847168,-9.369654450264164e-05,2.04,3.5,256.43
2019-09-10,52.08000564575195,52.09923266869462,50.88074988553813,51.39746283359591,127111600,50.165038681030275,49.38578308105469,50.24506553010108,49.25141174779607,0.0534759907100939,1.011614133783253,58.417413550756855,0.635602282571476,0.44618966850172653,51.47196578979492,51.253265380859375,0.004267053178180991,2.04,3.5,256.43
2019-09-11,53.73590087890625,53.76474325009253,52.32755338078154,52.40926915409926,177158400,50.340721893310544,49.49538833618164,50.57752603951109,49.42727406666314,0.0688370976404089,1.3243741769560635,62.95248913380209,0.8346117587847743,0.5238740865583361,52.08000564575195,51.47196578979492,0.011813029609947012,2.04,3.5,256.43
2019-09-12,53.615726470947266,54.41603338856972,53.56045107438245,54.02669627568618,128906800,50.58513965606689,49.596939697265626,50.86687846155262,49.59152710212526,0.045995849518437826,1.447561173275844,62.47941387256223,0.9714330565074647,0.6133858805481619,53.73590087890625,52.08000564575195,0.031795219924085405,2.04,3.5,256.43
2019-09-13,52.57268524169922,53.062961469937115,52.156911432083696,52.8731005859375,159053200,50.78954219818115,49.669585723876956,51.02933625013801,49.7084352644615,0.02574313755495039,1.4354185138365014,71.70572658810627,0.984353199609366,0.6875793443604028,53.615726470947266,53.73590087890625,-0.0022363895643956466,2.04,3.5,256.43
2019-09-16,52.84907150268555,52.90435057226379,52.28669479868519,52.32755084977788,84632400,50.9505651473999,49.74862159729004,51.202644369428256,49.83159746988205,0.02675448065291608,1.3905588842776,69.48561870873283,1.0053060254276076,0.7511246805738439,52.57268524169922,53.615726470947266,-0.019454016533996588,2.04,3.5,256.43
2019-09-17,53.04133605957031,53.07017842826459,52.661610598516674,52.86349251065767,73274800,51.074936866760254,49.85166206359863,51.377757863727496,49.95746957143845,0.018458723302707147,1.1383294279106069,75.15207630438529,1.0256029216984928,0.8060203287987737,52.84907150268555,52.57268524169922,0.005257221686806757,2.04,3.5,256.43
2019-09-18,53.538818359375,53.558045380154766,52.73851149691622,53.12784858296348,101360000,51.224062538146974,49.958810272216795,51.58357314902725,50.09791462194577,-0.003667613575054296,0.9766288250053827,75.67004822286317,1.0695024635282024,0.8587167557446596,53.04133605957031,52.84907150268555,0.0036379930889607337,2.04,3.5,256.43
2019-09-19,53.10382080078125,53.77674823327691,52.962021972267294,53.356166754377384,88242400,51.3240406036377,50.0477294921875,51.72835863967049,50.215793295625595,-0.009547677591264181,0.8763485577495542,68.72460059829426,1.057007969250236,0.8983749984457748,53.538818359375,53.04133605957031,0.00937914345230606,2.04,3.5,256.43
2019-09-20,52.327552795410156,53.48835829201576,52.26506771503566,53.204767926646866,221652400,51.38736801147461,50.12821029663086,51.785424749740926,50.29860739365636,-0.004662733987470524,0.729210145409593,62.89081810178681,0.9732486474444428,0.9133497282455085,53.10382080078125,53.538818359375,-0.008124900248523637,2.04,3.5,256.43
2019-09-23,52.56547927856445,52.83465027251121,52.30832196549194,52.620754678997145,76662000,51.58059501647949,50.206027603149415,51.859715657247925,50.38750433031942,-0.005366077701226657,0.5660582533535071,69.83551392287035,0.9155139848858909,0.913782579573585,52.327552795410156,53.10382080078125,-0.014617931321425193,2.04,3.5,256.43
2019-09-24,52.31553649902344,53.471538013059494,52.19777601182611,53.12065122006928,124763200,51.715060997009275,50.26970001220703,51.903127165988444,50.46311343497449,-0.01368365909432856,0.5299038198137936,63.97767694284081,0.8399086117511487,0.8990077860090977,52.56547927856445,52.327552795410156,0.004546868149644556,2.04,3.5,256.43
2019-09-25,53.120643615722656,53.233600080826086,52.1857511921416,52.5246205874519,87613600,51.917781066894534,50.35287445068359,52.019081113582175,50.56733030480775,-0.0078106830981098385,0.46202754775185206,63.077994466274006,0.8353270938267059,0.8862716475726194,52.31553649902344,52.56547927856445,-0.004754884440727247,2.04,3.5,256.43
2019-09-26,52.84666061401367,53.09901022097145,52.59190900463546,52.87309730935552,75334000,52.090339469909665,50.43607574462891,52.097898208861366,50.65671580712955,-0.004842592922500111,0.38879491636575725,60.78044741673846,0.8003619945321745,0.8690897169645305,53.120643615722656,52.31553649902344,0.015389445862114881,2.04,3.5,256.43
2019-09-27,52.589508056640625,53.103818957729175,52.21939431443392,53.002876179178735,101408000,52.20822277069092,50.5030729675293,52.14471819436415,50.73251158162018,0.005006067496690747,0.3876012361117859,57.521828057096236,0.7433331572371102,0.8439384050190465,52.84666061401367,53.120643615722656,-0.005157750039532449,2.04,3.5,256.43
2019-09-30,53.82721710205078,53.97381992879909,53.062958600700476,53.08939529625113,103909600,52.39123592376709,50.60952484130859,52.30495618557241,50.85387258242138,0.02400316406894909,0.5000912605561244,60.84102624307496,0.7889160358308231,0.8329339311814018,52.589508056640625,52.84666061401367,-0.004866013375022127,2.04,3.5,256.43
2019-10-01,53.976219177246094,54.84862641872618,53.88248974638139,54.091581297678886,139223200,52.61822948455811,50.69678604125976,52.46412408954132,50.976317546924314,0.03174358497219387,0.600923353566552,51.83408834181505,0.8275248266439803,0.8318521102739175,53.82721710205078,52.589508056640625,0.023535284720235472,1.83,3.6,257.155
2019-10-02,52.6231575012207,53.73349145834526,52.37561187967944,53.60851764627017,138449200,52.73563194274902,50.749228897094724,52.47927012874889,51.04089950591633,-0.009365212479366614,0.5827660009467917,43.624565939467246,0.7404068529640142,0.8135630588119368,53.976219177246094,53.82721710205078,0.0027681549078195644,1.83,3.6,257.155
2019-10-03,53.0701789855957,53.10382536010926,51.70268764433087,52.495781281747504,114426000,52.826237487792966,50.81142623901367,52.5355471627343,51.12047909335474,0.004229564725283019,0.581744590480469,53.46043852298724,0.6993741788576031,0.7907252828210701,52.6231575012207,53.976219177246094,-0.025067737174814586,1.83,3.6,257.155
2019-10-04,54.55782699584961,54.67318912519149,53.80799149102436,54.22857296123739,138478800,52.99146556854248,50.911277542114256,52.72814524207861,51.25527705031532,0.0374279777838773,0.7342561064471321,60.17168839945211,0.777928771998404,0.788165980656537,53.0701789855957,52.6231575012207,0.008494767429427341,1.83,3.6,257.155
2019-10-07,54.569847106933594,55.25959957952468,54.27664143090137,54.3799862186076,122306000,53.14635963439942,51.00792121887207,52.903545419683844,51.38526018979055,0.013796552095102,0.825144838952812,59.29827916047462,0.8315679775142897,0.7968463800280876,54.55782699584961,53.0701789855957,0.028031712699851274,1.83,3.6,257.155
2019-10-08,53.93056869506836,54.81018582649594,53.913747340365,54.27184380110814,111820000,53.238887786865234,51.08249000549316,53.001357160196655,51.48507620960536,-0.0008457517564879335,0.7553456491320185,52.34269101845638,0.8131198694646713,0.8001010779154044,54.569847106933594,54.55782699584961,0.00022031872869310298,1.83,3.6,257.155
2019-10-09,54.56263732910156,54.74528854203184,54.22857560601276,54.56263732910156,74770400,53.280224609375,51.17400970458984,53.15005050961617,51.60576488095815,0.03685601396753646,0.8082920728641234,58.52292734762722,0.8398213297536259,0.8080451282830488,53.93056869506836,54.569847106933594,-0.011714865365345828,1.83,3.6,257.155
2019-10-10,55.298057556152344,55.38217532730824,54.627532058419334,54.77893891244817,113013600,53.36434116363525,51.25983871459961,53.35462260928629,51.750560672142235,0.04197985786257341,0.902061953690948,67.43798062496361,0.9098366648472691,0.8284034355958929,54.56263732910156,53.93056869506836,0.011720043925496526,1.83,3.6,257.155
2019-10-11,56.76889419555664,57.11256762430423,55.83159602526527,55.985408550575364,166795600,53.574151611328126,51.39715950012207,53.67979133178823,51.947358065217315,0.04052703931692947,1.1588077113199657,71.55541731710466,1.0716551730942427,0.877053783095563,55.298057556152344,54.56263732910156,0.013478458209690292,1.83,3.6,257.155
2019-10-14,56.68717575073242,57.230329070079826,56.39877773778656,56.45405313736609,96427600,53.766056823730466,51.553962783813475,53.9662088954972,52.13323326857085,0.03880034040868341,1.3596189631790023,72.81166110839291,1.179704610759373,0.9375839486283251,56.76889419555664,55.298057556152344,0.026598341866000297,1.83,3.6,257.155
2019-10-15,56.55500030517578,57.11497135397821,56.44925350323164,56.81215396701269,87360000,53.94174003601074,51.7592635345459,54.212760458323736,52.30663589745732,0.04866315474895799,1.4674998465688107,69.2744403044189,1.240370891213182,0.9981413371452966,56.68717575073242,56.76889419555664,-0.0014394933349012318,1.83,3.6,257.155
2019-10-16,56.32667922973633,56.535770821642835,56.045490882530835,56.086346932926865,73903200,54.08113307952881,51.94247200012207,54.414086055601125,52.464284655585914,0.032330583472252705,1.2970388138620408,69.63132279978102,1.2555525249671504,1.0496235747096674,56.55500030517578,56.68717575073242,-0.0023316639752498647,1.83,3.6,257.155
2019-10-17,56.545372009277344,56.754459895212634,56.122388565552164,56.49970829460661,67585200,54.253210639953615,52.12028587341309,54.617065670236954,52.62432729690715,0.02255620736512154,1.10452575061688,72.41289280690789,1.2705842543392833,1.0938157106355906,56.32667922973633,56.55500030517578,-0.004037150989433469,1.83,3.6,257.155
2019-10-18,56.81695556640625,57.09814389578318,56.307448635792866,56.37954905370019,97433600,54.47768077850342,52.282510147094726,54.82657899368165,52.78874409178946,0.0008466145330230379,1.1032134400833962,69.02147901851808,1.2895464428281471,1.132961857074102,56.545372009277344,56.32667922973633,0.003882578957815852,1.83,3.6,257.155
2019-10-21,57.80230712890625,57.917669247282575,57.03565034507903,57.083716060812975,87247200,54.73952217102051,52.47246864318848,55.109981673226855,52.98535440697051,0.019671669357410604,1.1721414202151335,72.00115469287013,1.368310715800007,1.1800316288192831,56.81695556640625,56.545372009277344,0.004802931654324327,1.83,3.6,257.155
2019-10-22,57.670135498046875,58.208477458025,57.58841973582485,57.95853350048938,82293600,55.00725212097168,52.66223487854004,55.35380584701924,53.169071312502915,0.01971771172935588,0.9721724699115643,83.76217562501755,1.4038837258854713,1.2248020482325208,57.80230712890625,56.81695556640625,0.017342561787710542,1.83,3.6,257.155
2019-10-23,58.444007873535156,58.458430892193235,57.97295861174259,58.1844522125686,75828800,55.273420333862305,52.82667030334473,55.64811080192552,53.3759315697983,0.03759015572643665,0.8818905799296327,84.44250369310528,1.4774890517647776,1.2753394489389722,57.670135498046875,57.80230712890625,-0.002286615144350801,1.83,3.6,257.155
2019-10-24,58.5401496887207,58.83335542623407,58.11476043557747,58.76365699654726,69275200,55.55809478759765,53.02292587280274,55.923543076858394,53.5784499274031,0.035277470260803634,0.825140985220089,81.0650426245587,1.5259889926050718,1.3254693576721923,58.444007873535156,57.670135498046875,0.01341894498434959,1.83,3.6,257.155
2019-10-25,59.261131286621094,59.29717966007289,58.371902625409106,58.4391953673054,73477200,55.89167594909668,53.238455810546874,56.241408620645316,53.801300176784196,0.043018421100689874,1.026910622252612,82.95082476734927,1.6041115353454458,1.381197793206843,58.5401496887207,58.444007873535156,0.001645024334976819,1.83,3.6,257.155
2019-10-28,59.85475540161133,59.90282112444377,59.294780746023385,59.46301260952673,96572800,56.19305286407471,53.44297866821289,56.585536885499224,54.038690577757805,0.03550806835664644,1.2290086724166303,91.87911984786429,1.6943928126444519,1.443836797094365,59.261131286621094,58.5401496887207,0.012316019035381931,1.83,3.6,257.155
2019-10-29,58.4704475402832,60.02299591504851,58.29741164658606,59.835537001961505,142839600,56.417764282226564,53.601309585571286,56.765052185954836,54.212484968445075,0.013877408737204,1.164142121985909,74.96939788790584,1.6353875701642764,1.4821469517083474,59.85475540161133,59.261131286621094,0.010017090495946235,1.83,3.6,257.155
2019-10-30,58.463233947753906,58.95351389312253,57.97055566675113,58.82373239756854,124522000,56.70976810455322,53.75944816589355,56.92678378231665,54.37918100684934,0.00032896570441143247,1.014871806593397,72.29942045780716,1.5699460529177642,1.499706771950231,58.4704475402832,59.85475540161133,-0.02312778411739791,1.83,3.6,257.155
2019-10-31,59.78506088256836,59.88359800446322,57.0212394670206,59.41975843149152,139162000,57.045512199401855,53.933064193725585,57.19900064900729,54.591176296093224,0.02126593800096699,0.9475087402585918,71.70534080901649,1.6062279694999333,1.5210110114601716,58.463233947753906,58.4704475402832,-0.00012337159766606653,1.83,3.6,257.155
2019-11-01,61.48180389404297,61.50823692360431,59.88119007430968,59.972513844449246,151125200,57.39171104431152,54.14148017883301,57.60688667234402,54.8613969862089,0.03747266647140801,1.1480155375804508,77.99616971401156,1.7517020991392158,1.5671492289959807,59.78506088256836,58.463233947753906,0.022609541853187753,1.55,3.6,257.879
2019-11-04,61.885562896728516,61.969680662683295,61.37605963006652,61.84470318148446,103272000,57.75749683380127,54.40517265319824,58.01437964609492,55.13685447289594,0.03392892480289911,1.3853004915913854,80.16870076232709,1.8779238351205194,1.6293041502208885,61.48180389404297,59.78506088256836,0.028380718969366114,1.55,3.6,257.879
2019-11-05,61.796634674072266,62.051386280807854,61.601966131837685,61.7774039861912,79897600,58.15080013275146,54.64858100891113,58.37459441066419,55.39802232392247,0.056886637159694775,1.431345475335485,81.45388642770841,1.9483206779125481,1.6931074557592207,61.885562896728516,61.48180389404297,0.006567130063089621,1.55,3.6,257.879
2019-11-06,61.82307815551758,61.883161230177926,61.37365793055572,61.710121681781736,75864400,58.51382217407227,54.90371772766113,58.70302143398355,55.649985297710515,0.05746935263222386,1.4743246989185275,81.03456397653295,1.9833812663359893,1.7511622178745745,61.796634674072266,61.885562896728516,-0.0014369784889030068,1.55,3.6,257.879
2019-11-07,62.53657913208008,62.75835184206119,62.218386383298345,62.3702514386886,94940400,58.875748252868654,55.16653945922852,59.0681221671356,55.92004780101912,0.04602350836300628,1.5340618420501648,81.97154351058899,2.0451652096261697,1.8099628162248935,61.82307815551758,61.796634674072266,0.0004279113512375421,1.55,3.6,257.879
2019-11-08,62.70774841308594,62.78006162131691,61.914679233049654,62.35821740841793,69986400,59.17269096374512,55.41605758666992,59.41475323817849,56.186232138747236,0.01993995688798833,1.6015470243433438,80.16622798992216,2.0839192365049684,1.8647541002809085,62.53657913208008,61.82307815551758,0.011541013450796944,1.55,3.6,257.879
2019-11-11,63.20432662963867,63.26940852518434,62.259392237784176,62.26421066680897,81821200,59.49854850769043,55.67680503845215,59.775664989746126,56.461451530546896,0.021309715403426743,1.7097983963853616,82.57287925073767,2.1301467878130254,1.9178326377873318,62.70774841308594,62.53657913208008,0.002737106560375624,1.55,3.6,257.879
2019-11-12,63.1464729309082,63.34655177273775,62.89578218997625,63.04763995642553,87388800,59.82812213897705,55.9510075378418,60.096694317475844,56.72360923252185,0.021843232466545404,1.5025166668291183,80.22510380107855,2.137474667852942,1.961761043800454,63.20432662963867,62.70774841308594,0.007918929145430909,1.55,3.6,257.879
2019-11-13,63.75151443481445,63.82624054265363,62.93193278483699,62.94639542787812,102734400,60.19936389923096,56.22053565979004,60.44477242388904,56.99921335810195,0.031192822111604457,1.1270780322768108,81.43932594509357,2.1671226178499197,2.002833358610347,63.1464729309082,63.20432662963867,-0.0009153439616480519,1.55,3.6,257.879
2019-11-14,63.31037902832031,63.85033723289111,63.18020790529742,63.5779452383564,89182800,60.537614250183104,56.46158187866211,60.71768733859678,57.246710051051686,0.01237355651651395,0.7822488210058762,75.2821202677868,2.130464225815537,2.028359532051385,63.75151443481445,63.1464729309082,0.009581556590947837,1.55,3.6,257.879
2019-11-15,64.06246948242188,64.06728791082074,63.39957143680535,63.56107338652864,100206400,60.89988994598389,56.717765960693356,61.03623801896108,57.513994734634835,0.02160372686979195,0.8105815202229628,75.76175143858227,2.1374602884996605,2.05017968334104,63.31037902832031,63.75151443481445,-0.006919606701189851,1.55,3.6,257.879
2019-11-18,64.3854751586914,64.4650196804653,63.69365188987565,64.07210078681992,86703200,61.229048347473146,56.97603614807129,61.35521298464968,57.78346455518607,0.01868777965113,0.8726449446549661,91.62411434713351,2.1443498469602957,2.0690137160648914,64.06246948242188,63.31037902832031,0.01187941796660441,1.55,3.6,257.879
2019-11-19,64.19022369384766,64.60242366565966,63.97327672744023,64.5783168124191,76167200,61.555052757263184,57.2182405090332,61.625214004573294,58.034710011604176,0.01652904294562063,0.8098205569006919,89.26184501088444,2.109734998450911,2.0771579725420954,64.3854751586914,64.06246948242188,0.005042042226582666,1.55,3.6,257.879
2019-11-20,63.442962646484375,64.13960443972219,62.77042035286797,64.0094406588,106234400,61.80500049591065,57.41238174438477,61.79833292285054,58.24679835022693,-0.004839913076034819,0.6183046553587148,77.22154815552072,1.998961970929379,2.0615187722195523,64.19022369384766,64.3854751586914,-0.003032539006080359,1.55,3.6,257.879
2019-11-21,63.15852737426758,63.64063511840121,62.95844854087911,63.56349611380853,121395200,62.03591938018799,57.60323776245117,61.92787525155692,58.439415174699114,-0.002398527009051854,0.5398578909647548,65.79890802304726,1.8667037997777953,2.022555777731201,63.442962646484375,64.19022369384766,-0.011641352909553815,1.55,3.6,257.879
2019-11-22,63.10308074951172,63.440554690647915,62.876489526953094,63.298333792468384,65325200,62.22801685333252,57.81384567260742,62.03979958469547,58.6223040207702,-0.014975831257541539,0.4840569998906877,62.27796640423098,1.7373866551653663,1.965521953218034,63.15852737426758,63.442962646484375,-0.00448332266262097,1.55,3.6,257.879
2019-11-25,64.20951080322266,64.22638633771652,63.281452038993585,63.327252857545794,84020400,62.44575462341309,58.04105445861816,62.246438748364724,58.84141016910167,-0.00273298216771789,0.502424592895535,70.18925884100585,1.7045327523586096,1.9133241130461491,63.10308074951172,63.15852737426758,-0.0008778960982939177,1.55,3.6,257.879
2019-11-26,63.7081184387207,64.39994174998013,63.27663002561703,64.3469096134178,105207600,62.70763816833496,58.25439010620117,62.38564633792244,59.032261473792616,-0.007510571351586726,0.4667729789346098,64.61137420578788,1.6193705287479219,1.854533396186504,64.20951080322266,63.10308074951172,0.017533693134617723,1.55,3.6,257.879
2019-11-27,64.56385040283203,64.59760146667433,63.95398456897874,64.01906644818817,65235600,63.012668991088866,58.47489074707031,62.59309434410431,59.24918652983337,0.017667645229518136,0.5360483976731035,65.37483458882846,1.6024571423866405,1.8041181454265312,63.7081184387207,64.20951080322266,-0.0078086931083858335,1.55,3.6,257.879
2019-11-29,64.42164611816406,64.60243651886985,64.09622192561758,64.26496257549509,46617600,63.24449825286865,58.70124725341797,62.76724213211,59.45202808231693,0.01999917978472543,0.5353544922521656,63.055566533153254,1.5596003623592836,1.7552145888130815,64.56385040283203,63.7081184387207,0.013432070905287086,1.55,3.6,257.879
2019-12-02,63.676788330078125,64.66269773145665,63.505642149829725,64.42646230113999,94487200,63.35424747467041,58.928231964111326,62.85386557953553,59.617704954778155,0.009091593845374168,0.5382024714268429,53.46779328252773,1.4488310346573883,1.6939378779819427,64.42164611816406,64.56385040283203,-0.002202537236870472,1.55,3.6,258.63
2019-12-03,62.541404724121094,62.560685789271204,61.7796739140875,62.26659989018467,114430400,63.38703956604004,59.12775047302246,62.8241074028294,59.732359847693566,-0.02597911210091075,0.6519565684437783,46.16543912690519,1.2549631422828895,1.6061429308421322,63.676788330078125,64.42164611816406,-0.011562228427378196,1.55,3.6,258.63
2019-12-04,63.093441009521484,63.47189737152567,62.83792448194202,62.931939027415204,67181600,63.4518798828125,59.34330856323242,62.84975822251437,59.86416695207897,-0.009648337515892336,0.6528792785349187,45.80131565753184,1.1328078517389883,1.5114759150215036,62.541404724121094,63.676788330078125,-0.017830415693574242,1.55,3.6,258.63
2019-12-05,64.01909637451172,64.09382985704336,63.332098592577985,63.587615157422356,74424400,63.56168079376221,59.561277618408205,62.96112376079983,60.02710536080182,-0.008437446418102956,0.6636050931859839,54.25851354300184,1.0980341022039397,1.428787552457991,63.093441009521484,62.541404724121094,0.008826733071243043,1.55,3.6,258.63
2019-12-06,65.25568389892578,65.32559157331079,64.43368941001637,64.4770846926847,106075600,63.69763603210449,59.809458084106446,63.179653297764204,60.232147656414526,0.012946545625858397,0.8070602878457581,56.775254770061466,1.15692166104337,1.374414374175067,64.01909637451172,63.093441009521484,0.014671182141588135,1.55,3.6,258.63
2019-12-09,64.34209442138672,65.27737714430648,63.85757384735053,65.08453701422351,128042400,63.779353332519534,60.04450981140137,63.29036197620445,60.393322039354615,0.01044817285475963,0.7724361274612666,49.76915962899901,1.1169954122273396,1.3229305817855217,65.25568389892578,64.01909637451172,0.019315916569331515,1.55,3.6,258.63
2019-12-10,64.7181396484375,65.10141438333517,64.08657238840084,64.74706493312719,90420400,63.855043983459474,60.2623282623291,63.42634080213141,60.56292272990688,0.034804701524026926,0.8050538073543015,52.756149206076074,1.1029827805581291,1.2789410215400432,64.34209442138672,65.25568389892578,-0.01400015175619207,1.55,3.6,258.63
2019-12-11,65.27014923095703,65.34970112214458,64.72295963208492,64.79768573812183,78756800,63.96122779846191,60.48820686340332,63.601941604876714,60.74751984759512,0.03449975443734399,0.8825968330170966,59.73792624494589,1.1234695710973952,1.2478467314515136,64.7181396484375,64.34209442138672,0.005844466681298899,1.55,3.6,258.63
2019-12-12,65.43647003173828,65.70163071358168,64.4385110100101,64.54939371100679,137310400,64.0454755783081,60.74447311401367,63.77665859791115,60.93140024697328,0.022139857284690923,0.9631067239749026,62.295005684763886,1.1399851595184316,1.2262744170648974,65.27014923095703,64.7181396484375,0.008529441444364183,1.55,3.6,258.63
2019-12-13,66.3259506225586,66.36210722075081,65.30870330727501,65.43646152513958,133587600,64.19625415802003,61.00958854675293,64.01944831454423,61.14295124209427,0.016401126456517368,1.1624178908094058,65.95839607594544,1.2108891558736445,1.223197364826647,65.43647003173828,65.27014923095703,0.002548190907189829,1.55,3.6,258.63
2019-12-16,67.46131134033203,67.68549695987365,66.76708259212,66.77190101970982,128186000,64.36619625091552,61.26765823364258,64.34724479319068,61.39073006947614,0.048478635129858505,1.4553794956067414,66.05564893495998,1.343211499098274,1.2472001916809725,66.3259506225586,65.43647003173828,0.0135930405535154,1.55,3.6,258.63
2019-12-17,67.59388732910156,67.92171691942357,67.20578694097172,67.39140304865965,114158400,64.52661685943603,61.52813903808594,64.65644884422981,61.63399113848106,0.044434955891589745,1.4432352566143427,69.91101108344583,1.442151459428544,1.2861904452304869,67.46131134033203,66.3259506225586,0.017117895893184354,1.55,3.6,258.63
2019-12-18,67.4323959350586,67.95307308973534,67.28294373773436,67.44685857632358,116028400,64.68872547149658,61.79817558288574,64.92082475764208,61.861379561876255,0.03312765068837975,1.3372415414252208,65.82453972444074,1.4903512435308528,1.3270226048905602,67.59388732910156,67.46131134033203,0.00196521511567882,1.55,3.6,258.63
2019-12-19,67.49990844726562,67.77953184581898,67.24198637269039,67.3745630712442,98369200,64.89157276153564,62.05692100524902,65.16645177570147,62.08249834169545,0.03153346160828252,1.2780723006646086,67.12256215869373,1.5165161608978224,1.3649213160920128,67.4323959350586,67.59388732910156,-0.0023891419834563,1.55,3.6,258.63
2019-12-20,67.36007690429688,68.13385757058333,67.14794837558046,68.03261909048223,275978000,65.10165023803711,62.29816139221192,65.37536845461533,62.28946220689551,0.015591578741527501,1.290645187633251,71.96648988253622,1.5085788515793013,1.3936528231894707,67.49990844726562,67.4323959350586,0.0010011880976623644,1.55,3.6,258.63
2019-12-23,68.45928192138672,68.51954537378231,67.58425541558223,67.62282490788083,98572000,65.36946029663086,62.531969146728514,65.66907449906974,62.531415921189286,0.014793228314523565,1.2366279080480904,85.44614540967875,1.57285425046706,1.4294931086449887,67.36007690429688,67.49990844726562,-0.002071581224113661,1.55,3.6,258.63
2019-12-24,68.52436065673828,68.67382019117778,68.19894391383995,68.6256064889227,48478800,65.58520278930663,62.768712844848636,65.94100651408579,62.76643336179905,0.01376564308406203,1.1200485485157277,84.54456294552148,1.6104796700742128,1.4656904209308337,68.45928192138672,67.36007690429688,0.016318345637454712,1.55,3.6,258.63
2019-12-26,69.88391876220703,69.9007942963268,68.62803033131719,68.65695561473434,93121200,65.89399280548096,63.03529121398926,66.31652196628781,63.04555043632486,0.036355268015530795,1.212346246473457,85.35305501491911,1.730060008150545,1.5185643383747762,68.52436065673828,68.45928192138672,0.0009506196022666114,1.55,3.6,258.63
2019-12-27,69.85737609863281,70.86257350590702,69.45240755088105,70.1755688245993,146266000,66.15866909027099,63.305905151367185,66.65374616936828,63.31268085445459,0.03492549405765444,1.1405814294860463,82.476714771703,1.8019151601685337,1.575234502733528,69.88391876220703,68.52436065673828,0.019840507703227317,1.55,3.6,258.63
2019-12-30,70.27201080322266,70.55404702486167,68.75337459667797,69.7754404953618,144114400,66.45118732452393,63.580437927246095,66.99834280116393,63.58559575440628,0.04322937313541031,1.164107235276837,95.02151312451198,1.870753558723493,1.6343383139315213,69.85737609863281,69.88391876220703,-0.0003798107496595371,1.55,3.6,258.63
2019-12-31,70.78546142578125,70.79269274701018,69.78990785044671,69.88874081149524,100805600,66.80662097930909,63.85980804443359,67.35902076541319,63.86794342779353,0.03397902284551768,1.3195769795292176,95.12326317175138,1.9443266721119699,1.6963359855676112,70.27201080322266,69.85737609863281,0.005935446301395864,1.55,3.6,258.63
